{
  "type": "FeatureCollection",
  "features": [
    {
      "type": "Feature",
      "properties": {},
      "geometry": {
        "type": "Polygon",
        "coordinates": [
          [
            [
              29.912568173941384,
              41.14276021662506
            ],
            [
              29.919942822109668,
              41.09161223106401
            ],
            [
              29.883487321446786,
              41.05500873077745
            ],
            [
              29.849324322047853,
              41.013746730887405
            ],
            [
              29.797077539377543,
              41.01326930297938
            ],
            [
              29.74928499986466,
              41.03078899857091
            ],
            [
              29.709057998837565,
              41.00047099802122
            ],
            [
              29.670016547330622,
              40.96741814151915
            ],
            [
              29.619212998787688,
              40.97569849911141
            ],
            [
              29.588081500509706,
              41.016369499070514
            ],
            [
              29.534881774050266,
              41.033214473285845
            ],
            [
              29.50454199901147,
              40.992312499800214
            ],
            [
              29.46974549960798,
              40.95355149898206
            ],
            [
              29.449053499887725,
              40.90576849887979
            ],
            [
              29.39884084809821,
              40.87870593492233
            ],
            [
              29.37083800011385,
              40.83703799974893
            ],
            [
              29.334328148184913,
              40.789826907542945
            ],
            [
              29.28496235251484,
              40.81527620473947
            ],
            [
              29.259721318824873,
              40.8639408530506
            ],
            [
              29.207136975351787,
              40.88193993751509
            ],
            [
              29.153784990997877,
              40.90142670578529
            ],
            [
              29.11528101661685,
              40.93450798793971
            ],
            [
              29.06868564841508,
              40.95915990742457
            ],
            [
              29.023133502129692,
              40.98023929094061
            ],
            [
              29.00011980553898,
              41.03874786278642
            ],
            [
              29.04351420496544,
              41.070755802760395
            ],
            [
              29.069315210379177,
              41.119804404065825
            ],
            [
              29.068492229147594,
              41.17266652643893
            ],
            [
              29.10696300942276,
              41.20914385525784
            ],
            [
              29.157787918887795,
              41.219411745041356
            ],
            [
              29.259209489320476,
              41.23062071159217
            ],
            [
              29.327611099291918,
              41.21551318784342
            ],
            [
              29.37997173448191,
              41.21308464716395
            ],
            [
              29.446990735863736,
              41.198244655340886
            ],
            [
              29.497664106359558,
              41.18647768734821
            ],
            [
              29.550984014340898,
              41.176071025974856
            ],
            [
              29.605918581490208,
              41.1760598455286
            ],
            [
              29.655646477727267,
              41.166165299950904
            ],
            [
              29.709774948227277,
              41.15920811043456
            ],
            [
              29.763673454541557,
              41.16065921057479
            ],
            [
              29.81458070567037,
              41.147054673427164
            ],
            [
              29.912568173941384,
              41.14276021662506
            ]
          ]
        ]
      }
    },
    {
      "type": "Feature",
      "properties": {},
      "geometry": {
        "type": "Polygon",
        "coordinates": [
          [
            [
              29.334328148184913,
              40.789826907542945
            ],
            [
              29.37083800011385,
              40.83703799974893
            ],
            [
              29.39884084809821,
              40.87870593492233
            ],
            [
              29.449053499887725,
              40.90576849887979
            ],
            [
              29.46974549960798,
              40.95355149898206
            ],
            [
              29.50454199901147,
              40.992312499800214
            ],
            [
              29.534881774050266,
              41.033214473285845
            ],
            [
              29.588081500509706,
              41.016369499070514
            ],
            [
              29.619212998787688,
              40.97569849911141
            ],
            [
              29.670016547330622,
              40.96741814151915
            ],
            [
              29.709057998837565,
              41.00047099802122
            ],
            [
              29.74928499986466,
              41.03078899857091
            ],
            [
              29.797077539377543,
              41.01326930297938
            ],
            [
              29.849324322047853,
              41.013746730887405
            ],
            [
              29.883487321446786,
              41.05500873077745
            ],
            [
              29.919942822109668,
              41.09161223106401
            ],
            [
              29.912568173941384,
              41.14276021662506
            ],
            [
              29.965682650917017,
              41.13936016564905
            ],
            [
              30.01672246269214,
              41.13864288535912
            ],
            [
              30.074312688588908,
              41.13497867199728
            ],
            [
              30.13107673005804,
              41.14259081354995
            ],
            [
              30.182354669529303,
              41.14603297507152
            ],
            [
              30.23073558286828,
              41.17225235787467
            ],
            [
              30.27173698623105,
              41.20866083682924
            ],
            [
              30.328610901436818,
              41.19731985442853
            ],
            [
              30.32511443125273,
              41.14719501489187
            ],
            [
              30.293199999968735,
              41.10576129380231
            ],
            [
              30.245938500249558,
              41.085570794400915
            ],
            [
              30.257810498837287,
              41.03641879413871
            ],
            [
              30.23784749923625,
              40.988930294169826
            ],
            [
              30.281025499766205,
              40.95820499942835
            ],
            [
              30.258945001501516,
              40.90844799871199
            ],
            [
              30.244577501012426,
              40.85884199835502
            ],
            [
              30.21304449957332,
              40.819595998685394
            ],
            [
              30.243518499837826,
              40.77551049894565
            ],
            [
              30.248509499157826,
              40.72310649915898
            ],
            [
              30.189589498822226,
              40.71585199840441
            ],
            [
              30.15639499961452,
              40.6781819987664
            ],
            [
              30.132215261698427,
              40.62563936862637
            ],
            [
              30.082139994697233,
              40.576201985412254
            ],
            [
              30.025198469566497,
              40.55314705162913
            ],
            [
              29.987388923602293,
              40.51369221726761
            ],
            [
              29.915638999421393,
              40.555550499293176
            ],
            [
              29.875621000541287,
              40.58626949882357
            ],
            [
              29.82264699959463,
              40.59504599826029
            ],
            [
              29.765285000078027,
              40.60204649974087
            ],
            [
              29.709802999473478,
              40.61636099794556
            ],
            [
              29.674382500938027,
              40.580313498813894
            ],
            [
              29.630942999991728,
              40.55035249908292
            ],
            [
              29.580711499930608,
              40.539302999670035
            ],
            [
              29.525935000324502,
              40.5339744985047
            ],
            [
              29.479132000777565,
              40.556093999013925
            ],
            [
              29.495686500354985,
              40.60505049820253
            ],
            [
              29.519117500944294,
              40.65269599923617
            ],
            [
              29.545125456037923,
              40.69852517719656
            ],
            [
              29.600221724747122,
              40.69118822188105
            ],
            [
              29.650307177475906,
              40.6985275514242
            ],
            [
              29.70392186265554,
              40.7071079507122
            ],
            [
              29.75285578573071,
              40.71799028573149
            ],
            [
              29.744021736230362,
              40.767549310108585
            ],
            [
              29.693747109258336,
              40.77754950998933
            ],
            [
              29.637328124683478,
              40.77579410837256
            ],
            [
              29.5786294584098,
              40.76866836020494
            ],
            [
              29.514327070607397,
              40.739499221055716
            ],
            [
              29.471855549130996,
              40.712627421927984
            ],
            [
              29.480438511813382,
              40.777441663642065
            ],
            [
              29.426540229842846,
              40.768334483566015
            ],
            [
              29.375787806075305,
              40.757021438797686
            ],
            [
              29.334328148184913,
              40.789826907542945
            ]
          ]
        ]
      }
    },
    {
      "type": "Feature",
      "properties": {},
      "geometry": {
        "type": "Polygon",
        "coordinates": [
          [
            [
              27.529965999742963,
              37.54799799964423
            ],
            [
              27.47985699998513,
              37.537547997941736
            ],
            [
              27.469862499496347,
              37.4791059989007
            ],
            [
              27.464412000262282,
              37.42608899959736
            ],
            [
              27.414364971130684,
              37.41621561739573
            ],
            [
              27.40586249921546,
              37.36109749851827
            ],
            [
              27.36783448858094,
              37.397425135093634
            ],
            [
              27.333203857953542,
              37.325836907754926
            ],
            [
              27.290048451855696,
              37.35366046794587
            ],
            [
              27.23717714034689,
              37.339320124684974
            ],
            [
              27.209144364762714,
              37.38182192106067
            ],
            [
              27.22052628051354,
              37.4396931333301
            ],
            [
              27.182049435670276,
              37.475429128672175
            ],
            [
              27.18096564878485,
              37.52606277526581
            ],
            [
              27.16347998950746,
              37.57651641486628
            ],
            [
              27.131940401605615,
              37.61661493527299
            ],
            [
              27.073123560585177,
              37.641888766509645
            ],
            [
              27.107614082300497,
              37.682580283234714
            ],
            [
              27.156216647921244,
              37.697529003024165
            ],
            [
              27.207458998857973,
              37.70888120510981
            ],
            [
              27.249957042602635,
              37.74148050611836
            ],
            [
              27.267227783098683,
              37.78935281554052
            ],
            [
              27.240117050046848,
              37.8320922457445
            ],
            [
              27.3105214991723,
              37.887295999800955
            ],
            [
              27.363647961077685,
              37.88108423149658
            ],
            [
              27.379584000642012,
              37.831993999230306
            ],
            [
              27.428568500782276,
              37.844802499797204
            ],
            [
              27.426318001301933,
              37.8955179986408
            ],
            [
              27.457647499883308,
              37.934635998600704
            ],
            [
              27.485514501240246,
              37.9780814991755
            ],
            [
              27.53458550071873,
              37.9978134981771
            ],
            [
              27.584262000488607,
              38.007246998967965
            ],
            [
              27.6336790002594,
              37.996515499680534
            ],
            [
              27.683961500944672,
              37.98370699923651
            ],
            [
              27.736234500695527,
              37.978513999531245
            ],
            [
              27.78738200097134,
              37.96717649854406
            ],
            [
              27.838443500257153,
              37.97635049927866
            ],
            [
              27.87929249998945,
              38.0058619987123
            ],
            [
              27.93069999993284,
              38.002400499151925
            ],
            [
              27.981414998890457,
              37.98552399906747
            ],
            [
              28.033169000707908,
              38.00162149919853
            ],
            [
              28.081460499636393,
              38.023776998388364
            ],
            [
              28.131916000004832,
              38.027498499327486
            ],
            [
              28.18349699873013,
              38.033469998566275
            ],
            [
              28.234817499287235,
              38.03225849901399
            ],
            [
              28.28579249943185,
              38.04420149922895
            ],
            [
              28.307601500879617,
              38.08963749915243
            ],
            [
              28.346200500506146,
              38.12235099949753
            ],
            [
              28.395271500026475,
              38.10833099951333
            ],
            [
              28.443563501353,
              38.091021998554346
            ],
            [
              28.484066000794908,
              38.121312499020156
            ],
            [
              28.532790500345744,
              38.10132099842939
            ],
            [
              28.629591000004375,
              38.085662499123615
            ],
            [
              28.6780529993734,
              38.10730049970699
            ],
            [
              28.703443499534767,
              38.06374749877543
            ],
            [
              28.733920499900716,
              38.02282499912742
            ],
            [
              28.77407700028226,
              37.983273999194054
            ],
            [
              28.747161498710888,
              37.93783799961716
            ],
            [
              28.741276499318392,
              37.887122998866545
            ],
            [
              28.7388535006068,
              37.836147998954765
            ],
            [
              28.77606749980997,
              37.80075149905784
            ],
            [
              28.81830150025179,
              37.772451498933286
            ],
            [
              28.83119649994811,
              37.711350999061345
            ],
            [
              28.794501499177684,
              37.6722329988867
            ],
            [
              28.75555650020637,
              37.63995149816318
            ],
            [
              28.747940500641683,
              37.58958249894046
            ],
            [
              28.701639000911115,
              37.56604249868112
            ],
            [
              28.655770500427842,
              37.545531499169144
            ],
            [
              28.606007499136094,
              37.53713649859483
            ],
            [
              28.617604499921974,
              37.47889199867029
            ],
            [
              28.5646390011571,
              37.47482449917522
            ],
            [
              28.51089500101906,
              37.48096899941936
            ],
            [
              28.460180000443668,
              37.4948164991906
            ],
            [
              28.40929150050753,
              37.50009549898279
            ],
            [
              28.35745150069301,
              37.51627949810575
            ],
            [
              28.301889999313776,
              37.51601999816996
            ],
            [
              28.267617999385134,
              37.55505149948042
            ],
            [
              28.23351950029997,
              37.515067999227576
            ],
            [
              28.1897279999395,
              37.49031599895933
            ],
            [
              28.146715500258267,
              37.462361998288635
            ],
            [
              28.095048000554737,
              37.460544499111755
            ],
            [
              28.043900499816495,
              37.474045498873785
            ],
            [
              27.992233000155498,
              37.46712199898945
            ],
            [
              27.941258499701014,
              37.4671219997302
            ],
            [
              27.89521699928244,
              37.491873999474436
            ],
            [
              27.846924999861095,
              37.475603499328734
            ],
            [
              27.797074999461522,
              37.46893949911115
            ],
            [
              27.766870999190495,
              37.509095998509125
            ],
            [
              27.71693500035519,
              37.52666499875386
            ],
            [
              27.663277500172004,
              37.52553949832498
            ],
            [
              27.612562000454314,
              37.541809999804414
            ],
            [
              27.529965999742963,
              37.54799799964423
            ]
          ]
        ]
      }
    },
    {
      "type": "Feature",
      "properties": {},
      "geometry": {
        "type": "Polygon",
        "coordinates": [
          [
            [
              27.464412000262282,
              37.42608899959736
            ],
            [
              27.469862499496347,
              37.4791059989007
            ],
            [
              27.47985699998513,
              37.537547997941736
            ],
            [
              27.529965999742963,
              37.54799799964423
            ],
            [
              27.612562000454314,
              37.541809999804414
            ],
            [
              27.663277500172004,
              37.52553949832498
            ],
            [
              27.71693500035519,
              37.52666499875386
            ],
            [
              27.766870999190495,
              37.509095998509125
            ],
            [
              27.797074999461522,
              37.46893949911115
            ],
            [
              27.846924999861095,
              37.475603499328734
            ],
            [
              27.89521699928244,
              37.491873999474436
            ],
            [
              27.941258499701014,
              37.4671219997302
            ],
            [
              27.992233000155498,
              37.46712199898945
            ],
            [
              28.043900499816495,
              37.474045498873785
            ],
            [
              28.095048000554737,
              37.460544499111755
            ],
            [
              28.146715500258267,
              37.462361998288635
            ],
            [
              28.1897279999395,
              37.49031599895933
            ],
            [
              28.23351950029997,
              37.515067999227576
            ],
            [
              28.267617999385134,
              37.55505149948042
            ],
            [
              28.301889999313776,
              37.51601999816996
            ],
            [
              28.35745150069301,
              37.51627949810575
            ],
            [
              28.40929150050753,
              37.50009549898279
            ],
            [
              28.460180000443668,
              37.4948164991906
            ],
            [
              28.51089500101906,
              37.48096899941936
            ],
            [
              28.5646390011571,
              37.47482449917522
            ],
            [
              28.617604499921974,
              37.47889199867029
            ],
            [
              28.626684166893916,
              37.398827157823256
            ],
            [
              28.669741400973276,
              37.3704044440806
            ],
            [
              28.710176000896528,
              37.338162999105215
            ],
            [
              28.72957199974097,
              37.28870149846249
            ],
            [
              28.7637360010353,
              37.25174649900671
            ],
            [
              28.784085998783492,
              37.20525249932223
            ],
            [
              28.82139400060321,
              37.17091199864809
            ],
            [
              28.86025699914604,
              37.13720699927365
            ],
            [
              28.910672498825225,
              37.138514498992876
            ],
            [
              28.960357500642022,
              37.125332999356985
            ],
            [
              28.997308000765504,
              37.09054149924548
            ],
            [
              29.036039000318763,
              37.05801749898379
            ],
            [
              29.083937999558874,
              37.04341900012282
            ],
            [
              29.0975984992576,
              36.99505099901177
            ],
            [
              29.080127500933866,
              36.94709349906265
            ],
            [
              29.093436000997947,
              36.89567649829411
            ],
            [
              29.131016499367686,
              36.86184849899993
            ],
            [
              29.18255049929858,
              36.86653849976334
            ],
            [
              29.231387498564644,
              36.855633499518945
            ],
            [
              29.282218001225033,
              36.868179998369364
            ],
            [
              29.327962500209043,
              36.88889349869339
            ],
            [
              29.38411364023097,
              36.88073149031648
            ],
            [
              29.417707000606672,
              36.84238399917569
            ],
            [
              29.46760446708513,
              36.8467821276263
            ],
            [
              29.5040075008213,
              36.88236799896446
            ],
            [
              29.532442000713914,
              36.92481449939717
            ],
            [
              29.567501500436467,
              36.960929499392414
            ],
            [
              29.606841000095155,
              36.99610649942467
            ],
            [
              29.656798001117906,
              36.99024374981068
            ],
            [
              29.71038999906262,
              36.979983498335365
            ],
            [
              29.75547499945393,
              36.9543044992233
            ],
            [
              29.795927999530427,
              36.91953799808854
            ],
            [
              29.81160300016596,
              36.86991949896487
            ],
            [
              29.782930000006544,
              36.8287039982968
            ],
            [
              29.759948000097754,
              36.780081999442544
            ],
            [
              29.746111501127206,
              36.729348998961
            ],
            [
              29.74447000034555,
              36.677521998787924
            ],
            [
              29.719299000126878,
              36.633355499055675
            ],
            [
              29.668254000778152,
              36.62139549918543
            ],
            [
              29.62260199900107,
              36.592237999571026
            ],
            [
              29.58570549941881,
              36.55065099864259
            ],
            [
              29.54341550058922,
              36.5235259989837
            ],
            [
              29.505659000154466,
              36.48647299894094
            ],
            [
              29.454462999835012,
              36.47326249954168
            ],
            [
              29.404271500300496,
              36.47349649856567
            ],
            [
              29.35674400007025,
              36.45575199860789
            ],
            [
              29.324693999515315,
              36.41494699935048
            ],
            [
              29.318830999951405,
              36.364604999376695
            ],
            [
              29.307429499258852,
              36.31551299978506
            ],
            [
              29.26198028988339,
              36.293031021818024
            ],
            [
              29.22043140265881,
              36.3282491884461
            ],
            [
              29.16964698846915,
              36.342298013643635
            ],
            [
              29.132498014878628,
              36.37689252116543
            ],
            [
              29.133877939738532,
              36.42836220608503
            ],
            [
              29.104147001384828,
              36.470358662580196
            ],
            [
              29.12590150013505,
              36.52406409086416
            ],
            [
              29.089211967102848,
              36.563960379930286
            ],
            [
              29.042873524898393,
              36.53896230154071
            ],
            [
              29.02529014377732,
              36.58825925848982
            ],
            [
              29.070924146540992,
              36.61485176742643
            ],
            [
              29.12086803953789,
              36.63484421030217
            ],
            [
              29.091712613007214,
              36.67879136444842
            ],
            [
              29.042315351037164,
              36.690939382231996
            ],
            [
              28.995650631112063,
              36.71303997750057
            ],
            [
              28.94138253313401,
              36.71986346250629
            ],
            [
              28.912769148847016,
              36.659209820899385
            ],
            [
              28.880061902034853,
              36.70089542724094
            ],
            [
              28.85237984278086,
              36.6590149116066
            ],
            [
              28.799255282198068,
              36.65205735965822
            ],
            [
              28.769989679417993,
              36.693011664091344
            ],
            [
              28.721090842769726,
              36.705736295780405
            ],
            [
              28.670654156745076,
              36.69382739582749
            ],
            [
              28.618896124839967,
              36.70449279409583
            ],
            [
              28.632128694535616,
              36.75615909261097
            ],
            [
              28.60491478470689,
              36.80178546804286
            ],
            [
              28.561039674491763,
              36.829897830644875
            ],
            [
              28.533456157625434,
              36.78562178564724
            ],
            [
              28.49456381984777,
              36.818256775581624
            ],
            [
              28.451741843573917,
              36.84581494393474
            ],
            [
              28.403867537407358,
              36.86693089123274
            ],
            [
              28.437700145802868,
              36.77261891634516
            ],
            [
              28.385609937695566,
              36.789329206135555
            ],
            [
              28.335232623940435,
              36.80782246290899
            ],
            [
              28.27735789045993,
              36.85234913353115
            ],
            [
              28.258049499033014,
              36.805689563930635
            ],
            [
              28.265748210346146,
              36.75079551836778
            ],
            [
              28.228817051281453,
              36.70764247355611
            ],
            [
              28.179659906754292,
              36.68112928728328
            ],
            [
              28.143370568728432,
              36.64456940034872
            ],
            [
              28.115017182553583,
              36.603019600075676
            ],
            [
              28.061292104671704,
              36.63715501448933
            ],
            [
              28.022428489057155,
              36.66946701259151
            ],
            [
              28.058515749739684,
              36.726446182827
            ],
            [
              28.10825083203413,
              36.717116839200486
            ],
            [
              28.067608297585913,
              36.74713711987663
            ],
            [
              28.090005533869917,
              36.79810411107375
            ],
            [
              28.0508817232945,
              36.83344579038552
            ],
            [
              28.039686831505627,
              36.88564249109876
            ],
            [
              28.069383141528895,
              36.92864663675065
            ],
            [
              28.11946936835853,
              36.93610582977227
            ],
            [
              28.164251287704655,
              36.906727767889926
            ],
            [
              28.197928546211497,
              36.96025191168595
            ],
            [
              28.246168055426374,
              36.98918933409009
            ],
            [
              28.287825886418297,
              37.01941335063865
            ],
            [
              28.24081259414182,
              37.03913316809806
            ],
            [
              28.186746196478502,
              37.034780460182205
            ],
            [
              28.135415251767732,
              37.03170062266755
            ],
            [
              28.085286469650846,
              37.027195015113314
            ],
            [
              28.034408388457518,
              37.022846442275224
            ],
            [
              27.98148538787014,
              37.031310684428355
            ],
            [
              27.924935967521233,
              37.03025084725821
            ],
            [
              27.85870765207165,
              37.02032606634082
            ],
            [
              27.8094987597411,
              37.00218618516722
            ],
            [
              27.7585876988421,
              36.99193019819231
            ],
            [
              27.707265762983045,
              36.99728615858449
            ],
            [
              27.65638899879586,
              36.99566160497566
            ],
            [
              27.597849153161448,
              36.97110464237289
            ],
            [
              27.54705745333854,
              36.98471520876155
            ],
            [
              27.482728967895707,
              36.959595714197604
            ],
            [
              27.436854041098673,
              36.986795064164305
            ],
            [
              27.42313533291917,
              37.03496660670901
            ],
            [
              27.384220266506784,
              37.00188317318839
            ],
            [
              27.332008271232187,
              37.01441595474613
            ],
            [
              27.300141353167568,
              36.97116361096226
            ],
            [
              27.25930001741838,
              37.000647911497076
            ],
            [
              27.211142639457805,
              37.083418702910876
            ],
            [
              27.264469096000422,
              37.09327986703824
            ],
            [
              27.312543806972396,
              37.1162434833992
            ],
            [
              27.374701758813483,
              37.162632530941174
            ],
            [
              27.4110140565902,
              37.12812449074679
            ],
            [
              27.450688658373686,
              37.09766945049499
            ],
            [
              27.502362243308667,
              37.10728536777429
            ],
            [
              27.534710971149018,
              37.15996354321565
            ],
            [
              27.579108454834547,
              37.135033277957994
            ],
            [
              27.58710705631639,
              37.20054948728103
            ],
            [
              27.56058765237685,
              37.24796902119247
            ],
            [
              27.507756884483747,
              37.27932965345894
            ],
            [
              27.494375921579564,
              37.3301547267171
            ],
            [
              27.443511112050373,
              37.303430491886495
            ],
            [
              27.45392449908378,
              37.37612749924206
            ],
            [
              27.43587782678872,
              37.39441530925088
            ],
            [
              27.464412000262282,
              37.42608899959736
            ]
          ]
        ]
      }
    },
    {
      "type": "Feature",
      "properties": {},
      "geometry": {
        "type": "Polygon",
        "coordinates": [
          [
            [
              34.775256749889934,
              37.42131374947786
            ],
            [
              34.79997799999575,
              37.470279498595396
            ],
            [
              34.83056600087418,
              37.5288294989862
            ],
            [
              34.8418560004522,
              37.58081549949296
            ],
            [
              34.85380200061884,
              37.6338519987983
            ],
            [
              34.886359001135766,
              37.680061999336736
            ],
            [
              34.938214000078,
              37.68583799890184
            ],
            [
              34.97707200044804,
              37.65262449875873
            ],
            [
              35.03422349899812,
              37.67743599903621
            ],
            [
              35.0904104994601,
              37.702903998944436
            ],
            [
              35.14384049862447,
              37.728765999024056
            ],
            [
              35.162243999873745,
              37.78989249888284
            ],
            [
              35.19792550005925,
              37.75078549935213
            ],
            [
              35.25938609418933,
              37.76012493917922
            ],
            [
              35.309911499287175,
              37.74605349931292
            ],
            [
              35.345503999371644,
              37.71031299877889
            ],
            [
              35.39933650023852,
              37.70610399967376
            ],
            [
              35.44445500072259,
              37.73150649843086
            ],
            [
              35.49189227190242,
              37.70330852237233
            ],
            [
              35.54314899935243,
              37.70926049840874
            ],
            [
              35.51793750153896,
              37.752778999271015
            ],
            [
              35.54820118590526,
              37.79331717565991
            ],
            [
              35.59884800041661,
              37.806865498312185
            ],
            [
              35.60182049934069,
              37.857693498515694
            ],
            [
              35.5943499995035,
              37.90834549804042
            ],
            [
              35.592528000675514,
              37.959816999826046
            ],
            [
              35.64209250039557,
              37.974666998942354
            ],
            [
              35.69137200035834,
              37.98732949986705
            ],
            [
              35.72580800047754,
              38.025591998522735
            ],
            [
              35.77190500026622,
              38.04681799895894
            ],
            [
              35.80497450027869,
              38.086719999478575
            ],
            [
              35.85463000100242,
              38.07742849897584
            ],
            [
              35.901905500862036,
              38.09373499895143
            ],
            [
              35.95173699992656,
              38.12325149929912
            ],
            [
              35.99346149982765,
              38.15677649916413
            ],
            [
              35.99346149933679,
              38.208976998863285
            ],
            [
              36.0281704996604,
              38.2471479986851
            ],
            [
              36.06561300001056,
              38.286321498732555
            ],
            [
              36.10560599951476,
              38.32431049889649
            ],
            [
              36.151702998447085,
              38.34990949903798
            ],
            [
              36.200350500557754,
              38.36284599907233
            ],
            [
              36.24808700016773,
              38.384163498490885
            ],
            [
              36.30019649934843,
              38.37569099879374
            ],
            [
              36.352226999990044,
              38.37933499943116
            ],
            [
              36.393130999966914,
              38.3459009992738
            ],
            [
              36.3703560000545,
              38.29925749932555
            ],
            [
              36.40091937518232,
              38.25966399923159
            ],
            [
              36.37417500129075,
              38.21635399866704
            ],
            [
              36.359679499714815,
              38.15576249918194
            ],
            [
              36.330059000568674,
              38.11173649881549
            ],
            [
              36.29719750107561,
              38.06879149938694
            ],
            [
              36.25540302784807,
              38.04046950282369
            ],
            [
              36.226737889308595,
              37.99850123363161
            ],
            [
              36.263054499992606,
              37.93571449851133
            ],
            [
              36.28620049996539,
              37.88813199887318
            ],
            [
              36.28878150010354,
              37.836678498643494
            ],
            [
              36.25603850028682,
              37.79635449826647
            ],
            [
              36.21287800016689,
              37.77073549888833
            ],
            [
              36.19031356951674,
              37.70792646725858
            ],
            [
              36.13930400110361,
              37.69672199873681
            ],
            [
              36.0940840011039,
              37.673060998968104
            ],
            [
              36.048747500699285,
              37.64576499890976
            ],
            [
              36.023905499100486,
              37.60168799863995
            ],
            [
              35.98441200039664,
              37.56977299832916
            ],
            [
              35.93955899945523,
              37.528715498712145
            ],
            [
              35.93403850016231,
              37.47670299930471
            ],
            [
              35.92834600105219,
              37.422188998466176
            ],
            [
              35.913497501026356,
              37.371901499392365
            ],
            [
              35.89728150040998,
              37.31876799876233
            ],
            [
              35.91168650079358,
              37.26968849957435
            ],
            [
              35.89693650030574,
              37.22181599864339
            ],
            [
              35.945091500189015,
              37.203951498027244
            ],
            [
              35.99470300080549,
              37.21809749938976
            ],
            [
              36.0460254996776,
              37.207919499355306
            ],
            [
              36.08182836031211,
              37.16805960737644
            ],
            [
              36.08906699959558,
              37.11829949987738
            ],
            [
              36.08347699965891,
              37.0675089992593
            ],
            [
              36.04973449971503,
              37.02824799843064
            ],
            [
              36.029217498769206,
              36.98182649888359
            ],
            [
              35.9867700002051,
              36.95298749814181
            ],
            [
              35.96744835340308,
              36.89891438126693
            ],
            [
              35.92276058219035,
              36.876366421958714
            ],
            [
              35.88616369569451,
              36.83671558163062
            ],
            [
              35.84685893974248,
              36.80325054406788
            ],
            [
              35.80098445896597,
              36.778226144274896
            ],
            [
              35.74433395780042,
              36.768699426847206
            ],
            [
              35.709811977713365,
              36.71971010988505
            ],
            [
              35.69288799366116,
              36.76835575244505
            ],
            [
              35.64323717504182,
              36.75663842115334
            ],
            [
              35.600194148628454,
              36.72534725031208
            ],
            [
              35.648973098873626,
              36.69941112562827
            ],
            [
              35.63631483535276,
              36.65028101772935
            ],
            [
              35.612155438745795,
              36.59778640502133
            ],
            [
              35.56626724528371,
              36.566017603810415
            ],
            [
              35.514414105732406,
              36.58136179360007
            ],
            [
              35.45709570208933,
              36.59089097574571
            ],
            [
              35.40459119745109,
              36.580466461855806
            ],
            [
              35.36271955686275,
              36.54903533710219
            ],
            [
              35.31198796417193,
              36.56347591257624
            ],
            [
              35.26329087388445,
              36.58703507225943
            ],
            [
              35.207337655902826,
              36.613857320535175
            ],
            [
              35.137712246214406,
              36.64491635479774
            ],
            [
              35.070294488806255,
              36.67869044360798
            ],
            [
              35.01792934657644,
              36.704286898377184
            ],
            [
              34.99316664901252,
              36.76090049881436
            ],
            [
              35.043284000038604,
              36.7650949989636
            ],
            [
              35.08220049884555,
              36.79668299970696
            ],
            [
              35.13198300003508,
              36.78829349958442
            ],
            [
              35.144955001066535,
              36.84421449857865
            ],
            [
              35.14005400114158,
              36.90022649855779
            ],
            [
              35.103295998676465,
              36.937859499571005
            ],
            [
              35.10767200011052,
              36.9910709986793
            ],
            [
              35.123775500628035,
              37.03850599844875
            ],
            [
              35.07749999949685,
              37.064630499236955
            ],
            [
              35.02401746720948,
              37.06843749898087
            ],
            [
              35.01382999932669,
              37.12291799905694
            ],
            [
              34.96079350026386,
              37.13565199926339
            ],
            [
              34.927842998628826,
              37.17700449851365
            ],
            [
              34.963812999020924,
              37.21468149880342
            ],
            [
              34.96446950089032,
              37.268242498194766
            ],
            [
              34.915232500337055,
              37.29209199900685
            ],
            [
              34.85984100001776,
              37.29620499907679
            ],
            [
              34.80667350045855,
              37.29489199919633
            ],
            [
              34.76545199878971,
              37.32771149945566
            ],
            [
              34.775256749889934,
              37.42131374947786
            ]
          ]
        ]
      }
    },
    {
      "type": "Feature",
      "properties": {},
      "geometry": {
        "type": "Polygon",
        "coordinates": [
          [
            [
              35.162243999873745,
              37.78989249888284
            ],
            [
              35.14384049862447,
              37.728765999024056
            ],
            [
              35.0904104994601,
              37.702903998944436
            ],
            [
              35.03422349899812,
              37.67743599903621
            ],
            [
              34.97707200044804,
              37.65262449875873
            ],
            [
              34.938214000078,
              37.68583799890184
            ],
            [
              34.886359001135766,
              37.680061999336736
            ],
            [
              34.85380200061884,
              37.6338519987983
            ],
            [
              34.8418560004522,
              37.58081549949296
            ],
            [
              34.83056600087418,
              37.5288294989862
            ],
            [
              34.79997799999575,
              37.470279498595396
            ],
            [
              34.775256749889934,
              37.42131374947786
            ],
            [
              34.716314000750145,
              37.43555824855819
            ],
            [
              34.66547950092683,
              37.42579649900337
            ],
            [
              34.61465149911536,
              37.402802499511644
            ],
            [
              34.56632999930714,
              37.3888449990482
            ],
            [
              34.516947998904136,
              37.37803399879328
            ],
            [
              34.4650709991231,
              37.36891699896145
            ],
            [
              34.41661500062419,
              37.39163199872586
            ],
            [
              34.40696000125066,
              37.4429934990692
            ],
            [
              34.358605501145476,
              37.46444049879054
            ],
            [
              34.316503500244316,
              37.51018349916672
            ],
            [
              34.32813699995317,
              37.563206998339204
            ],
            [
              34.32402150010674,
              37.61607249856039
            ],
            [
              34.37174300046834,
              37.65936199864635
            ],
            [
              34.38377199974735,
              37.71206899907737
            ],
            [
              34.36042600087538,
              37.76232249954598
            ],
            [
              34.3210139991122,
              37.79666899881994
            ],
            [
              34.2767749985813,
              37.8329944988745
            ],
            [
              34.23429050067861,
              37.865494499458066
            ],
            [
              34.18258550126913,
              37.88153349831264
            ],
            [
              34.119801500343236,
              37.90400899937444
            ],
            [
              34.06345400123613,
              37.91772649921723
            ],
            [
              34.03148149953404,
              37.96025099878902
            ],
            [
              34.02291303221719,
              38.01520054927585
            ],
            [
              34.06850599919164,
              38.03843499947137
            ],
            [
              34.108291500067956,
              38.078082998335155
            ],
            [
              34.14656949962316,
              38.11617549971884
            ],
            [
              34.19822649983652,
              38.12778899979556
            ],
            [
              34.24951199989325,
              38.11608249899968
            ],
            [
              34.28565350097652,
              38.15315299897451
            ],
            [
              34.31250399940155,
              38.19542649871127
            ],
            [
              34.360538000880744,
              38.21149949863708
            ],
            [
              34.401324500546316,
              38.243924498959295
            ],
            [
              34.434957500506314,
              38.283782498858876
            ],
            [
              34.42771049948492,
              38.334510499617515
            ],
            [
              34.47835449964961,
              38.369213499517
            ],
            [
              34.52925949954523,
              38.32642749858913
            ],
            [
              34.58314649894617,
              38.31379199863785
            ],
            [
              34.64344400111307,
              38.31397749980125
            ],
            [
              34.69079249980095,
              38.33464999882456
            ],
            [
              34.74416850035557,
              38.3382034989438
            ],
            [
              34.80067999998006,
              38.33625249932388
            ],
            [
              34.84987500138306,
              38.35269749882674
            ],
            [
              34.9052020009529,
              38.353254998272455
            ],
            [
              34.97761200367451,
              38.304845362770116
            ],
            [
              35.01997395158187,
              38.27582489032261
            ],
            [
              35.006029715990906,
              38.22595054355675
            ],
            [
              35.03153449833286,
              38.182813999308415
            ],
            [
              35.0795450002289,
              38.16044649897457
            ],
            [
              35.13103949966366,
              38.164696998987154
            ],
            [
              35.18532099995702,
              38.1532694986689
            ],
            [
              35.231659500527684,
              38.126441999204104
            ],
            [
              35.2443414998028,
              38.07592299885976
            ],
            [
              35.25949699977534,
              38.02737849929927
            ],
            [
              35.275663000755586,
              37.9764644993317
            ],
            [
              35.31124700073857,
              37.93734999858314
            ],
            [
              35.31765750051369,
              37.88541399883144
            ],
            [
              35.29071400079648,
              37.84221149972431
            ],
            [
              35.241658501044846,
              37.83124849820886
            ],
            [
              35.18868900015428,
              37.83417499846206
            ],
            [
              35.162243999873745,
              37.78989249888284
            ]
          ]
        ]
      }
    },
    {
      "type": "Feature",
      "properties": {},
      "geometry": {
        "type": "Polygon",
        "coordinates": [
          [
            [
              35.19792550005925,
              37.75078549935213
            ],
            [
              35.162243999873745,
              37.78989249888284
            ],
            [
              35.18868900015428,
              37.83417499846206
            ],
            [
              35.241658501044846,
              37.83124849820886
            ],
            [
              35.29071400079648,
              37.84221149972431
            ],
            [
              35.31765750051369,
              37.88541399883144
            ],
            [
              35.31124700073857,
              37.93734999858314
            ],
            [
              35.275663000755586,
              37.9764644993317
            ],
            [
              35.25949699977534,
              38.02737849929927
            ],
            [
              35.2443414998028,
              38.07592299885976
            ],
            [
              35.231659500527684,
              38.126441999204104
            ],
            [
              35.18532099995702,
              38.1532694986689
            ],
            [
              35.13103949966366,
              38.164696998987154
            ],
            [
              35.0795450002289,
              38.16044649897457
            ],
            [
              35.03153449833286,
              38.182813999308415
            ],
            [
              35.006029715990906,
              38.22595054355675
            ],
            [
              35.01997395158187,
              38.27582489032261
            ],
            [
              34.97761200367451,
              38.304845362770116
            ],
            [
              34.9052020009529,
              38.353254998272455
            ],
            [
              34.89748199943704,
              38.403619999171205
            ],
            [
              34.93891749916816,
              38.43901599863597
            ],
            [
              34.99044399958617,
              38.44520799799558
            ],
            [
              35.023622499581265,
              38.49015999920695
            ],
            [
              35.06276449962045,
              38.52303299919606
            ],
            [
              35.108327500138174,
              38.54367399960908
            ],
            [
              35.09805596883856,
              38.604721344608095
            ],
            [
              35.08688313069551,
              38.65938768144795
            ],
            [
              35.09691705773779,
              38.710964182041636
            ],
            [
              35.06480232786346,
              38.76016388641247
            ],
            [
              35.01483415027544,
              38.7752841038999
            ],
            [
              34.981688000831014,
              38.81788749916661
            ],
            [
              34.98995799939957,
              38.867345498652604
            ],
            [
              35.013723499296376,
              38.91190549908241
            ],
            [
              35.05571449988321,
              38.94723249922513
            ],
            [
              35.0605745002397,
              38.99922549900222
            ],
            [
              35.10894599960623,
              39.02479149900579
            ],
            [
              35.162177500937595,
              39.023506999004574
            ],
            [
              35.2111535005401,
              38.998376499696924
            ],
            [
              35.26116566626557,
              38.99795849303686
            ],
            [
              35.32492830209969,
              39.005326563569085
            ],
            [
              35.384285895385126,
              38.99225417911674
            ],
            [
              35.41205399992376,
              39.03720099920805
            ],
            [
              35.45324249929163,
              39.06987849975873
            ],
            [
              35.44261749969529,
              39.1210759990981
            ],
            [
              35.46421500053956,
              39.16852649937388
            ],
            [
              35.51391399987741,
              39.19205099918831
            ],
            [
              35.56907250021549,
              39.189160998879906
            ],
            [
              35.62061749987031,
              39.1886789990778
            ],
            [
              35.67119949960866,
              39.19935749933997
            ],
            [
              35.715840499334384,
              39.223042498642975
            ],
            [
              35.757651999377345,
              39.251709499129426
            ],
            [
              35.80544250057831,
              39.27707699919034
            ],
            [
              35.84502500077688,
              39.30943349934891
            ],
            [
              35.88351900091206,
              39.273429999297306
            ],
            [
              35.915118000217284,
              39.23126599954565
            ],
            [
              35.96927450000805,
              39.18605649808394
            ],
            [
              36.017815500232345,
              39.16102449911102
            ],
            [
              36.04732099997854,
              39.11695699880659
            ],
            [
              36.08463099991936,
              39.080598499317695
            ],
            [
              36.13688399914552,
              39.08231199819586
            ],
            [
              36.18980300005597,
              39.092019999545506
            ],
            [
              36.24177050125989,
              39.09801649890908
            ],
            [
              36.293928499006604,
              39.098872999794416
            ],
            [
              36.345623500216995,
              39.09314949881508
            ],
            [
              36.39396099941554,
              39.109247498856426
            ],
            [
              36.444785999263026,
              39.1064869990833
            ],
            [
              36.49437399893004,
              39.09906349891824
            ],
            [
              36.54795950032102,
              39.10220399904977
            ],
            [
              36.594311499634536,
              39.12162049806149
            ],
            [
              36.65360750092195,
              39.15036449941791
            ],
            [
              36.7060510001711,
              39.1555039987797
            ],
            [
              36.75185349991862,
              39.122817498823395
            ],
            [
              36.78704749912064,
              39.08335899942014
            ],
            [
              36.83235250012758,
              39.054709998840906
            ],
            [
              36.8861284984092,
              39.063275999916605
            ],
            [
              36.93381300129749,
              39.04804749934111
            ],
            [
              36.963698999182675,
              39.00531249993991
            ],
            [
              36.956751000194416,
              38.95410649965119
            ],
            [
              36.91220750017712,
              38.92916999937678
            ],
            [
              36.86756849926327,
              38.89814149965919
            ],
            [
              36.85757500096292,
              38.84645949834875
            ],
            [
              36.81607700015148,
              38.81562199910727
            ],
            [
              36.81345377121723,
              38.76229349619909
            ],
            [
              36.74965557172707,
              38.749458791855155
            ],
            [
              36.73355750061694,
              38.700836498858614
            ],
            [
              36.757732999159224,
              38.65543649872923
            ],
            [
              36.779242999464856,
              38.60936999851125
            ],
            [
              36.777148999863925,
              38.55226299946471
            ],
            [
              36.70315150011968,
              38.51715099891545
            ],
            [
              36.698190999906906,
              38.467049499219414
            ],
            [
              36.71854700059427,
              38.41793549908774
            ],
            [
              36.667871000757096,
              38.4028999992716
            ],
            [
              36.61681099998536,
              38.3982184991966
            ],
            [
              36.57998799979164,
              38.36103549860012
            ],
            [
              36.545595499337225,
              38.32241149969817
            ],
            [
              36.50715199981349,
              38.288199498504994
            ],
            [
              36.45493349965772,
              38.28027649904655
            ],
            [
              36.40091937518232,
              38.25966399923159
            ],
            [
              36.3703560000545,
              38.29925749932555
            ],
            [
              36.393130999966914,
              38.3459009992738
            ],
            [
              36.352226999990044,
              38.37933499943116
            ],
            [
              36.30019649934843,
              38.37569099879374
            ],
            [
              36.24808700016773,
              38.384163498490885
            ],
            [
              36.200350500557754,
              38.36284599907233
            ],
            [
              36.151702998447085,
              38.34990949903798
            ],
            [
              36.10560599951476,
              38.32431049889649
            ],
            [
              36.06561300001056,
              38.286321498732555
            ],
            [
              36.0281704996604,
              38.2471479986851
            ],
            [
              35.99346149933679,
              38.208976998863285
            ],
            [
              35.99346149982765,
              38.15677649916413
            ],
            [
              35.95173699992656,
              38.12325149929912
            ],
            [
              35.901905500862036,
              38.09373499895143
            ],
            [
              35.85463000100242,
              38.07742849897584
            ],
            [
              35.80497450027869,
              38.086719999478575
            ],
            [
              35.77190500026622,
              38.04681799895894
            ],
            [
              35.72580800047754,
              38.025591998522735
            ],
            [
              35.69137200035834,
              37.98732949986705
            ],
            [
              35.64209250039557,
              37.974666998942354
            ],
            [
              35.592528000675514,
              37.959816999826046
            ],
            [
              35.5943499995035,
              37.90834549804042
            ],
            [
              35.60182049934069,
              37.857693498515694
            ],
            [
              35.59884800041661,
              37.806865498312185
            ],
            [
              35.54820118590526,
              37.79331717565991
            ],
            [
              35.51793750153896,
              37.752778999271015
            ],
            [
              35.49189227190242,
              37.70330852237233
            ],
            [
              35.44445500072259,
              37.73150649843086
            ],
            [
              35.39933650023852,
              37.70610399967376
            ],
            [
              35.345503999371644,
              37.71031299877889
            ],
            [
              35.309911499287175,
              37.74605349931292
            ],
            [
              35.25938609418933,
              37.76012493917922
            ],
            [
              35.19792550005925,
              37.75078549935213
            ]
          ]
        ]
      }
    },
    {
      "type": "Feature",
      "properties": {},
      "geometry": {
        "type": "Polygon",
        "coordinates": [
          [
            [
              35.4128179575707,
              41.68263422584943
            ],
            [
              35.45643388410373,
              41.653293194088135
            ],
            [
              35.50556755672757,
              41.637658297372695
            ],
            [
              35.55584821093608,
              41.631792953647675
            ],
            [
              35.60760756606192,
              41.63522486103686
            ],
            [
              35.670740802165845,
              41.64623218719874
            ],
            [
              35.75298067105752,
              41.667096745967456
            ],
            [
              35.82909954325258,
              41.68914199176301
            ],
            [
              35.8815661356017,
              41.70688945572759
            ],
            [
              35.94278178312367,
              41.729827792552285
            ],
            [
              35.99150219886791,
              41.717515944361956
            ],
            [
              36.03921733384221,
              41.695369815041815
            ],
            [
              36.08184388972255,
              41.66309289658381
            ],
            [
              36.11552589420286,
              41.62358833613408
            ],
            [
              36.130081315130774,
              41.5610957299504
            ],
            [
              36.12231395999148,
              41.508750820356326
            ],
            [
              36.14113384743365,
              41.453223307656046
            ],
            [
              36.1820481540046,
              41.414854135892185
            ],
            [
              36.22305383385905,
              41.379502796327266
            ],
            [
              36.285818527060684,
              41.33424005868617
            ],
            [
              36.33469725349691,
              41.32021412021308
            ],
            [
              36.36302972207676,
              41.275239395367606
            ],
            [
              36.41640349382714,
              41.247389296591365
            ],
            [
              36.46654587699009,
              41.246133383623174
            ],
            [
              36.51506927869316,
              41.25998796265541
            ],
            [
              36.56311949967379,
              41.288374160673946
            ],
            [
              36.60178182736595,
              41.33447478155736
            ],
            [
              36.64547862713799,
              41.37903469370895
            ],
            [
              36.69522912889759,
              41.36713358501742
            ],
            [
              36.74982321178738,
              41.36243714230823
            ],
            [
              36.801859835445555,
              41.35437345769991
            ],
            [
              36.87001092735327,
              41.3383652702391
            ],
            [
              36.924055137196845,
              41.314302065263796
            ],
            [
              36.98019912664032,
              41.289544605128825
            ],
            [
              37.02506095088041,
              41.25512767847708
            ],
            [
              37.02820432638104,
              41.20448046207194
            ],
            [
              37.06477969160551,
              41.16940997173877
            ],
            [
              37.1166940022851,
              41.1542624274693
            ],
            [
              37.09750082051836,
              41.10055351669076
            ],
            [
              37.04683013913396,
              41.108387960461435
            ],
            [
              37.00257899995728,
              41.082488998822065
            ],
            [
              36.9642655009096,
              41.04762699901507
            ],
            [
              36.96695700020288,
              40.996241498832454
            ],
            [
              36.92197520273623,
              40.96935783214759
            ],
            [
              36.87722099953277,
              40.94496999911501
            ],
            [
              36.82861899920614,
              40.91943749926546
            ],
            [
              36.778871999695376,
              40.90888599898412
            ],
            [
              36.72850600033475,
              40.90963149922257
            ],
            [
              36.68243100104036,
              40.88659099940934
            ],
            [
              36.63589799955023,
              40.91073449853632
            ],
            [
              36.58691999979148,
              40.89678949897035
            ],
            [
              36.53510700091662,
              40.88851299973779
            ],
            [
              36.48594500050963,
              40.87487949813727
            ],
            [
              36.42671799988651,
              40.86533199849761
            ],
            [
              36.393987499008006,
              40.92326350017015
            ],
            [
              36.34966550014882,
              40.94685649815635
            ],
            [
              36.30839949952819,
              40.975606499103364
            ],
            [
              36.25832200013605,
              40.98536149845286
            ],
            [
              36.20641250099135,
              40.98224699879899
            ],
            [
              36.18321850103277,
              40.93517449875199
            ],
            [
              36.15806664366771,
              40.890660558953286
            ],
            [
              36.10822157036953,
              40.907499102678976
            ],
            [
              36.09381919514131,
              40.856693152070875
            ],
            [
              36.0479379994856,
              40.83295399964051
            ],
            [
              35.995748500644446,
              40.84678599823063
            ],
            [
              35.947679500109246,
              40.86228599942983
            ],
            [
              35.89637299908703,
              40.86866249898776
            ],
            [
              35.84467400046019,
              40.87199799964173
            ],
            [
              35.79444649922015,
              40.86885849929095
            ],
            [
              35.74392500117491,
              40.87072249938432
            ],
            [
              35.690333000778345,
              40.867092998268305
            ],
            [
              35.64275400077256,
              40.90054499926652
            ],
            [
              35.60643750024142,
              40.937136498624064
            ],
            [
              35.55424799957646,
              40.93331049915448
            ],
            [
              35.50105800129883,
              40.94055049844381
            ],
            [
              35.46260249941201,
              40.97335499910232
            ],
            [
              35.42658000062613,
              41.010319499332965
            ],
            [
              35.37517549849285,
              41.00580649863389
            ],
            [
              35.33736700070394,
              41.03939199816645
            ],
            [
              35.28665550038839,
              41.03108049877115
            ],
            [
              35.237257999991215,
              41.02279999923575
            ],
            [
              35.19178150055303,
              41.044847998771566
            ],
            [
              35.14032450049287,
              41.07762649971146
            ],
            [
              35.08940449979976,
              41.0797204994261
            ],
            [
              35.02948750006889,
              41.08252449889068
            ],
            [
              34.9769519999899,
              41.081776499524736
            ],
            [
              34.95575499939214,
              41.12940699955019
            ],
            [
              34.96007750034606,
              41.182856999102285
            ],
            [
              34.9587890002996,
              41.23371999923777
            ],
            [
              34.91225949984226,
              41.25396099997159
            ],
            [
              34.9369415003801,
              41.298063499181545
            ],
            [
              34.97677649886463,
              41.32906699890193
            ],
            [
              35.02019950016893,
              41.35508349854746
            ],
            [
              35.06981050069447,
              41.34446599899992
            ],
            [
              35.12509250043383,
              41.33851599864811
            ],
            [
              35.17596300054252,
              41.314431999452275
            ],
            [
              35.20184900026034,
              41.26393549874952
            ],
            [
              35.25161650113586,
              41.25026299892431
            ],
            [
              35.302478000545136,
              41.23731999932253
            ],
            [
              35.3590345003953,
              41.242902499002625
            ],
            [
              35.387576000107536,
              41.28480649960346
            ],
            [
              35.400795000570874,
              41.34249749932695
            ],
            [
              35.44674350136458,
              41.36243449924515
            ],
            [
              35.444610000665705,
              41.413368498399414
            ],
            [
              35.42368249944638,
              41.45889649966553
            ],
            [
              35.37570199993171,
              41.477892499464815
            ],
            [
              35.35399749980347,
              41.52370649866832
            ],
            [
              35.324991499129204,
              41.56520149925775
            ],
            [
              35.34713200030792,
              41.611573498689005
            ],
            [
              35.4128179575707,
              41.68263422584943
            ]
          ]
        ]
      }
    },
    {
      "type": "Feature",
      "properties": {},
      "geometry": {
        "type": "Polygon",
        "coordinates": [
          [
            [
              36.70550799907946,
              37.20734949920319
            ],
            [
              36.7511040002903,
              37.228354999449884
            ],
            [
              36.80336108030373,
              37.2414903215386
            ],
            [
              36.851612000085574,
              37.256432998607096
            ],
            [
              36.877500500131696,
              37.29983399925491
            ],
            [
              36.92842099997946,
              37.310018498967395
            ],
            [
              36.9774374999831,
              37.29450399834842
            ],
            [
              37.007437499745706,
              37.25442950053108
            ],
            [
              37.04094999982077,
              37.216759000257966
            ],
            [
              37.07585249865251,
              37.180860999211234
            ],
            [
              37.11087837481679,
              37.217125182150994
            ],
            [
              37.14266799895571,
              37.257574999713576
            ],
            [
              37.18863899958682,
              37.283368500518094
            ],
            [
              37.219001000871756,
              37.32553250014992
            ],
            [
              37.26877950099862,
              37.33333699960899
            ],
            [
              37.31922400102795,
              37.31135100036424
            ],
            [
              37.36776499987546,
              37.32496150002749
            ],
            [
              37.41973249905382,
              37.34323550000257
            ],
            [
              37.45456749947187,
              37.38321050048484
            ],
            [
              37.50282300011179,
              37.398915001064005
            ],
            [
              37.54041850016969,
              37.433750500380484
            ],
            [
              37.605901500050656,
              37.473153999229666
            ],
            [
              37.63797649883528,
              37.51607949794048
            ],
            [
              37.68680300025614,
              37.53340199903
            ],
            [
              37.74057899992468,
              37.531403498913384
            ],
            [
              37.7806490007613,
              37.49894749876671
            ],
            [
              37.82738150069536,
              37.48029249894084
            ],
            [
              37.881728500223915,
              37.47201199875428
            ],
            [
              37.93026949989701,
              37.491332998612876
            ],
            [
              37.98033350093536,
              37.48276699940032
            ],
            [
              37.97171600057237,
              37.43195749911095
            ],
            [
              37.935766000062735,
              37.38994349875105
            ],
            [
              37.893535501157864,
              37.35345249840192
            ],
            [
              37.86040099986198,
              37.31176349854345
            ],
            [
              37.840044499050485,
              37.264666999798656
            ],
            [
              37.83681749967415,
              37.198664498748435
            ],
            [
              37.86879199977717,
              37.14762249922013
            ],
            [
              37.867667500640906,
              37.09374499957548
            ],
            [
              37.897327000152565,
              37.05033499905871
            ],
            [
              37.94769199993923,
              37.04886349922138
            ],
            [
              37.96183949994494,
              37.00053599941913
            ],
            [
              37.99692500105798,
              36.96454499896257
            ],
            [
              38.00643199964856,
              36.912708498583925
            ],
            [
              38.03551949895272,
              36.86936099903594
            ],
            [
              38.00480332007422,
              36.829613388540146
            ],
            [
              37.950487680960734,
              36.819625111263825
            ],
            [
              37.904165885304046,
              36.79223980110052
            ],
            [
              37.85133520072351,
              36.77771841407639
            ],
            [
              37.80103567102157,
              36.76363456567831
            ],
            [
              37.75103762322869,
              36.750383225434504
            ],
            [
              37.698449717910094,
              36.75632807342222
            ],
            [
              37.64824629356792,
              36.74239736329544
            ],
            [
              37.59924641116004,
              36.71586924619703
            ],
            [
              37.542192827711155,
              36.693841173897006
            ],
            [
              37.51815700170473,
              36.739183498484145
            ],
            [
              37.49407699826437,
              36.78325149932375
            ],
            [
              37.44829599914487,
              36.80942549968384
            ],
            [
              37.3976610012186,
              36.80466649872516
            ],
            [
              37.39556700034181,
              36.75212799879042
            ],
            [
              37.34597900022411,
              36.742514998538475
            ],
            [
              37.30752699952708,
              36.77516099923714
            ],
            [
              37.312095501639554,
              36.82636699903525
            ],
            [
              37.27754599900423,
              36.86434349936989
            ],
            [
              37.22700600078741,
              36.87804899896286
            ],
            [
              37.174848499651226,
              36.88651999963306
            ],
            [
              37.1257364996127,
              36.909648498000024
            ],
            [
              37.07795649978911,
              36.9280174991248
            ],
            [
              37.06634499928641,
              36.979033498716326
            ],
            [
              36.98932900007727,
              37.02074849939798
            ],
            [
              36.94180250016792,
              37.00364699919757
            ],
            [
              36.92099800090569,
              36.95811599838518
            ],
            [
              36.89145799989027,
              36.91711349874752
            ],
            [
              36.84156750011186,
              36.904488998567444
            ],
            [
              36.79304099970189,
              36.92297099903592
            ],
            [
              36.760089000791886,
              36.88051299857313
            ],
            [
              36.71650999909771,
              36.85455899922667
            ],
            [
              36.66359757996337,
              36.82955939310973
            ],
            [
              36.6238230001549,
              36.86382899882385
            ],
            [
              36.57391499921202,
              36.87488550013375
            ],
            [
              36.51902299934293,
              36.8797044983416
            ],
            [
              36.46784250051357,
              36.896344499257104
            ],
            [
              36.47214449935682,
              36.94682349959671
            ],
            [
              36.492994999424376,
              36.99322699837518
            ],
            [
              36.53416399877452,
              37.02499099911757
            ],
            [
              36.572139000898716,
              37.06039299837139
            ],
            [
              36.605588500525705,
              37.10236049946481
            ],
            [
              36.62457600043448,
              37.15151449844815
            ],
            [
              36.70550799907946,
              37.20734949920319
            ]
          ]
        ]
      }
    },
    {
      "type": "Feature",
      "properties": {},
      "geometry": {
        "type": "Polygon",
        "coordinates": [
          [
            [
              37.54041850016969,
              37.433750500380484
            ],
            [
              37.50282300011179,
              37.398915001064005
            ],
            [
              37.45456749947187,
              37.38321050048484
            ],
            [
              37.41973249905382,
              37.34323550000257
            ],
            [
              37.36776499987546,
              37.32496150002749
            ],
            [
              37.31922400102795,
              37.31135100036424
            ],
            [
              37.26877950099862,
              37.33333699960899
            ],
            [
              37.219001000871756,
              37.32553250014992
            ],
            [
              37.18863899958682,
              37.283368500518094
            ],
            [
              37.14266799895571,
              37.257574999713576
            ],
            [
              37.11087837481679,
              37.217125182150994
            ],
            [
              37.07585249865251,
              37.180860999211234
            ],
            [
              37.04094999982077,
              37.216759000257966
            ],
            [
              37.007437499745706,
              37.25442950053108
            ],
            [
              36.9774374999831,
              37.29450399834842
            ],
            [
              36.92842099997946,
              37.310018498967395
            ],
            [
              36.877500500131696,
              37.29983399925491
            ],
            [
              36.851612000085574,
              37.256432998607096
            ],
            [
              36.80336108030373,
              37.2414903215386
            ],
            [
              36.7511040002903,
              37.228354999449884
            ],
            [
              36.70550799907946,
              37.20734949920319
            ],
            [
              36.67633350005385,
              37.24838849925845
            ],
            [
              36.63800250066783,
              37.288770499568855
            ],
            [
              36.64378749901024,
              37.33869199957469
            ],
            [
              36.59430800057831,
              37.35320749929763
            ],
            [
              36.5689014998607,
              37.396305998724245
            ],
            [
              36.52617000161533,
              37.42341899928878
            ],
            [
              36.47873649983363,
              37.40698499878879
            ],
            [
              36.44459155796307,
              37.36760840097276
            ],
            [
              36.39568100081751,
              37.352602998454394
            ],
            [
              36.3443624995329,
              37.35793099879625
            ],
            [
              36.28813650070916,
              37.34657399850719
            ],
            [
              36.26191649875924,
              37.39507899876793
            ],
            [
              36.25780750046067,
              37.44495049836333
            ],
            [
              36.25110550029695,
              37.495048499477754
            ],
            [
              36.24651450118949,
              37.54510049864534
            ],
            [
              36.25531600002946,
              37.59510449978687
            ],
            [
              36.27014800032369,
              37.64493499901469
            ],
            [
              36.222991999590135,
              37.66356849931977
            ],
            [
              36.19031356951674,
              37.70792646725858
            ],
            [
              36.21287800016689,
              37.77073549888833
            ],
            [
              36.25603850028682,
              37.79635449826647
            ],
            [
              36.28878150010354,
              37.836678498643494
            ],
            [
              36.28620049996539,
              37.88813199887318
            ],
            [
              36.263054499992606,
              37.93571449851133
            ],
            [
              36.226737889308595,
              37.99850123363161
            ],
            [
              36.25540302784807,
              38.04046950282369
            ],
            [
              36.29719750107561,
              38.06879149938694
            ],
            [
              36.330059000568674,
              38.11173649881549
            ],
            [
              36.359679499714815,
              38.15576249918194
            ],
            [
              36.37417500129075,
              38.21635399866704
            ],
            [
              36.40091937518232,
              38.25966399923159
            ],
            [
              36.45493349965772,
              38.28027649904655
            ],
            [
              36.50715199981349,
              38.288199498504994
            ],
            [
              36.545595499337225,
              38.32241149969817
            ],
            [
              36.57998799979164,
              38.36103549860012
            ],
            [
              36.61681099998536,
              38.3982184991966
            ],
            [
              36.667871000757096,
              38.4028999992716
            ],
            [
              36.71854700059427,
              38.41793549908774
            ],
            [
              36.698190999906906,
              38.467049499219414
            ],
            [
              36.70315150011968,
              38.51715099891545
            ],
            [
              36.777148999863925,
              38.55226299946471
            ],
            [
              36.82990599934796,
              38.557018499106555
            ],
            [
              36.880832500224045,
              38.562158749912
            ],
            [
              36.93241900013558,
              38.57215174872323
            ],
            [
              36.995522501477325,
              38.57462674903958
            ],
            [
              37.04786450036939,
              38.58690449880936
            ],
            [
              37.09830949985906,
              38.581193498846986
            ],
            [
              37.150014533192156,
              38.57190701453933
            ],
            [
              37.20434399972502,
              38.5740557497752
            ],
            [
              37.25650200115395,
              38.57434074948108
            ],
            [
              37.277625500165186,
              38.5187564995337
            ],
            [
              37.28190850082142,
              38.46697949911073
            ],
            [
              37.32549999982812,
              38.4357609980958
            ],
            [
              37.377187999733685,
              38.41739199909821
            ],
            [
              37.434295001670556,
              38.40825424942716
            ],
            [
              37.48073599910475,
              38.38636349900978
            ],
            [
              37.52642200016989,
              38.36390149908695
            ],
            [
              37.576961500172075,
              38.34800649863267
            ],
            [
              37.62512200082979,
              38.324687998976
            ],
            [
              37.66148000079541,
              38.28718749912643
            ],
            [
              37.691461499519576,
              38.24321499950775
            ],
            [
              37.72849350037479,
              38.20695199862749
            ],
            [
              37.734109000493575,
              38.15593649897386
            ],
            [
              37.708030499729006,
              38.11139299967306
            ],
            [
              37.667008498784774,
              38.080459999188854
            ],
            [
              37.6219930005846,
              38.055237499318004
            ],
            [
              37.5887754995177,
              38.01688049909509
            ],
            [
              37.59591399975823,
              37.967102498824836
            ],
            [
              37.64407826622278,
              37.94357087461529
            ],
            [
              37.627755001516086,
              37.895518999245105
            ],
            [
              37.59444250155729,
              37.856304998773766
            ],
            [
              37.55361099861953,
              37.825086499222664
            ],
            [
              37.51116150052657,
              37.78806249929358
            ],
            [
              37.47908650058567,
              37.74761149870921
            ],
            [
              37.46320291969896,
              37.697740478669836
            ],
            [
              37.44094195411415,
              37.64698586075107
            ],
            [
              37.451008500224965,
              37.59703899997055
            ],
            [
              37.49241100079289,
              37.567629000271126
            ],
            [
              37.538762999508535,
              37.58818750077248
            ],
            [
              37.589683500371024,
              37.564583500283284
            ],
            [
              37.57264650102006,
              37.51471356908128
            ],
            [
              37.605901500050656,
              37.473153999229666
            ],
            [
              37.54041850016969,
              37.433750500380484
            ]
          ]
        ]
      }
    },
    {
      "type": "Feature",
      "properties": {},
      "geometry": {
        "type": "Polygon",
        "coordinates": [
          [
            [
              44.4476560895451,
              37.7713182057475
            ],
            [
              44.49764932408799,
              37.773629857169816
            ],
            [
              44.55017996800044,
              37.78029559087637
            ],
            [
              44.593671413979536,
              37.75104454795554
            ],
            [
              44.62413742332162,
              37.71026142847629
            ],
            [
              44.58960370432721,
              37.67168425710471
            ],
            [
              44.591786527344496,
              37.62140317904055
            ],
            [
              44.610388740439944,
              37.57167022810737
            ],
            [
              44.601853840249454,
              37.51814726305479
            ],
            [
              44.586495973901,
              37.46923132714394
            ],
            [
              44.62410718148932,
              37.43430577325132
            ],
            [
              44.65465609115308,
              37.391287135360784
            ],
            [
              44.70616238018568,
              37.38095765879795
            ],
            [
              44.73702931729669,
              37.34060965750686
            ],
            [
              44.783472069305105,
              37.31930687173402
            ],
            [
              44.81522172806599,
              37.27952212866982
            ],
            [
              44.7714043947008,
              37.247264830413265
            ],
            [
              44.76754942661591,
              37.19303537445472
            ],
            [
              44.72119494752815,
              37.17361228112125
            ],
            [
              44.666526903861936,
              37.17564753060455
            ],
            [
              44.61389983838454,
              37.17825164956476
            ],
            [
              44.565172534557306,
              37.153732450387146
            ],
            [
              44.525036729652726,
              37.1202743095214
            ],
            [
              44.483695352481476,
              37.08789521495295
            ],
            [
              44.435766071726775,
              37.0666648323945
            ],
            [
              44.38359292168477,
              37.059328711906055
            ],
            [
              44.3506091893155,
              37.018402682298955
            ],
            [
              44.31125501091164,
              36.97868208671158
            ],
            [
              44.257972577363205,
              36.981219083711146
            ],
            [
              44.22821756371278,
              37.02728308287187
            ],
            [
              44.200519258942926,
              37.07574693875558
            ],
            [
              44.20409875069767,
              37.1285940906688
            ],
            [
              44.248254702040775,
              37.157268941832996
            ],
            [
              44.267194653007124,
              37.20678462436986
            ],
            [
              44.247590754950245,
              37.25481421327276
            ],
            [
              44.204095266870205,
              37.28503934886095
            ],
            [
              44.15507753419773,
              37.30192718099303
            ],
            [
              44.10752690151136,
              37.3182587523494
            ],
            [
              44.05698011004007,
              37.31926843367607
            ],
            [
              44.00433165204537,
              37.31495642923905
            ],
            [
              43.95506154254082,
              37.29233189383744
            ],
            [
              43.932155609126056,
              37.245321186272605
            ],
            [
              43.886155587123774,
              37.22226297218005
            ],
            [
              43.83989734775666,
              37.2024906757512
            ],
            [
              43.78849195293731,
              37.22892024728013
            ],
            [
              43.73692116392482,
              37.23139946005854
            ],
            [
              43.684343899846105,
              37.22994754372815
            ],
            [
              43.63181150166449,
              37.22007667156009
            ],
            [
              43.58264303747325,
              37.24232376096505
            ],
            [
              43.527625782719085,
              37.247584142697846
            ],
            [
              43.47500479096525,
              37.25336441016756
            ],
            [
              43.428452414660576,
              37.27846690672158
            ],
            [
              43.38512497561058,
              37.306437930898355
            ],
            [
              43.33520982020264,
              37.32693826599424
            ],
            [
              43.342465999596236,
              37.37688749916252
            ],
            [
              43.322871500660554,
              37.42425649828311
            ],
            [
              43.31127650056015,
              37.47441199915298
            ],
            [
              43.31181550065715,
              37.52600549820634
            ],
            [
              43.365026999206435,
              37.57229599847523
            ],
            [
              43.412643500503464,
              37.59065499915142
            ],
            [
              43.462124500230715,
              37.63069849869243
            ],
            [
              43.49286500019937,
              37.67047199885444
            ],
            [
              43.49392099989161,
              37.73804599842045
            ],
            [
              43.5526715009327,
              37.73350799892411
            ],
            [
              43.600805999776625,
              37.756116999610846
            ],
            [
              43.65655800060855,
              37.76932549935372
            ],
            [
              43.70744799926943,
              37.761951498882276
            ],
            [
              43.765191999938125,
              37.76239599929652
            ],
            [
              43.815394999497926,
              37.769404499139135
            ],
            [
              43.87334050087982,
              37.76769299887838
            ],
            [
              43.928352499581095,
              37.77388699863535
            ],
            [
              43.98246749971954,
              37.794180498898584
            ],
            [
              44.032263500132366,
              37.806241999805465
            ],
            [
              44.081977499643564,
              37.796788499434896
            ],
            [
              44.11477993060508,
              37.758387620436146
            ],
            [
              44.16127849912918,
              37.73220249913985
            ],
            [
              44.21614800031382,
              37.73366149824203
            ],
            [
              44.261909000518514,
              37.757828499012085
            ],
            [
              44.30812950100292,
              37.77914649947101
            ],
            [
              44.36051849982248,
              37.78042649894266
            ],
            [
              44.40560630883814,
              37.81921688596444
            ],
            [
              44.4476560895451,
              37.7713182057475
            ]
          ]
        ]
      }
    },
    {
      "type": "Feature",
      "properties": {},
      "geometry": {
        "type": "Polygon",
        "coordinates": [
          [
            [
              34.24476250056427,
              39.927901998739955
            ],
            [
              34.1951625005223,
              39.9212519997607
            ],
            [
              34.21135300111767,
              39.97471799889431
            ],
            [
              34.179074999905026,
              40.013226499169186
            ],
            [
              34.14229250076958,
              40.04933349884221
            ],
            [
              34.093709499686234,
              40.06894749947311
            ],
            [
              34.07538699852333,
              40.11651849878208
            ],
            [
              34.06378849919846,
              40.16980499857173
            ],
            [
              34.03227049945659,
              40.20897099979477
            ],
            [
              33.97126549957269,
              40.25040999927977
            ],
            [
              34.04948749942611,
              40.31400449930186
            ],
            [
              34.08964349939015,
              40.35049599882337
            ],
            [
              34.1316084992845,
              40.384880998502226
            ],
            [
              34.16404349998478,
              40.4241914993197
            ],
            [
              34.14173949946596,
              40.4689849992502
            ],
            [
              34.13733590340347,
              40.51895960824728
            ],
            [
              34.11516300019074,
              40.565877999569466
            ],
            [
              34.09971199934312,
              40.61489149946749
            ],
            [
              34.11982000086996,
              40.66161349984209
            ],
            [
              34.08248699898881,
              40.69680249914331
            ],
            [
              34.061560000088015,
              40.747004499352634
            ],
            [
              34.104074000645774,
              40.775903998521976
            ],
            [
              34.08707049995475,
              40.82691349948853
            ],
            [
              34.13571450095702,
              40.84384249917794
            ],
            [
              34.1927300000574,
              40.84437299911382
            ],
            [
              34.233149500785885,
              40.87400449916355
            ],
            [
              34.24941350094438,
              40.923091999105154
            ],
            [
              34.26608400147745,
              40.97084849936667
            ],
            [
              34.313495500834755,
              41.00041899953529
            ],
            [
              34.31014449966005,
              41.05266049967
            ],
            [
              34.26060100154726,
              41.068406999238455
            ],
            [
              34.224228998896756,
              41.11113649865766
            ],
            [
              34.221198499552465,
              41.16769049945115
            ],
            [
              34.26567450028377,
              41.196669999219424
            ],
            [
              34.30104849980134,
              41.23459399902305
            ],
            [
              34.33109950082829,
              41.27684349929322
            ],
            [
              34.38262449908867,
              41.2866564988552
            ],
            [
              34.435104999255046,
              41.30098049893834
            ],
            [
              34.484413999188185,
              41.33025549867997
            ],
            [
              34.528696000571216,
              41.30630299856384
            ],
            [
              34.5798879999281,
              41.29226199996763
            ],
            [
              34.631888499694135,
              41.29082749957266
            ],
            [
              34.68532100003028,
              41.29251050000991
            ],
            [
              34.71580599918313,
              41.249872998722395
            ],
            [
              34.76414849892333,
              41.235814998386374
            ],
            [
              34.81629199978244,
              41.21910299915231
            ],
            [
              34.868364000626606,
              41.22390849846806
            ],
            [
              34.91225949984226,
              41.25396099997159
            ],
            [
              34.9587890002996,
              41.23371999923777
            ],
            [
              34.96007750034606,
              41.182856999102285
            ],
            [
              34.95575499939214,
              41.12940699955019
            ],
            [
              34.9769519999899,
              41.081776499524736
            ],
            [
              35.02948750006889,
              41.08252449889068
            ],
            [
              35.08940449979976,
              41.0797204994261
            ],
            [
              35.08573408520606,
              41.02975756449595
            ],
            [
              35.038344709171255,
              41.01113088208516
            ],
            [
              35.046668999249626,
              40.96141349845297
            ],
            [
              35.06237350095495,
              40.908113499205335
            ],
            [
              35.02211300063747,
              40.87832249902802
            ],
            [
              35.00317249974994,
              40.82997200003734
            ],
            [
              34.992893498795354,
              40.778004498657886
            ],
            [
              35.02305899965521,
              40.73296999902446
            ],
            [
              35.06218049901441,
              40.695847499312585
            ],
            [
              35.11956700090852,
              40.69041699922554
            ],
            [
              35.17031150006313,
              40.696894498807886
            ],
            [
              35.22560700056891,
              40.71820649871769
            ],
            [
              35.267714500600235,
              40.68758749876797
            ],
            [
              35.32099950064731,
              40.68942799893174
            ],
            [
              35.343080999726666,
              40.64193399838569
            ],
            [
              35.397998999567754,
              40.633177498843565
            ],
            [
              35.44749149902166,
              40.61376099931045
            ],
            [
              35.47102389655094,
              40.56754669878305
            ],
            [
              35.47880550003382,
              40.51144449964425
            ],
            [
              35.44092399916132,
              40.47756099845618
            ],
            [
              35.40685049962984,
              40.43539699940102
            ],
            [
              35.385009998594775,
              40.38785899929551
            ],
            [
              35.36202149945886,
              40.34345449811238
            ],
            [
              35.382865500258575,
              40.29748299906038
            ],
            [
              35.39871399971156,
              40.24677649845365
            ],
            [
              35.34513549954509,
              40.24656349882093
            ],
            [
              35.29759850095368,
              40.22815649898867
            ],
            [
              35.24854200043725,
              40.199701999010244
            ],
            [
              35.19636100066326,
              40.21371799971423
            ],
            [
              35.17347900058377,
              40.158835498927075
            ],
            [
              35.141815999132184,
              40.118728998433525
            ],
            [
              35.157774500153536,
              40.066970499122064
            ],
            [
              35.12982650060846,
              40.0239929991634
            ],
            [
              35.075619499624565,
              40.01875799897877
            ],
            [
              35.02453600009436,
              40.00220899886083
            ],
            [
              34.97083550074033,
              40.00516399941592
            ],
            [
              34.920090499562626,
              39.99900049868632
            ],
            [
              34.89163600056526,
              40.04096449878666
            ],
            [
              34.845111999136165,
              40.022135499118406
            ],
            [
              34.79326899883977,
              40.00550199957131
            ],
            [
              34.74266099844676,
              40.01690049901626
            ],
            [
              34.6902270017315,
              40.022346499042996
            ],
            [
              34.65191449937351,
              39.988276998755204
            ],
            [
              34.61771100067414,
              39.94814749893748
            ],
            [
              34.566211501918005,
              39.95713249960568
            ],
            [
              34.51513450113836,
              39.98294249909622
            ],
            [
              34.463031999985276,
              39.99494299835304
            ],
            [
              34.40483900107561,
              39.994399997968905
            ],
            [
              34.35725900024659,
              39.965996998860014
            ],
            [
              34.31168799943403,
              39.93640449905731
            ],
            [
              34.24476250056427,
              39.927901998739955
            ]
          ]
        ]
      }
    },
    {
      "type": "Feature",
      "properties": {},
      "geometry": {
        "type": "Polygon",
        "coordinates": [
          [
            [
              34.1951625005223,
              39.9212519997607
            ],
            [
              34.24476250056427,
              39.927901998739955
            ],
            [
              34.31168799943403,
              39.93640449905731
            ],
            [
              34.35725900024659,
              39.965996998860014
            ],
            [
              34.40483900107561,
              39.994399997968905
            ],
            [
              34.463031999985276,
              39.99494299835304
            ],
            [
              34.51513450113836,
              39.98294249909622
            ],
            [
              34.566211501918005,
              39.95713249960568
            ],
            [
              34.61771100067414,
              39.94814749893748
            ],
            [
              34.65191449937351,
              39.988276998755204
            ],
            [
              34.6902270017315,
              40.022346499042996
            ],
            [
              34.74266099844676,
              40.01690049901626
            ],
            [
              34.79326899883977,
              40.00550199957131
            ],
            [
              34.845111999136165,
              40.022135499118406
            ],
            [
              34.89163600056526,
              40.04096449878666
            ],
            [
              34.920090499562626,
              39.99900049868632
            ],
            [
              34.97083550074033,
              40.00516399941592
            ],
            [
              35.02453600009436,
              40.00220899886083
            ],
            [
              35.075619499624565,
              40.01875799897877
            ],
            [
              35.12982650060846,
              40.0239929991634
            ],
            [
              35.157774500153536,
              40.066970499122064
            ],
            [
              35.141815999132184,
              40.118728998433525
            ],
            [
              35.17347900058377,
              40.158835498927075
            ],
            [
              35.19636100066326,
              40.21371799971423
            ],
            [
              35.24854200043725,
              40.199701999010244
            ],
            [
              35.29759850095368,
              40.22815649898867
            ],
            [
              35.34513549954509,
              40.24656349882093
            ],
            [
              35.39871399971156,
              40.24677649845365
            ],
            [
              35.451011001552715,
              40.23382499889588
            ],
            [
              35.49947400009026,
              40.17971949907414
            ],
            [
              35.51479750066984,
              40.12994099792389
            ],
            [
              35.56505199935163,
              40.122326499324565
            ],
            [
              35.620730999237246,
              40.11376049859464
            ],
            [
              35.66993850094338,
              40.10252949916546
            ],
            [
              35.71857450120312,
              40.08787199870478
            ],
            [
              35.77244549951607,
              40.0971994997021
            ],
            [
              35.83069499944185,
              40.095390998164426
            ],
            [
              35.880949000018155,
              40.1060509991274
            ],
            [
              35.93348749944014,
              40.10205349942374
            ],
            [
              35.96451549990713,
              40.059984999429055
            ],
            [
              35.94814499903735,
              40.01001599973652
            ],
            [
              35.98364650141718,
              39.969374998885804
            ],
            [
              36.00154000018869,
              39.91797849857495
            ],
            [
              36.05387700051148,
              39.91215649880923
            ],
            [
              36.10184649978159,
              39.88855199853398
            ],
            [
              36.08405999999693,
              39.82498949796926
            ],
            [
              36.041610000014614,
              39.79548399896694
            ],
            [
              36.0745420004654,
              39.75722199917908
            ],
            [
              36.12432050066783,
              39.728858998110184
            ],
            [
              36.1529689999,
              39.68640949943242
            ],
            [
              36.158679499290514,
              39.63310949877617
            ],
            [
              36.13859700075471,
              39.5846634986609
            ],
            [
              36.12117950043766,
              39.53478999885384
            ],
            [
              36.083488500907436,
              39.493672998870586
            ],
            [
              36.049795501015716,
              39.45236549961177
            ],
            [
              35.99906549948662,
              39.44303799868875
            ],
            [
              35.95071499988099,
              39.45940899967486
            ],
            [
              35.90217399863822,
              39.4436089987457
            ],
            [
              35.89855699915489,
              39.39097549928871
            ],
            [
              35.88646950001272,
              39.34072149864809
            ],
            [
              35.84502500077688,
              39.30943349934891
            ],
            [
              35.80544250057831,
              39.27707699919034
            ],
            [
              35.757651999377345,
              39.251709499129426
            ],
            [
              35.715840499334384,
              39.223042498642975
            ],
            [
              35.67119949960866,
              39.19935749933997
            ],
            [
              35.62061749987031,
              39.1886789990778
            ],
            [
              35.56907250021549,
              39.189160998879906
            ],
            [
              35.51391399987741,
              39.19205099918831
            ],
            [
              35.46421500053956,
              39.16852649937388
            ],
            [
              35.44261749969529,
              39.1210759990981
            ],
            [
              35.45324249929163,
              39.06987849975873
            ],
            [
              35.41205399992376,
              39.03720099920805
            ],
            [
              35.384285895385126,
              38.99225417911674
            ],
            [
              35.32492830209969,
              39.005326563569085
            ],
            [
              35.26116566626557,
              38.99795849303686
            ],
            [
              35.2111535005401,
              38.998376499696924
            ],
            [
              35.162177500937595,
              39.023506999004574
            ],
            [
              35.10894599960623,
              39.02479149900579
            ],
            [
              35.0605745002397,
              38.99922549900222
            ],
            [
              35.041144500460724,
              39.05513799881164
            ],
            [
              35.01175099921648,
              39.09780199843433
            ],
            [
              34.97808249912742,
              39.13552899901463
            ],
            [
              34.94199599874016,
              39.17322649879919
            ],
            [
              34.96970549889985,
              39.22155699843527
            ],
            [
              34.927738499709335,
              39.25635499914131
            ],
            [
              34.90325100099967,
              39.30178599943893
            ],
            [
              34.851295999809295,
              39.308712998878406
            ],
            [
              34.760031999388005,
              39.3414169988572
            ],
            [
              34.714520499791604,
              39.36292399862466
            ],
            [
              34.66884850062895,
              39.38926399888544
            ],
            [
              34.62094599953785,
              39.412018499064935
            ],
            [
              34.57604150105374,
              39.46146299868309
            ],
            [
              34.52225449961027,
              39.48714499867608
            ],
            [
              34.52474650086498,
              39.542039998737366
            ],
            [
              34.522392500428275,
              39.59714249940314
            ],
            [
              34.468595692407376,
              39.62774614135545
            ],
            [
              34.452615078916324,
              39.678306851268175
            ],
            [
              34.40236550423426,
              39.6921662487006
            ],
            [
              34.35171901696269,
              39.692379801121206
            ],
            [
              34.29882751810063,
              39.69823736496541
            ],
            [
              34.25106612580999,
              39.717316586122685
            ],
            [
              34.21277043412723,
              39.75180227164249
            ],
            [
              34.18047777509862,
              39.79729984623271
            ],
            [
              34.12904646167555,
              39.793363887578934
            ],
            [
              34.08318140506069,
              39.81595405540229
            ],
            [
              34.07763049890447,
              39.866314999368115
            ],
            [
              34.094636499865565,
              39.91365349913109
            ],
            [
              34.144688499133835,
              39.91347249912281
            ],
            [
              34.1951625005223,
              39.9212519997607
            ]
          ]
        ]
      }
    },
    {
      "type": "Feature",
      "properties": {},
      "geometry": {
        "type": "Polygon",
        "coordinates": [
          [
            [
              34.1951625005223,
              39.9212519997607
            ],
            [
              34.144688499133835,
              39.91347249912281
            ],
            [
              34.094636499865565,
              39.91365349913109
            ],
            [
              34.07763049890447,
              39.866314999368115
            ],
            [
              34.08318140506069,
              39.81595405540229
            ],
            [
              34.048121500509744,
              39.77521299872433
            ],
            [
              34.008617500768885,
              39.74417899909369
            ],
            [
              33.966267499376976,
              39.716477999234144
            ],
            [
              33.95758899936381,
              39.665171498082344
            ],
            [
              33.91100350120011,
              39.64392699927439
            ],
            [
              33.86770999931202,
              39.61668599903248
            ],
            [
              33.84352718664174,
              39.571821827884946
            ],
            [
              33.79244871133613,
              39.54815631142631
            ],
            [
              33.74457605543119,
              39.529762260785255
            ],
            [
              33.754874500880845,
              39.4765164992376
            ],
            [
              33.700907000726055,
              39.48679149975769
            ],
            [
              33.64979749849504,
              39.48593499841489
            ],
            [
              33.60529499854229,
              39.457192498542426
            ],
            [
              33.56079249971798,
              39.4230344993161
            ],
            [
              33.506431500129786,
              39.4321989987604
            ],
            [
              33.44574799937585,
              39.35724799894866
            ],
            [
              33.42090274989416,
              39.40101912395037
            ],
            [
              33.36575550036043,
              39.4701909992471
            ],
            [
              33.34249999948086,
              39.51610849944795
            ],
            [
              33.32433549876301,
              39.5747739989522
            ],
            [
              33.31744350014595,
              39.62848049968886
            ],
            [
              33.27642800061974,
              39.662687998495976
            ],
            [
              33.24095999944146,
              39.70933449945226
            ],
            [
              33.28420399976853,
              39.73694649863873
            ],
            [
              33.31050350045718,
              39.78290249892257
            ],
            [
              33.29374200026295,
              39.832212499648385
            ],
            [
              33.308366000867004,
              39.88096049943137
            ],
            [
              33.33467299932548,
              39.9247494995349
            ],
            [
              33.371055499061235,
              39.960385498312114
            ],
            [
              33.41511750052719,
              39.98452849999344
            ],
            [
              33.4646635006114,
              40.00047649822815
            ],
            [
              33.51584899991003,
              40.01062499914997
            ],
            [
              33.56003700036276,
              40.045042998419454
            ],
            [
              33.584574500068136,
              40.08877949908186
            ],
            [
              33.57619850092573,
              40.14242499915735
            ],
            [
              33.600730998198046,
              40.190045498677726
            ],
            [
              33.620099815017795,
              40.242661712564505
            ],
            [
              33.646381749547174,
              40.2860249977585
            ],
            [
              33.704504500473206,
              40.32872799942757
            ],
            [
              33.77887650002122,
              40.322705499545485
            ],
            [
              33.817742999085645,
              40.28972099923166
            ],
            [
              33.865714000842715,
              40.26899199892968
            ],
            [
              33.9189370002708,
              40.2706029995692
            ],
            [
              33.97126549957269,
              40.25040999927977
            ],
            [
              34.03227049945659,
              40.20897099979477
            ],
            [
              34.06378849919846,
              40.16980499857173
            ],
            [
              34.07538699852333,
              40.11651849878208
            ],
            [
              34.093709499686234,
              40.06894749947311
            ],
            [
              34.14229250076958,
              40.04933349884221
            ],
            [
              34.179074999905026,
              40.013226499169186
            ],
            [
              34.21135300111767,
              39.97471799889431
            ],
            [
              34.1951625005223,
              39.9212519997607
            ]
          ]
        ]
      }
    },
    {
      "type": "Feature",
      "properties": {},
      "geometry": {
        "type": "Polygon",
        "coordinates": [
          [
            [
              34.08318140506069,
              39.81595405540229
            ],
            [
              34.12904646167555,
              39.793363887578934
            ],
            [
              34.18047777509862,
              39.79729984623271
            ],
            [
              34.21277043412723,
              39.75180227164249
            ],
            [
              34.25106612580999,
              39.717316586122685
            ],
            [
              34.29882751810063,
              39.69823736496541
            ],
            [
              34.35171901696269,
              39.692379801121206
            ],
            [
              34.40236550423426,
              39.6921662487006
            ],
            [
              34.452615078916324,
              39.678306851268175
            ],
            [
              34.468595692407376,
              39.62774614135545
            ],
            [
              34.522392500428275,
              39.59714249940314
            ],
            [
              34.52474650086498,
              39.542039998737366
            ],
            [
              34.52225449961027,
              39.48714499867608
            ],
            [
              34.57604150105374,
              39.46146299868309
            ],
            [
              34.62094599953785,
              39.412018499064935
            ],
            [
              34.591854998719285,
              39.368266999804
            ],
            [
              34.603347000568135,
              39.31424449915337
            ],
            [
              34.654196998882874,
              39.30505249912053
            ],
            [
              34.69173349957029,
              39.26896599857509
            ],
            [
              34.650582500446426,
              39.23587949960672
            ],
            [
              34.61753650038105,
              39.19685249790694
            ],
            [
              34.605101499595925,
              39.14757599941357
            ],
            [
              34.5585429992331,
              39.11261699910729
            ],
            [
              34.59363650177492,
              39.0714819994357
            ],
            [
              34.54739999958272,
              39.04981399985398
            ],
            [
              34.505755500524515,
              39.01574099972893
            ],
            [
              34.463465999927955,
              38.98633999927842
            ],
            [
              34.42415750091116,
              38.95371699943501
            ],
            [
              34.401200499788594,
              38.90675599915082
            ],
            [
              34.373490999229354,
              38.863097499507575
            ],
            [
              34.32387150054749,
              38.872924499618
            ],
            [
              34.27691050046032,
              38.90023099973628
            ],
            [
              34.23246750068115,
              38.829877999535164
            ],
            [
              34.18389149978648,
              38.80245849839446
            ],
            [
              34.14298999942227,
              38.83373599989282
            ],
            [
              34.10641650013587,
              38.86791749905761
            ],
            [
              34.06736799966527,
              38.89944399888272
            ],
            [
              34.043363500268185,
              38.951213498781634
            ],
            [
              33.99734600021859,
              38.984509998977835
            ],
            [
              33.969912499041456,
              39.03240849915987
            ],
            [
              33.87500900012205,
              39.04182349844062
            ],
            [
              33.82644350002935,
              39.069909999167805
            ],
            [
              33.771733999791195,
              39.07137249956013
            ],
            [
              33.72697200014107,
              39.105309999246735
            ],
            [
              33.680162000536654,
              39.142757998890445
            ],
            [
              33.63159649997231,
              39.17318449948901
            ],
            [
              33.58449349935925,
              39.19600449978466
            ],
            [
              33.54031649922426,
              39.23784099997473
            ],
            [
              33.50817999944867,
              39.28764299841848
            ],
            [
              33.461780013884784,
              39.30868374914209
            ],
            [
              33.44574799937585,
              39.35724799894866
            ],
            [
              33.506431500129786,
              39.4321989987604
            ],
            [
              33.56079249971798,
              39.4230344993161
            ],
            [
              33.60529499854229,
              39.457192498542426
            ],
            [
              33.64979749849504,
              39.48593499841489
            ],
            [
              33.700907000726055,
              39.48679149975769
            ],
            [
              33.754874500880845,
              39.4765164992376
            ],
            [
              33.74457605543119,
              39.529762260785255
            ],
            [
              33.79244871133613,
              39.54815631142631
            ],
            [
              33.84352718664174,
              39.571821827884946
            ],
            [
              33.86770999931202,
              39.61668599903248
            ],
            [
              33.91100350120011,
              39.64392699927439
            ],
            [
              33.95758899936381,
              39.665171498082344
            ],
            [
              33.966267499376976,
              39.716477999234144
            ],
            [
              34.008617500768885,
              39.74417899909369
            ],
            [
              34.048121500509744,
              39.77521299872433
            ],
            [
              34.08318140506069,
              39.81595405540229
            ]
          ]
        ]
      }
    },
    {
      "type": "Feature",
      "properties": {},
      "geometry": {
        "type": "Polygon",
        "coordinates": [
          [
            [
              33.409709500613346,
              38.69688599921798
            ],
            [
              33.36245299929989,
              38.757030998322335
            ],
            [
              33.35147400105356,
              38.80762899833995
            ],
            [
              33.354819249597476,
              38.862055749171404
            ],
            [
              33.380591999915914,
              38.93221499968803
            ],
            [
              33.39538949916552,
              38.9828129989067
            ],
            [
              33.38727450020159,
              39.036752499028
            ],
            [
              33.342397253521796,
              39.081145998714675
            ],
            [
              33.281610001478235,
              39.082284498218016
            ],
            [
              33.230863000508364,
              39.106638498984324
            ],
            [
              33.18106449906259,
              39.12898199903732
            ],
            [
              33.14122000165494,
              39.160415998722634
            ],
            [
              33.13085500020116,
              39.20977549966942
            ],
            [
              33.172314000058,
              39.24834549960068
            ],
            [
              33.13688699961094,
              39.28445199913634
            ],
            [
              33.08888649947052,
              39.24214399886895
            ],
            [
              33.0546489991841,
              39.20425349881851
            ],
            [
              33.008177999907595,
              39.22319849865874
            ],
            [
              33.01200100016473,
              39.275446499397354
            ],
            [
              32.96255650103278,
              39.28436699889847
            ],
            [
              32.92435425640522,
              39.25028062818831
            ],
            [
              32.86867999996081,
              39.26763099873163
            ],
            [
              32.81745099972332,
              39.26295799909594
            ],
            [
              32.79545300037771,
              39.21422599910176
            ],
            [
              32.82263500028139,
              39.1714284988693
            ],
            [
              32.77701200015126,
              39.13662799881619
            ],
            [
              32.72620800032552,
              39.12677299834872
            ],
            [
              32.673379499813635,
              39.121845498229774
            ],
            [
              32.63203400004096,
              39.088655998699906
            ],
            [
              32.590454001055086,
              39.05682049848483
            ],
            [
              32.543453000569784,
              39.03802199913503
            ],
            [
              32.504075500064964,
              38.99967849872834
            ],
            [
              32.459303499844495,
              38.9735119996442
            ],
            [
              32.410023249902096,
              38.99348074874448
            ],
            [
              32.371201249804905,
              39.02822449908361
            ],
            [
              32.31853100090528,
              39.01446099895197
            ],
            [
              32.271554543548156,
              38.99733105054896
            ],
            [
              32.2169764993261,
              39.01364299971544
            ],
            [
              32.17543300044714,
              38.97957549900559
            ],
            [
              32.13049100044099,
              38.95298399990073
            ],
            [
              32.07722499998312,
              38.957640999224864
            ],
            [
              32.02846000033567,
              38.98915999896457
            ],
            [
              31.981224500392592,
              39.02985399857434
            ],
            [
              31.944009832876635,
              39.0711564995862
            ],
            [
              31.843748622871917,
              39.1355507406763
            ],
            [
              31.8875013387326,
              39.18376979535784
            ],
            [
              31.927444736845864,
              39.21828201201139
            ],
            [
              31.97036827146657,
              39.24567201662794
            ],
            [
              32.01553799924619,
              39.273807999456565
            ],
            [
              32.01607899954903,
              39.32442899922414
            ],
            [
              31.974153501314888,
              39.35434249939372
            ],
            [
              31.987901999858,
              39.4034454995768
            ],
            [
              31.996028500234747,
              39.45307699818312
            ],
            [
              31.99131899995245,
              39.503019498429865
            ],
            [
              31.938709999937767,
              39.51369449948146
            ],
            [
              31.902581498676575,
              39.55560349913913
            ],
            [
              31.879667499878074,
              39.60121249894446
            ],
            [
              31.847564999074987,
              39.64714699836613
            ],
            [
              31.81938499980332,
              39.69194599926046
            ],
            [
              31.799166739792113,
              39.74012525513994
            ],
            [
              31.812983499586135,
              39.78961099968422
            ],
            [
              31.860018999165604,
              39.81596749873897
            ],
            [
              31.856791728233553,
              39.88292600965201
            ],
            [
              31.807103951712957,
              39.87647278695028
            ],
            [
              31.767716053929345,
              39.90951962589909
            ],
            [
              31.74100429120838,
              39.95283575577534
            ],
            [
              31.695757430618972,
              39.98712462728051
            ],
            [
              31.666239499705046,
              40.027860499152844
            ],
            [
              31.610492543377774,
              40.022604283959126
            ],
            [
              31.55309900077122,
              40.035610999274674
            ],
            [
              31.500253499647197,
              40.021619499104226
            ],
            [
              31.44720599955012,
              40.028463998681715
            ],
            [
              31.396777999914075,
              40.0271734995356
            ],
            [
              31.351125499487644,
              40.052137499310426
            ],
            [
              31.300898499844983,
              40.0621829992418
            ],
            [
              31.246725000264977,
              40.061375499140304
            ],
            [
              31.196479748022107,
              40.04726277527141
            ],
            [
              31.148065000295013,
              40.066218998067555
            ],
            [
              31.098907438732084,
              40.05348503579228
            ],
            [
              31.047162500486973,
              40.05339299875374
            ],
            [
              31.00201163364368,
              40.03180422169747
            ],
            [
              30.951178941393962,
              40.03177749843743
            ],
            [
              30.902580999330876,
              40.04514149970178
            ],
            [
              30.85647949991448,
              40.06550149844183
            ],
            [
              30.83063045699776,
              40.108360829577954
            ],
            [
              30.846133499422614,
              40.15828049923852
            ],
            [
              30.895176500748192,
              40.179190499608346
            ],
            [
              30.9403225011123,
              40.201620998982406
            ],
            [
              30.98975750014931,
              40.21461799876336
            ],
            [
              31.04101049844963,
              40.2177544987595
            ],
            [
              31.051132999691095,
              40.26886499919492
            ],
            [
              31.066315999693295,
              40.325606499184445
            ],
            [
              31.105236999687932,
              40.35996549887978
            ],
            [
              31.155776998697966,
              40.34977199948737
            ],
            [
              31.20945349969041,
              40.33936449859287
            ],
            [
              31.259776170149486,
              40.34606399980229
            ],
            [
              31.31096150030089,
              40.358824998662485
            ],
            [
              31.361394500142126,
              40.36611949934586
            ],
            [
              31.414702500275453,
              40.37042049960603
            ],
            [
              31.448786681615257,
              40.33015441178544
            ],
            [
              31.492971998976234,
              40.302059498614305
            ],
            [
              31.543951500250397,
              40.27478149846387
            ],
            [
              31.5960671674823,
              40.270414930557635
            ],
            [
              31.64384349995871,
              40.29169949903387
            ],
            [
              31.69147399911175,
              40.309806499872344
            ],
            [
              31.739446499258705,
              40.3261294987443
            ],
            [
              31.79469150064959,
              40.320212998588815
            ],
            [
              31.852146001172127,
              40.31187249912796
            ],
            [
              31.9003334998099,
              40.335467498653884
            ],
            [
              31.950303500449337,
              40.35521299860032
            ],
            [
              31.99658449980545,
              40.374201998588
            ],
            [
              32.03138775095041,
              40.41106912364778
            ],
            [
              32.09071500087357,
              40.426635498936506
            ],
            [
              32.1185919999011,
              40.46945699846798
            ],
            [
              32.16202749869991,
              40.50766499935321
            ],
            [
              32.199100750281936,
              40.547778999570845
            ],
            [
              32.249290001113664,
              40.5610909994409
            ],
            [
              32.30137400067565,
              40.57753299891176
            ],
            [
              32.35326849915755,
              40.572209999367615
            ],
            [
              32.40573250080818,
              40.56070949887317
            ],
            [
              32.438797501408246,
              40.604800499050924
            ],
            [
              32.440798996065475,
              40.65983649503099
            ],
            [
              32.48974774979118,
              40.68264624902139
            ],
            [
              32.527390999991134,
              40.7157414982306
            ],
            [
              32.585237499928716,
              40.7488384991562
            ],
            [
              32.63617050553221,
              40.74985838718206
            ],
            [
              32.69479699949489,
              40.73691499796121
            ],
            [
              32.72473800038265,
              40.693302998498694
            ],
            [
              32.76719449979547,
              40.66576899935435
            ],
            [
              32.81600449966882,
              40.64998049866803
            ],
            [
              32.866556499926176,
              40.630790499220545
            ],
            [
              32.90559899998118,
              40.59716249894181
            ],
            [
              32.89552600011889,
              40.54619849892143
            ],
            [
              32.94645399963345,
              40.52184149925768
            ],
            [
              32.98522489012626,
              40.48999480800476
            ],
            [
              33.03816600038573,
              40.479408999312234
            ],
            [
              33.088131499616324,
              40.489517498065
            ],
            [
              33.141923999792695,
              40.47529349879652
            ],
            [
              33.176365500275566,
              40.4321149989334
            ],
            [
              33.20893000059856,
              40.38922549959581
            ],
            [
              33.237450998747256,
              40.340053998331804
            ],
            [
              33.290304499785286,
              40.33846549876387
            ],
            [
              33.3214992507419,
              40.38439224978349
            ],
            [
              33.3758669988531,
              40.398539999118405
            ],
            [
              33.42511049875988,
              40.3897309993993
            ],
            [
              33.47995048962135,
              40.358875407024684
            ],
            [
              33.53107100093771,
              40.34414549951028
            ],
            [
              33.58396375772991,
              40.347940820617
            ],
            [
              33.63620099949016,
              40.335673498660455
            ],
            [
              33.646381749547174,
              40.2860249977585
            ],
            [
              33.620099815017795,
              40.242661712564505
            ],
            [
              33.600730998198046,
              40.190045498677726
            ],
            [
              33.57619850092573,
              40.14242499915735
            ],
            [
              33.584574500068136,
              40.08877949908186
            ],
            [
              33.56003700036276,
              40.045042998419454
            ],
            [
              33.51584899991003,
              40.01062499914997
            ],
            [
              33.4646635006114,
              40.00047649822815
            ],
            [
              33.41511750052719,
              39.98452849999344
            ],
            [
              33.371055499061235,
              39.960385498312114
            ],
            [
              33.33467299932548,
              39.9247494995349
            ],
            [
              33.308366000867004,
              39.88096049943137
            ],
            [
              33.29374200026295,
              39.832212499648385
            ],
            [
              33.31050350045718,
              39.78290249892257
            ],
            [
              33.28420399976853,
              39.73694649863873
            ],
            [
              33.24095999944146,
              39.70933449945226
            ],
            [
              33.27642800061974,
              39.662687998495976
            ],
            [
              33.31744350014595,
              39.62848049968886
            ],
            [
              33.32433549876301,
              39.5747739989522
            ],
            [
              33.34249999948086,
              39.51610849944795
            ],
            [
              33.36575550036043,
              39.4701909992471
            ],
            [
              33.42090274989416,
              39.40101912395037
            ],
            [
              33.44574799937585,
              39.35724799894866
            ],
            [
              33.461780013884784,
              39.30868374914209
            ],
            [
              33.50817999944867,
              39.28764299841848
            ],
            [
              33.54031649922426,
              39.23784099997473
            ],
            [
              33.58449349935925,
              39.19600449978466
            ],
            [
              33.63159649997231,
              39.17318449948901
            ],
            [
              33.680162000536654,
              39.142757998890445
            ],
            [
              33.72697200014107,
              39.105309999246735
            ],
            [
              33.771733999791195,
              39.07137249956013
            ],
            [
              33.82644350002935,
              39.069909999167805
            ],
            [
              33.87500900012205,
              39.04182349844062
            ],
            [
              33.83003600114334,
              38.996939499310784
            ],
            [
              33.77677249923689,
              38.99196149923455
            ],
            [
              33.73719250010674,
              38.951013998338475
            ],
            [
              33.780766998828504,
              38.916584999285945
            ],
            [
              33.79046071303181,
              38.867048096769146
            ],
            [
              33.78032964489846,
              38.814697533614684
            ],
            [
              33.767479077904405,
              38.76417209694832
            ],
            [
              33.733961374100886,
              38.723353597536644
            ],
            [
              33.6895355004085,
              38.69405449812488
            ],
            [
              33.64158650004673,
              38.67257399928432
            ],
            [
              33.577545499994386,
              38.65336199909824
            ],
            [
              33.520727329199886,
              38.64833635741851
            ],
            [
              33.45416050001691,
              38.66873149865992
            ],
            [
              33.409709500613346,
              38.69688599921798
            ]
          ]
        ]
      }
    },
    {
      "type": "Feature",
      "properties": {},
      "geometry": {
        "type": "Polygon",
        "coordinates": [
          [
            [
              33.01200100016473,
              39.275446499397354
            ],
            [
              33.008177999907595,
              39.22319849865874
            ],
            [
              33.0546489991841,
              39.20425349881851
            ],
            [
              33.08888649947052,
              39.24214399886895
            ],
            [
              33.13688699961094,
              39.28445199913634
            ],
            [
              33.172314000058,
              39.24834549960068
            ],
            [
              33.13085500020116,
              39.20977549966942
            ],
            [
              33.14122000165494,
              39.160415998722634
            ],
            [
              33.18106449906259,
              39.12898199903732
            ],
            [
              33.230863000508364,
              39.106638498984324
            ],
            [
              33.281610001478235,
              39.082284498218016
            ],
            [
              33.342397253521796,
              39.081145998714675
            ],
            [
              33.38727450020159,
              39.036752499028
            ],
            [
              33.39538949916552,
              38.9828129989067
            ],
            [
              33.380591999915914,
              38.93221499968803
            ],
            [
              33.354819249597476,
              38.862055749171404
            ],
            [
              33.35147400105356,
              38.80762899833995
            ],
            [
              33.36245299929989,
              38.757030998322335
            ],
            [
              33.409709500613346,
              38.69688599921798
            ],
            [
              33.37009049932345,
              38.631012999401925
            ],
            [
              33.33310771176912,
              38.570804906558834
            ],
            [
              33.30655550088228,
              38.52529699858103
            ],
            [
              33.267357846837584,
              38.465157590256126
            ],
            [
              33.232691499946164,
              38.40725599918876
            ],
            [
              33.22398649946136,
              38.345561999077276
            ],
            [
              33.18589400075298,
              38.307469498945046
            ],
            [
              33.192752499185076,
              38.25280999891271
            ],
            [
              33.2507885000176,
              38.25333799881168
            ],
            [
              33.26953451453058,
              38.204585954659315
            ],
            [
              33.29352399888666,
              38.157525998980304
            ],
            [
              33.28529349977289,
              38.10687649877564
            ],
            [
              33.32159200051753,
              38.07078899885998
            ],
            [
              33.36200600072257,
              38.041348998304294
            ],
            [
              33.413288499952884,
              38.008742999918695
            ],
            [
              33.4663650001714,
              37.97065049987228
            ],
            [
              33.527144500370525,
              37.9853179988851
            ],
            [
              33.5705129998326,
              38.02636499915092
            ],
            [
              33.60005849954401,
              38.07711999950793
            ],
            [
              33.64564299856078,
              38.101916999134815
            ],
            [
              33.70436450028505,
              38.11194149922759
            ],
            [
              33.74418049993017,
              38.0746579990729
            ],
            [
              33.79342145185893,
              38.05084597895173
            ],
            [
              33.839711000158864,
              38.07296949904742
            ],
            [
              33.89190849940756,
              38.108001998932174
            ],
            [
              33.93939200050628,
              38.128777499387375
            ],
            [
              33.99116699971913,
              38.11414549937801
            ],
            [
              34.02324499920313,
              38.06912399846535
            ],
            [
              34.02291303221719,
              38.01520054927585
            ],
            [
              34.03148149953404,
              37.96025099878902
            ],
            [
              34.06345400123613,
              37.91772649921723
            ],
            [
              34.119801500343236,
              37.90400899937444
            ],
            [
              34.18258550126913,
              37.88153349831264
            ],
            [
              34.23429050067861,
              37.865494499458066
            ],
            [
              34.2767749985813,
              37.8329944988745
            ],
            [
              34.3210139991122,
              37.79666899881994
            ],
            [
              34.36042600087538,
              37.76232249954598
            ],
            [
              34.38377199974735,
              37.71206899907737
            ],
            [
              34.37174300046834,
              37.65936199864635
            ],
            [
              34.32402150010674,
              37.61607249856039
            ],
            [
              34.32813699995317,
              37.563206998339204
            ],
            [
              34.316503500244316,
              37.51018349916672
            ],
            [
              34.358605501145476,
              37.46444049879054
            ],
            [
              34.40696000125066,
              37.4429934990692
            ],
            [
              34.41661500062419,
              37.39163199872586
            ],
            [
              34.42093126154336,
              37.340243622382054
            ],
            [
              34.44899649992391,
              37.298563499257135
            ],
            [
              34.41060049998927,
              37.26616049827782
            ],
            [
              34.36414550047598,
              37.246770998926515
            ],
            [
              34.31507900137191,
              37.22389949845774
            ],
            [
              34.25406199986495,
              37.24020249886985
            ],
            [
              34.215125499306254,
              37.27225399923514
            ],
            [
              34.16910550091184,
              37.29639149891778
            ],
            [
              34.12457600012973,
              37.320871998850194
            ],
            [
              34.083845501136935,
              37.353477999230684
            ],
            [
              34.033723999437306,
              37.37669199962379
            ],
            [
              33.98085849992306,
              37.399695499084196
            ],
            [
              33.92524950140554,
              37.41668399826462
            ],
            [
              33.87449450084064,
              37.43314499865303
            ],
            [
              33.85022499939136,
              37.47767449954697
            ],
            [
              33.79134499966258,
              37.53001199885575
            ],
            [
              33.743544500341386,
              37.55533699858583
            ],
            [
              33.69711599952344,
              37.585726499672255
            ],
            [
              33.64150699987332,
              37.60303199900465
            ],
            [
              33.589576426139,
              37.61284700589399
            ],
            [
              33.53951349913051,
              37.596665498952575
            ],
            [
              33.528258000068234,
              37.53602699860006
            ],
            [
              33.49350699844779,
              37.49550749966811
            ],
            [
              33.4401844992588,
              37.4810159983642
            ],
            [
              33.3684309999097,
              37.468494499775794
            ],
            [
              33.29935099980171,
              37.475387999169584
            ],
            [
              33.26713199986144,
              37.51632999991864
            ],
            [
              33.22225100047388,
              37.54418699825185
            ],
            [
              33.161893999410744,
              37.5429209988708
            ],
            [
              33.13065999855703,
              37.501416498926694
            ],
            [
              33.06820158834007,
              37.49120047147393
            ],
            [
              33.01585450042265,
              37.49747699918598
            ],
            [
              32.9826905002689,
              37.455708998081136
            ],
            [
              32.94755249950589,
              37.415980498726036
            ],
            [
              32.90188900012634,
              37.391367999247386
            ],
            [
              32.88463649838083,
              37.343171998754535
            ],
            [
              32.83177099999798,
              37.33438749920748
            ],
            [
              32.78347912747654,
              37.31302657947712
            ],
            [
              32.813618596771164,
              37.27002116180009
            ],
            [
              32.79014349869158,
              37.21947649971395
            ],
            [
              32.775661001183686,
              37.169222999485285
            ],
            [
              32.79315099935865,
              37.1164364997611
            ],
            [
              32.795842000157506,
              37.06301749928756
            ],
            [
              32.80130249858909,
              37.01173499891401
            ],
            [
              32.82255149881503,
              36.965068498155745
            ],
            [
              32.82128499935315,
              36.91209799912978
            ],
            [
              32.795854999804845,
              36.86450849825293
            ],
            [
              32.750587000329325,
              36.84234949833488
            ],
            [
              32.70415850106867,
              36.81997899954508
            ],
            [
              32.66479949933122,
              36.78674049879129
            ],
            [
              32.623132498756505,
              36.75503199894
            ],
            [
              32.569555000036246,
              36.74790949860238
            ],
            [
              32.515819001475855,
              36.74751349888165
            ],
            [
              32.459787999158124,
              36.74577249945448
            ],
            [
              32.40846150062823,
              36.74490199923978
            ],
            [
              32.375459999901764,
              36.784788498896255
            ],
            [
              32.331299999558276,
              36.81589049923794
            ],
            [
              32.29299649940328,
              36.85949649916538
            ],
            [
              32.26070750080154,
              36.903181498614735
            ],
            [
              32.226360999484385,
              36.942117998065726
            ],
            [
              32.18655349894196,
              36.97242849864897
            ],
            [
              32.134406500585385,
              36.9892857503342
            ],
            [
              32.07908199916912,
              37.008595498906644
            ],
            [
              32.041490501358396,
              37.050855999411084
            ],
            [
              32.006273500352385,
              37.08813099876561
            ],
            [
              31.96527899983521,
              37.12437699847972
            ],
            [
              31.935126500319903,
              37.167745498398276
            ],
            [
              31.894369501262737,
              37.197739499053604
            ],
            [
              31.86674999971016,
              37.24459049905213
            ],
            [
              31.837467998607845,
              37.28629699923374
            ],
            [
              31.811668500349594,
              37.33227699914732
            ],
            [
              31.768204500770047,
              37.36009499922624
            ],
            [
              31.72000849951216,
              37.374042999455156
            ],
            [
              31.671693499511868,
              37.34501849929884
            ],
            [
              31.6179180009659,
              37.33118899934982
            ],
            [
              31.566639500017395,
              37.326702000053146
            ],
            [
              31.5126205006198,
              37.33619899882034
            ],
            [
              31.463059001335022,
              37.34777299867223
            ],
            [
              31.39569149900928,
              37.36557949842951
            ],
            [
              31.36326200032128,
              37.41111149950967
            ],
            [
              31.372612500052824,
              37.463501499348524
            ],
            [
              31.37156849904529,
              37.518212499135956
            ],
            [
              31.361241499725818,
              37.575648499045954
            ],
            [
              31.33717699978489,
              37.62556249902721
            ],
            [
              31.343806499997047,
              37.67553999846401
            ],
            [
              31.388484931376436,
              37.70023766105899
            ],
            [
              31.432574501348817,
              37.73286999975624
            ],
            [
              31.449834499707013,
              37.78055099938461
            ],
            [
              31.46810150068372,
              37.834813999503815
            ],
            [
              31.43505999951375,
              37.8837044986672
            ],
            [
              31.45574650017254,
              37.93300649921144
            ],
            [
              31.49964699934276,
              37.966324998761536
            ],
            [
              31.50619150039218,
              38.01647249869024
            ],
            [
              31.536449999669312,
              38.05633549981401
            ],
            [
              31.571468500572003,
              38.100958498200626
            ],
            [
              31.553194501457472,
              38.15059649872644
            ],
            [
              31.509421501551145,
              38.18025999836785
            ],
            [
              31.461483500401574,
              38.210263499202696
            ],
            [
              31.414481001051524,
              38.23542249900672
            ],
            [
              31.367988000252577,
              38.25446149879467
            ],
            [
              31.32149499955018,
              38.2847199996449
            ],
            [
              31.289281499830093,
              38.333932499141945
            ],
            [
              31.265567999763235,
              38.37906549884171
            ],
            [
              31.241413000645554,
              38.42793599980307
            ],
            [
              31.28740599914906,
              38.45455799840618
            ],
            [
              31.33331099978495,
              38.478982999499806
            ],
            [
              31.382115498698397,
              38.50668349887841
            ],
            [
              31.48580129727477,
              38.56767343575065
            ],
            [
              31.53062799999711,
              38.59466349949918
            ],
            [
              31.59327000009866,
              38.622342499989145
            ],
            [
              31.622074500407265,
              38.66785199878235
            ],
            [
              31.57071549988307,
              38.689241998722615
            ],
            [
              31.558669000221403,
              38.74007849903388
            ],
            [
              31.597539499606036,
              38.7731669991448
            ],
            [
              31.627174500820566,
              38.818542498436685
            ],
            [
              31.63119000036472,
              38.872832998950585
            ],
            [
              31.629503498772763,
              38.926882498463414
            ],
            [
              31.67273706794762,
              38.9583269433759
            ],
            [
              31.65544399959466,
              39.015545999517165
            ],
            [
              31.59978850015989,
              39.036025499291895
            ],
            [
              31.657701998976115,
              39.085216499850254
            ],
            [
              31.709433456161904,
              39.072485791598055
            ],
            [
              31.753713499498996,
              39.096727999929506
            ],
            [
              31.792198499952054,
              39.13056199898745
            ],
            [
              31.843748622871917,
              39.1355507406763
            ],
            [
              31.944009832876635,
              39.0711564995862
            ],
            [
              31.981224500392592,
              39.02985399857434
            ],
            [
              32.02846000033567,
              38.98915999896457
            ],
            [
              32.07722499998312,
              38.957640999224864
            ],
            [
              32.13049100044099,
              38.95298399990073
            ],
            [
              32.17543300044714,
              38.97957549900559
            ],
            [
              32.2169764993261,
              39.01364299971544
            ],
            [
              32.271554543548156,
              38.99733105054896
            ],
            [
              32.31853100090528,
              39.01446099895197
            ],
            [
              32.371201249804905,
              39.02822449908361
            ],
            [
              32.410023249902096,
              38.99348074874448
            ],
            [
              32.459303499844495,
              38.9735119996442
            ],
            [
              32.504075500064964,
              38.99967849872834
            ],
            [
              32.543453000569784,
              39.03802199913503
            ],
            [
              32.590454001055086,
              39.05682049848483
            ],
            [
              32.63203400004096,
              39.088655998699906
            ],
            [
              32.673379499813635,
              39.121845498229774
            ],
            [
              32.72620800032552,
              39.12677299834872
            ],
            [
              32.77701200015126,
              39.13662799881619
            ],
            [
              32.82263500028139,
              39.1714284988693
            ],
            [
              32.79545300037771,
              39.21422599910176
            ],
            [
              32.81745099972332,
              39.26295799909594
            ],
            [
              32.86867999996081,
              39.26763099873163
            ],
            [
              32.92435425640522,
              39.25028062818831
            ],
            [
              32.96255650103278,
              39.28436699889847
            ],
            [
              33.01200100016473,
              39.275446499397354
            ]
          ]
        ]
      }
    },
    {
      "type": "Feature",
      "properties": {},
      "geometry": {
        "type": "Polygon",
        "coordinates": [
          [
            [
              37.168985495632974,
              41.14631849785428
            ],
            [
              37.23585154728862,
              41.14505082352539
            ],
            [
              37.29032830030733,
              41.14471304264018
            ],
            [
              37.33183527740249,
              41.11493488561572
            ],
            [
              37.38465850191644,
              41.10700025073895
            ],
            [
              37.42786736698678,
              41.07759713494549
            ],
            [
              37.47756527271556,
              41.06099961938476
            ],
            [
              37.527864579035395,
              41.02279421014629
            ],
            [
              37.57876182294201,
              41.03114413767606
            ],
            [
              37.616934243617635,
              41.06806872990742
            ],
            [
              37.65054632757129,
              41.1065680803609
            ],
            [
              37.70142457480627,
              41.11553239893246
            ],
            [
              37.756918038268395,
              41.118882428840145
            ],
            [
              37.77297353719476,
              41.07085486494151
            ],
            [
              37.804281913739786,
              41.028697445242436
            ],
            [
              37.85365338867603,
              41.01683609997845
            ],
            [
              37.89646844028808,
              40.984286860978685
            ],
            [
              37.95798090739733,
              40.981881987954814
            ],
            [
              38.00918943977979,
              40.97793053329529
            ],
            [
              38.06510805219722,
              40.967189480605434
            ],
            [
              38.072498499866256,
              40.89873249872866
            ],
            [
              38.021415000614994,
              40.884292499100575
            ],
            [
              38.01463000082772,
              40.83315449850128
            ],
            [
              38.01700949945116,
              40.781472499372924
            ],
            [
              37.97284649938183,
              40.75691649929808
            ],
            [
              37.94802512443673,
              40.71311109872825
            ],
            [
              37.9844584996217,
              40.678108999170185
            ],
            [
              38.00262308450406,
              40.63070338358254
            ],
            [
              38.04078609230416,
              40.59713635946437
            ],
            [
              38.08662604498809,
              40.576606034785925
            ],
            [
              38.10484587619617,
              40.529934912737346
            ],
            [
              38.066044001449164,
              40.497313499298876
            ],
            [
              38.01483799869632,
              40.497979499206764
            ],
            [
              37.96353699980482,
              40.48827149912716
            ],
            [
              37.93631599977678,
              40.44553649890033
            ],
            [
              37.95487549863916,
              40.39737599899236
            ],
            [
              37.91651899993959,
              40.36063699948244
            ],
            [
              37.86959600177825,
              40.34169649906506
            ],
            [
              37.814773000098654,
              40.33950749979365
            ],
            [
              37.75462049982294,
              40.34017399957739
            ],
            [
              37.702557500147336,
              40.335319499306685
            ],
            [
              37.66391549916394,
              40.36977449937859
            ],
            [
              37.61461299919375,
              40.3850029995406
            ],
            [
              37.590686500377196,
              40.43026699853957
            ],
            [
              37.60648599861443,
              40.48023549960834
            ],
            [
              37.590020499661826,
              40.52753949904305
            ],
            [
              37.537957501169124,
              40.532678999405626
            ],
            [
              37.48913099979519,
              40.54581349907469
            ],
            [
              37.44173250053548,
              40.565610498033756
            ],
            [
              37.38710000096033,
              40.55951949953019
            ],
            [
              37.331039999723714,
              40.57836449937761
            ],
            [
              37.28478300017598,
              40.60549049893251
            ],
            [
              37.24471299882178,
              40.63661399903406
            ],
            [
              37.21149550005912,
              40.67611299859701
            ],
            [
              37.16067049928843,
              40.69800399824668
            ],
            [
              37.118410999257826,
              40.730174498246825
            ],
            [
              37.07234500121571,
              40.7070459986398
            ],
            [
              37.02780149963538,
              40.681633499165045
            ],
            [
              36.9770709998092,
              40.6842984992571
            ],
            [
              36.9405225006497,
              40.72179849866124
            ],
            [
              36.88636600083063,
              40.71247099887444
            ],
            [
              36.85057899935649,
              40.755777499651366
            ],
            [
              36.8167905001216,
              40.79451499881915
            ],
            [
              36.77738699959351,
              40.83134899914495
            ],
            [
              36.726275999424026,
              40.83810649874927
            ],
            [
              36.72850600033475,
              40.90963149922257
            ],
            [
              36.778871999695376,
              40.90888599898412
            ],
            [
              36.82861899920614,
              40.91943749926546
            ],
            [
              36.87722099953277,
              40.94496999911501
            ],
            [
              36.92197520273623,
              40.96935783214759
            ],
            [
              36.96695700020288,
              40.996241498832454
            ],
            [
              36.9642655009096,
              41.04762699901507
            ],
            [
              37.00257899995728,
              41.082488998822065
            ],
            [
              37.04683013913396,
              41.108387960461435
            ],
            [
              37.09750082051836,
              41.10055351669076
            ],
            [
              37.1166940022851,
              41.1542624274693
            ],
            [
              37.168985495632974,
              41.14631849785428
            ]
          ]
        ]
      }
    },
    {
      "type": "Feature",
      "properties": {},
      "geometry": {
        "type": "Polygon",
        "coordinates": [
          [
            [
              35.451011001552715,
              40.23382499889588
            ],
            [
              35.39871399971156,
              40.24677649845365
            ],
            [
              35.382865500258575,
              40.29748299906038
            ],
            [
              35.36202149945886,
              40.34345449811238
            ],
            [
              35.385009998594775,
              40.38785899929551
            ],
            [
              35.40685049962984,
              40.43539699940102
            ],
            [
              35.44092399916132,
              40.47756099845618
            ],
            [
              35.47880550003382,
              40.51144449964425
            ],
            [
              35.47102389655094,
              40.56754669878305
            ],
            [
              35.44749149902166,
              40.61376099931045
            ],
            [
              35.397998999567754,
              40.633177498843565
            ],
            [
              35.343080999726666,
              40.64193399838569
            ],
            [
              35.32099950064731,
              40.68942799893174
            ],
            [
              35.267714500600235,
              40.68758749876797
            ],
            [
              35.22560700056891,
              40.71820649871769
            ],
            [
              35.17031150006313,
              40.696894498807886
            ],
            [
              35.11956700090852,
              40.69041699922554
            ],
            [
              35.06218049901441,
              40.695847499312585
            ],
            [
              35.02305899965521,
              40.73296999902446
            ],
            [
              34.992893498795354,
              40.778004498657886
            ],
            [
              35.00317249974994,
              40.82997200003734
            ],
            [
              35.02211300063747,
              40.87832249902802
            ],
            [
              35.06237350095495,
              40.908113499205335
            ],
            [
              35.046668999249626,
              40.96141349845297
            ],
            [
              35.038344709171255,
              41.01113088208516
            ],
            [
              35.08573408520606,
              41.02975756449595
            ],
            [
              35.08940449979976,
              41.0797204994261
            ],
            [
              35.14032450049287,
              41.07762649971146
            ],
            [
              35.19178150055303,
              41.044847998771566
            ],
            [
              35.237257999991215,
              41.02279999923575
            ],
            [
              35.28665550038839,
              41.03108049877115
            ],
            [
              35.33736700070394,
              41.03939199816645
            ],
            [
              35.37517549849285,
              41.00580649863389
            ],
            [
              35.42658000062613,
              41.010319499332965
            ],
            [
              35.46260249941201,
              40.97335499910232
            ],
            [
              35.50105800129883,
              40.94055049844381
            ],
            [
              35.55424799957646,
              40.93331049915448
            ],
            [
              35.60643750024142,
              40.937136498624064
            ],
            [
              35.64275400077256,
              40.90054499926652
            ],
            [
              35.690333000778345,
              40.867092998268305
            ],
            [
              35.74392500117491,
              40.87072249938432
            ],
            [
              35.79444649922015,
              40.86885849929095
            ],
            [
              35.84467400046019,
              40.87199799964173
            ],
            [
              35.89637299908703,
              40.86866249898776
            ],
            [
              35.947679500109246,
              40.86228599942983
            ],
            [
              35.995748500644446,
              40.84678599823063
            ],
            [
              36.0479379994856,
              40.83295399964051
            ],
            [
              36.09381919514131,
              40.856693152070875
            ],
            [
              36.10822157036953,
              40.907499102678976
            ],
            [
              36.15806664366771,
              40.890660558953286
            ],
            [
              36.18321850103277,
              40.93517449875199
            ],
            [
              36.20641250099135,
              40.98224699879899
            ],
            [
              36.25832200013605,
              40.98536149845286
            ],
            [
              36.30839949952819,
              40.975606499103364
            ],
            [
              36.34966550014882,
              40.94685649815635
            ],
            [
              36.393987499008006,
              40.92326350017015
            ],
            [
              36.42671799988651,
              40.86533199849761
            ],
            [
              36.412083500177395,
              40.81680699842153
            ],
            [
              36.45629200049465,
              40.79152549895442
            ],
            [
              36.433857499632154,
              40.74662499866503
            ],
            [
              36.402281999533464,
              40.7014524987107
            ],
            [
              36.387624999030606,
              40.64967549906598
            ],
            [
              36.36915999982762,
              40.60170549852492
            ],
            [
              36.31976249897924,
              40.59352049966833
            ],
            [
              36.27112649952654,
              40.579433999733624
            ],
            [
              36.28597400006462,
              40.53108299841692
            ],
            [
              36.24279989478137,
              40.50438081747133
            ],
            [
              36.19507650698288,
              40.485283993492565
            ],
            [
              36.143935728751345,
              40.474226035099555
            ],
            [
              36.10426871770137,
              40.441842716291944
            ],
            [
              36.055674417491076,
              40.45985869993099
            ],
            [
              36.01137256708643,
              40.48792729968022
            ],
            [
              35.95865550061913,
              40.4842554991377
            ],
            [
              35.90649800012253,
              40.486444499615
            ],
            [
              35.85395950111598,
              40.45931849861372
            ],
            [
              35.79961249932989,
              40.4392359995758
            ],
            [
              35.74663843880521,
              40.42818924019698
            ],
            [
              35.722803499137804,
              40.3832709995914
            ],
            [
              35.66569650053816,
              40.36290299890256
            ],
            [
              35.6227709997146,
              40.33463499864023
            ],
            [
              35.571945500266395,
              40.32311849906182
            ],
            [
              35.522452999399775,
              40.31064999838641
            ],
            [
              35.47876599896515,
              40.278384498943815
            ],
            [
              35.451011001552715,
              40.23382499889588
            ]
          ]
        ]
      }
    },
    {
      "type": "Feature",
      "properties": {},
      "geometry": {
        "type": "Polygon",
        "coordinates": [
          [
            [
              30.43837549925038,
              39.2255449988131
            ],
            [
              30.393786500347105,
              39.270617498992564
            ],
            [
              30.37891999987614,
              39.32136899880982
            ],
            [
              30.341496999663686,
              39.35571599902616
            ],
            [
              30.36456600072873,
              39.401751498758955
            ],
            [
              30.362823000628662,
              39.45516899872963
            ],
            [
              30.374822000566535,
              39.50896999849805
            ],
            [
              30.323042000062067,
              39.54242049917127
            ],
            [
              30.27454600018005,
              39.562413999540645
            ],
            [
              30.236610501290283,
              39.59932399917431
            ],
            [
              30.215284500029924,
              39.64525699871059
            ],
            [
              30.175812618471618,
              39.6842115242992
            ],
            [
              30.126699500407465,
              39.674272499339054
            ],
            [
              30.07205199902391,
              39.672734498766054
            ],
            [
              29.98958150020503,
              39.695363498389085
            ],
            [
              30.00277400001603,
              39.74599599920396
            ],
            [
              30.030119000138285,
              39.79227899843986
            ],
            [
              30.067371500936776,
              39.8274369987779
            ],
            [
              30.117872500586003,
              39.845213998915526
            ],
            [
              30.16891342299146,
              39.856394060449425
            ],
            [
              30.219666498860178,
              39.84951699934837
            ],
            [
              30.275319001277598,
              39.850648999639816
            ],
            [
              30.295980050876796,
              39.89835789830851
            ],
            [
              30.324319499758225,
              39.941006999033185
            ],
            [
              30.374732000305322,
              39.96764149936134
            ],
            [
              30.398266001104034,
              40.013679499514346
            ],
            [
              30.448518999612276,
              40.0133609999211
            ],
            [
              30.492211498865437,
              40.03769149936297
            ],
            [
              30.521828501223148,
              40.0806194991218
            ],
            [
              30.54985299975747,
              40.1232294991814
            ],
            [
              30.59723950012613,
              40.14673199860482
            ],
            [
              30.6529430001432,
              40.1494174993004
            ],
            [
              30.743900999695228,
              40.1532669984207
            ],
            [
              30.795438998343972,
              40.147350498918314
            ],
            [
              30.83063045699776,
              40.108360829577954
            ],
            [
              30.85647949991448,
              40.06550149844183
            ],
            [
              30.902580999330876,
              40.04514149970178
            ],
            [
              30.951178941393962,
              40.03177749843743
            ],
            [
              31.00201163364368,
              40.03180422169747
            ],
            [
              31.047162500486973,
              40.05339299875374
            ],
            [
              31.098907438732084,
              40.05348503579228
            ],
            [
              31.148065000295013,
              40.066218998067555
            ],
            [
              31.196479748022107,
              40.04726277527141
            ],
            [
              31.246725000264977,
              40.061375499140304
            ],
            [
              31.300898499844983,
              40.0621829992418
            ],
            [
              31.351125499487644,
              40.052137499310426
            ],
            [
              31.396777999914075,
              40.0271734995356
            ],
            [
              31.44720599955012,
              40.028463998681715
            ],
            [
              31.500253499647197,
              40.021619499104226
            ],
            [
              31.55309900077122,
              40.035610999274674
            ],
            [
              31.610492543377774,
              40.022604283959126
            ],
            [
              31.666239499705046,
              40.027860499152844
            ],
            [
              31.695757430618972,
              39.98712462728051
            ],
            [
              31.74100429120838,
              39.95283575577534
            ],
            [
              31.767716053929345,
              39.90951962589909
            ],
            [
              31.807103951712957,
              39.87647278695028
            ],
            [
              31.856791728233553,
              39.88292600965201
            ],
            [
              31.860018999165604,
              39.81596749873897
            ],
            [
              31.812983499586135,
              39.78961099968422
            ],
            [
              31.799166739792113,
              39.74012525513994
            ],
            [
              31.81938499980332,
              39.69194599926046
            ],
            [
              31.847564999074987,
              39.64714699836613
            ],
            [
              31.879667499878074,
              39.60121249894446
            ],
            [
              31.902581498676575,
              39.55560349913913
            ],
            [
              31.938709999937767,
              39.51369449948146
            ],
            [
              31.99131899995245,
              39.503019498429865
            ],
            [
              31.996028500234747,
              39.45307699818312
            ],
            [
              31.987901999858,
              39.4034454995768
            ],
            [
              31.974153501314888,
              39.35434249939372
            ],
            [
              32.01607899954903,
              39.32442899922414
            ],
            [
              32.01553799924619,
              39.273807999456565
            ],
            [
              31.97036827146657,
              39.24567201662794
            ],
            [
              31.927444736845864,
              39.21828201201139
            ],
            [
              31.8875013387326,
              39.18376979535784
            ],
            [
              31.843748622871917,
              39.1355507406763
            ],
            [
              31.792198499952054,
              39.13056199898745
            ],
            [
              31.753713499498996,
              39.096727999929506
            ],
            [
              31.709433456161904,
              39.072485791598055
            ],
            [
              31.657701998976115,
              39.085216499850254
            ],
            [
              31.59978850015989,
              39.036025499291895
            ],
            [
              31.56549549968408,
              39.07867049837706
            ],
            [
              31.514916000012292,
              39.097370999187426
            ],
            [
              31.460233000412316,
              39.10108349879351
            ],
            [
              31.42668050095147,
              39.14191699903068
            ],
            [
              31.37642350211194,
              39.16176299890894
            ],
            [
              31.328290499273727,
              39.185998998776334
            ],
            [
              31.28802800003486,
              39.232793499092054
            ],
            [
              31.236949999198167,
              39.238254498995694
            ],
            [
              31.188656499622645,
              39.259456998458575
            ],
            [
              31.136079499515013,
              39.26727399873416
            ],
            [
              31.094531500596386,
              39.235791999347775
            ],
            [
              31.056731999571603,
              39.20131149901891
            ],
            [
              31.021930499364313,
              39.160941998820626
            ],
            [
              30.985255000624544,
              39.19674299947388
            ],
            [
              30.933835000519895,
              39.201326498778855
            ],
            [
              30.88414900008739,
              39.18965449912523
            ],
            [
              30.914560499550095,
              39.14810699962892
            ],
            [
              30.87301249870375,
              39.11823099886082
            ],
            [
              30.82022149960606,
              39.10805849888919
            ],
            [
              30.785143499604708,
              39.071879998352955
            ],
            [
              30.731930499348568,
              39.058727999115035
            ],
            [
              30.680993499912457,
              39.06822099889399
            ],
            [
              30.64007180944589,
              39.09708699892888
            ],
            [
              30.58832550089461,
              39.09850299852129
            ],
            [
              30.545779998520292,
              39.128897999801296
            ],
            [
              30.517554500492867,
              39.176108498571224
            ],
            [
              30.489565499517443,
              39.22001449927838
            ],
            [
              30.43837549925038,
              39.2255449988131
            ]
          ]
        ]
      }
    },
    {
      "type": "Feature",
      "properties": {},
      "geometry": {
        "type": "Polygon",
        "coordinates": [
          [
            [
              30.07205199902391,
              39.672734498766054
            ],
            [
              30.126699500407465,
              39.674272499339054
            ],
            [
              30.175812618471618,
              39.6842115242992
            ],
            [
              30.215284500029924,
              39.64525699871059
            ],
            [
              30.236610501290283,
              39.59932399917431
            ],
            [
              30.27454600018005,
              39.562413999540645
            ],
            [
              30.323042000062067,
              39.54242049917127
            ],
            [
              30.374822000566535,
              39.50896999849805
            ],
            [
              30.362823000628662,
              39.45516899872963
            ],
            [
              30.36456600072873,
              39.401751498758955
            ],
            [
              30.341496999663686,
              39.35571599902616
            ],
            [
              30.37891999987614,
              39.32136899880982
            ],
            [
              30.393786500347105,
              39.270617498992564
            ],
            [
              30.43837549925038,
              39.2255449988131
            ],
            [
              30.400944500182156,
              39.173275999119085
            ],
            [
              30.35245199973239,
              39.15054749932196
            ],
            [
              30.302341499782102,
              39.14609599929977
            ],
            [
              30.268260000861464,
              39.106011998841055
            ],
            [
              30.23838250069605,
              39.05610349890348
            ],
            [
              30.246921999887757,
              39.003239499116546
            ],
            [
              30.226984500019725,
              38.956353998366765
            ],
            [
              30.191239000839182,
              38.91575299952813
            ],
            [
              30.14895199988267,
              38.888640498786195
            ],
            [
              30.107204000533212,
              38.85606549958959
            ],
            [
              30.063770498838732,
              38.82854799857417
            ],
            [
              30.013348500692935,
              38.80636199974787
            ],
            [
              29.966532499990137,
              38.835835499138184
            ],
            [
              29.94410949985489,
              38.8812964995262
            ],
            [
              29.899878499720227,
              38.90606799952109
            ],
            [
              29.84955249953499,
              38.90590049929093
            ],
            [
              29.752591499325263,
              38.92384999897077
            ],
            [
              29.703159999966807,
              38.937437998554415
            ],
            [
              29.652051499473664,
              38.95158499870454
            ],
            [
              29.607261500856506,
              38.922954998235205
            ],
            [
              29.562806999619813,
              38.897288998561
            ],
            [
              29.51390400050095,
              38.88560449884436
            ],
            [
              29.467030500338208,
              38.8665859990392
            ],
            [
              29.41890999940059,
              38.884335998730705
            ],
            [
              29.372755001075404,
              38.86384849900581
            ],
            [
              29.342082000173374,
              38.824274999180474
            ],
            [
              29.297385500196523,
              38.80000549872791
            ],
            [
              29.245652999788593,
              38.83486699892425
            ],
            [
              29.197338499844985,
              38.84797849818793
            ],
            [
              29.11391349872136,
              38.83981049947015
            ],
            [
              29.081022499855127,
              38.87752549958709
            ],
            [
              29.030751999770203,
              38.868698498731604
            ],
            [
              28.983013499777645,
              38.88491949859832
            ],
            [
              28.95056199953316,
              38.92512799882142
            ],
            [
              28.91722300060764,
              38.96395499879087
            ],
            [
              28.937128000097406,
              39.013594999218306
            ],
            [
              28.913700500005575,
              39.05905699864311
            ],
            [
              28.868975500240023,
              39.089037498769706
            ],
            [
              28.820482500722978,
              39.102143498565425
            ],
            [
              28.758964999953776,
              39.104764998492136
            ],
            [
              28.706131001117516,
              39.11705199817057
            ],
            [
              28.657883499911314,
              39.138267998948706
            ],
            [
              28.61938400061651,
              39.18045349883072
            ],
            [
              28.654309498959524,
              39.21632199867374
            ],
            [
              28.621443500811797,
              39.25406899886358
            ],
            [
              28.678524999631087,
              39.282026998052416
            ],
            [
              28.73080700012629,
              39.269552998950324
            ],
            [
              28.782763499677042,
              39.28376249828365
            ],
            [
              28.826585001040144,
              39.32319099890168
            ],
            [
              28.863274499907682,
              39.35979899853762
            ],
            [
              28.90110299952421,
              39.40275249926471
            ],
            [
              28.95123235834579,
              39.4186728463239
            ],
            [
              28.94306714783448,
              39.468203565503735
            ],
            [
              28.930658302408013,
              39.52046201031371
            ],
            [
              28.97200589833262,
              39.562194988769825
            ],
            [
              28.992016413855364,
              39.608571100436016
            ],
            [
              29.052373500236445,
              39.600056998860055
            ],
            [
              29.115954999279577,
              39.59044849936561
            ],
            [
              29.167711499584193,
              39.58171449915269
            ],
            [
              29.213347999292267,
              39.613344499143054
            ],
            [
              29.234403500753036,
              39.65888849937529
            ],
            [
              29.262230499938497,
              39.70517399894585
            ],
            [
              29.306846499206255,
              39.73420649921296
            ],
            [
              29.34672549920761,
              39.768597498293055
            ],
            [
              29.39116200030385,
              39.80483049845956
            ],
            [
              29.436452999341736,
              39.83849949865565
            ],
            [
              29.488068001000904,
              39.8695194992776
            ],
            [
              29.54053750019912,
              39.86994699832658
            ],
            [
              29.595741500576047,
              39.87037449913118
            ],
            [
              29.647954498790135,
              39.87242499795843
            ],
            [
              29.704456001362935,
              39.8611694998161
            ],
            [
              29.722485499474843,
              39.8107574991096
            ],
            [
              29.745133998118106,
              39.76568099955658
            ],
            [
              29.759105500090506,
              39.71692749950521
            ],
            [
              29.809109000072368,
              39.70972099948624
            ],
            [
              29.860435999426112,
              39.72038349851395
            ],
            [
              29.914263500583274,
              39.70398549912637
            ],
            [
              29.95022199920778,
              39.66420299942867
            ],
            [
              29.98958150020503,
              39.695363498389085
            ],
            [
              30.07205199902391,
              39.672734498766054
            ]
          ]
        ]
      }
    },
    {
      "type": "Feature",
      "properties": {},
      "geometry": {
        "type": "Polygon",
        "coordinates": [
          [
            [
              32.84733450069475,
              41.57167049917435
            ],
            [
              32.80517149943031,
              41.53857299898555
            ],
            [
              32.75984349975831,
              41.513596499745454
            ],
            [
              32.7035695006995,
              41.51251749907493
            ],
            [
              32.649762000068066,
              41.49756249953731
            ],
            [
              32.66225049935462,
              41.44714699860487
            ],
            [
              32.636647000146276,
              41.40082249868722
            ],
            [
              32.6108485007725,
              41.35755049974949
            ],
            [
              32.55863399999543,
              41.350355999478936
            ],
            [
              32.50827000064688,
              41.33668549843208
            ],
            [
              32.4525614994898,
              41.329490499242624
            ],
            [
              32.39644149963261,
              41.317567998026064
            ],
            [
              32.34391849926683,
              41.319726499058866
            ],
            [
              32.287798499475706,
              41.326201498874475
            ],
            [
              32.29139599988304,
              41.37779899984962
            ],
            [
              32.28385342556432,
              41.432087006665306
            ],
            [
              32.23708749927545,
              41.46115699897671
            ],
            [
              32.2167364995186,
              41.51033899889006
            ],
            [
              32.165935499098225,
              41.50270699883393
            ],
            [
              32.13916348504726,
              41.60135703632568
            ],
            [
              32.18084493743827,
              41.635397769132716
            ],
            [
              32.22349339582486,
              41.66657821307017
            ],
            [
              32.2600697880931,
              41.70369421348324
            ],
            [
              32.30599590675733,
              41.724298615580906
            ],
            [
              32.355905057529235,
              41.733909737677884
            ],
            [
              32.40752134395848,
              41.73868621712329
            ],
            [
              32.44707903394392,
              41.77130149511917
            ],
            [
              32.49749612553676,
              41.79211984033697
            ],
            [
              32.552945204475826,
              41.80884454166215
            ],
            [
              32.601898467384935,
              41.83028303865807
            ],
            [
              32.65333993865642,
              41.83077917554878
            ],
            [
              32.75760096911182,
              41.84881387681877
            ],
            [
              32.76913499975738,
              41.7999484993139
            ],
            [
              32.817708500684475,
              41.77387649999621
            ],
            [
              32.85339349890277,
              41.73562099925156
            ],
            [
              32.902758000701915,
              41.74549899949236
            ],
            [
              32.92538949902717,
              41.70031549943715
            ],
            [
              32.897037998599245,
              41.658762999094556
            ],
            [
              32.89836699986008,
              41.56227899943729
            ],
            [
              32.84733450069475,
              41.57167049917435
            ]
          ]
        ]
      }
    },
    {
      "type": "Feature",
      "properties": {},
      "geometry": {
        "type": "Polygon",
        "coordinates": [
          [
            [
              32.34391849926683,
              41.319726499058866
            ],
            [
              32.39644149963261,
              41.317567998026064
            ],
            [
              32.4525614994898,
              41.329490499242624
            ],
            [
              32.50827000064688,
              41.33668549843208
            ],
            [
              32.55863399999543,
              41.350355999478936
            ],
            [
              32.6108485007725,
              41.35755049974949
            ],
            [
              32.636647000146276,
              41.40082249868722
            ],
            [
              32.66225049935462,
              41.44714699860487
            ],
            [
              32.649762000068066,
              41.49756249953731
            ],
            [
              32.7035695006995,
              41.51251749907493
            ],
            [
              32.75984349975831,
              41.513596499745454
            ],
            [
              32.80517149943031,
              41.53857299898555
            ],
            [
              32.84733450069475,
              41.57167049917435
            ],
            [
              32.89836699986008,
              41.56227899943729
            ],
            [
              32.95010850009134,
              41.57866949925436
            ],
            [
              33.0009640000908,
              41.568480999704356
            ],
            [
              33.051997000556774,
              41.57326499930303
            ],
            [
              33.06608399997413,
              41.52081499912792
            ],
            [
              33.09665050051464,
              41.47509799972512
            ],
            [
              33.13395049877319,
              41.43841849891262
            ],
            [
              33.14764849948278,
              41.388467498691945
            ],
            [
              33.09766950079574,
              41.376487999583034
            ],
            [
              33.09700500031551,
              41.32645949840606
            ],
            [
              33.04721249987598,
              41.321143499162524
            ],
            [
              33.00229299970968,
              41.295360999897866
            ],
            [
              32.95331349989299,
              41.2796389986462
            ],
            [
              32.92704000141985,
              41.234848499734234
            ],
            [
              32.93780450140954,
              41.18315099938626
            ],
            [
              32.983990000893506,
              41.162467998432994
            ],
            [
              33.02689370403122,
              41.13645102378059
            ],
            [
              33.05891557081476,
              41.096951739908974
            ],
            [
              33.07905399992519,
              41.04347949874911
            ],
            [
              33.044106999141846,
              41.00689599835996
            ],
            [
              33.000206501251064,
              40.97791749933826
            ],
            [
              32.949471001007524,
              40.96569099908302
            ],
            [
              32.899505001151546,
              40.95770049931243
            ],
            [
              32.83875700053306,
              40.95683399969059
            ],
            [
              32.78417049887373,
              40.94268199882023
            ],
            [
              32.75962099961843,
              40.89618199902217
            ],
            [
              32.70849999934233,
              40.86739649925153
            ],
            [
              32.6590155002781,
              40.851222498451975
            ],
            [
              32.60892199994704,
              40.829336498705864
            ],
            [
              32.524880001039335,
              40.866309999522564
            ],
            [
              32.47816199961146,
              40.88486099906073
            ],
            [
              32.426105499780185,
              40.86632349893597
            ],
            [
              32.368322501615026,
              40.86130799907896
            ],
            [
              32.35236000087183,
              40.91048249923548
            ],
            [
              32.36412549944802,
              40.96186249847571
            ],
            [
              32.320281998969605,
              40.98870199857789
            ],
            [
              32.28379200079709,
              41.02859249966851
            ],
            [
              32.23268749872075,
              41.02767349863045
            ],
            [
              32.18351300064398,
              41.01315099868321
            ],
            [
              32.130853499273265,
              41.00924349896085
            ],
            [
              32.11889749946601,
              41.05791349982202
            ],
            [
              32.12597450058167,
              41.10975349983221
            ],
            [
              32.15336499945449,
              41.15276949928994
            ],
            [
              32.147022999423896,
              41.20727449874639
            ],
            [
              32.17790650033546,
              41.254610498528216
            ],
            [
              32.22634549912494,
              41.271982499900915
            ],
            [
              32.287798499475706,
              41.326201498874475
            ],
            [
              32.34391849926683,
              41.319726499058866
            ]
          ]
        ]
      }
    },
    {
      "type": "Feature",
      "properties": {},
      "geometry": {
        "type": "Polygon",
        "coordinates": [
          [
            [
              31.241413000645554,
              38.42793599980307
            ],
            [
              31.265567999763235,
              38.37906549884171
            ],
            [
              31.289281499830093,
              38.333932499141945
            ],
            [
              31.32149499955018,
              38.2847199996449
            ],
            [
              31.367988000252577,
              38.25446149879467
            ],
            [
              31.414481001051524,
              38.23542249900672
            ],
            [
              31.461483500401574,
              38.210263499202696
            ],
            [
              31.509421501551145,
              38.18025999836785
            ],
            [
              31.553194501457472,
              38.15059649872644
            ],
            [
              31.571468500572003,
              38.100958498200626
            ],
            [
              31.536449999669312,
              38.05633549981401
            ],
            [
              31.50619150039218,
              38.01647249869024
            ],
            [
              31.49964699934276,
              37.966324998761536
            ],
            [
              31.45574650017254,
              37.93300649921144
            ],
            [
              31.43505999951375,
              37.8837044986672
            ],
            [
              31.46810150068372,
              37.834813999503815
            ],
            [
              31.449834499707013,
              37.78055099938461
            ],
            [
              31.432574501348817,
              37.73286999975624
            ],
            [
              31.388484931376436,
              37.70023766105899
            ],
            [
              31.343806499997047,
              37.67553999846401
            ],
            [
              31.33717699978489,
              37.62556249902721
            ],
            [
              31.361241499725818,
              37.575648499045954
            ],
            [
              31.37156849904529,
              37.518212499135956
            ],
            [
              31.372612500052824,
              37.463501499348524
            ],
            [
              31.36326200032128,
              37.41111149950967
            ],
            [
              31.29400449963355,
              37.4343214984411
            ],
            [
              31.244728000124997,
              37.41832099977446
            ],
            [
              31.19226400040418,
              37.40531649900176
            ],
            [
              31.140883999813713,
              37.39205699856638
            ],
            [
              31.093073500688185,
              37.37573749875311
            ],
            [
              31.04558199914283,
              37.35769749860246
            ],
            [
              30.99932499931783,
              37.33428849880812
            ],
            [
              30.952753500194778,
              37.35688549810105
            ],
            [
              30.909851000054218,
              37.384033999379305
            ],
            [
              30.860828498966868,
              37.39814199850838
            ],
            [
              30.843461499787374,
              37.44701049899084
            ],
            [
              30.813139905857938,
              37.48737103737488
            ],
            [
              30.781172396624605,
              37.52722839565401
            ],
            [
              30.74793700027405,
              37.565531998583474
            ],
            [
              30.74439900025473,
              37.61600899826699
            ],
            [
              30.719449497530327,
              37.66026825055064
            ],
            [
              30.668943000302992,
              37.660812998807856
            ],
            [
              30.618717499445626,
              37.662581999502066
            ],
            [
              30.573837497887737,
              37.68902499905433
            ],
            [
              30.523475000607515,
              37.69995899919375
            ],
            [
              30.474248499902426,
              37.71343999906526
            ],
            [
              30.434416000043136,
              37.75003949967744
            ],
            [
              30.420202999560917,
              37.801583999627496
            ],
            [
              30.37131199969172,
              37.828409998722975
            ],
            [
              30.312820050596997,
              37.801164386423935
            ],
            [
              30.26006029914826,
              37.7852099052164
            ],
            [
              30.209406500969564,
              37.77473049918833
            ],
            [
              30.156652500388226,
              37.78970949846998
            ],
            [
              30.110768500494018,
              37.813278998874715
            ],
            [
              30.151369999639254,
              37.895485999509134
            ],
            [
              30.171469999289684,
              37.942662498560956
            ],
            [
              30.19996849953816,
              37.983949998695536
            ],
            [
              30.239114499517495,
              38.01903099957744
            ],
            [
              30.287394999983547,
              38.04347249872459
            ],
            [
              30.338335499941678,
              38.055115998968155
            ],
            [
              30.36920049932765,
              38.09652049903172
            ],
            [
              30.406740998410537,
              38.130246499196495
            ],
            [
              30.44237400009151,
              38.16557849925976
            ],
            [
              30.490995500637293,
              38.1803094983133
            ],
            [
              30.540417910542327,
              38.164166699718876
            ],
            [
              30.57947049943822,
              38.196106499686785
            ],
            [
              30.61958600145293,
              38.227359498708246
            ],
            [
              30.66902100097908,
              38.25215199940155
            ],
            [
              30.72186800069685,
              38.26856349897852
            ],
            [
              30.76683650021678,
              38.29380750001167
            ],
            [
              30.812356501248377,
              38.3226149991869
            ],
            [
              30.845630499790072,
              38.360155498970414
            ],
            [
              30.883672999774017,
              38.398649499338404
            ],
            [
              30.935366000421812,
              38.41114599891971
            ],
            [
              30.969995500157847,
              38.44723099955063
            ],
            [
              31.00879000001594,
              38.479651998601035
            ],
            [
              31.052704500190366,
              38.50650249850418
            ],
            [
              31.105100000630483,
              38.50444449894786
            ],
            [
              31.14861250048251,
              38.476640498599814
            ],
            [
              31.193079000088133,
              38.44572499799368
            ],
            [
              31.241413000645554,
              38.42793599980307
            ]
          ]
        ]
      }
    },
    {
      "type": "Feature",
      "properties": {},
      "geometry": {
        "type": "Polygon",
        "coordinates": [
          [
            [
              28.013245778895794,
              41.033972425170816
            ],
            [
              27.983147276724356,
              40.993169476148914
            ],
            [
              27.936570675245672,
              40.96467867167655
            ],
            [
              27.881612258703367,
              40.96680013939838
            ],
            [
              27.838622290916593,
              40.993304676275805
            ],
            [
              27.78488450570108,
              41.0089395641404
            ],
            [
              27.734721796092433,
              41.01247123470781
            ],
            [
              27.681020488926183,
              41.00381061570175
            ],
            [
              27.612395157001586,
              40.98957471415902
            ],
            [
              27.561160393290088,
              40.981322981473724
            ],
            [
              27.508110276539202,
              40.9717717742249
            ],
            [
              27.481022294102694,
              40.92637865607606
            ],
            [
              27.460565039928056,
              40.87886715181504
            ],
            [
              27.42945596502218,
              40.82635420364578
            ],
            [
              27.384732900545067,
              40.80067958020043
            ],
            [
              27.346564361221365,
              40.76740296573814
            ],
            [
              27.321152876741092,
              40.72432950450488
            ],
            [
              27.282240228402365,
              40.68781138142023
            ],
            [
              27.235568594589747,
              40.659431525767516
            ],
            [
              27.18587676557468,
              40.63858422930754
            ],
            [
              27.13347243551137,
              40.61338292193047
            ],
            [
              27.07359625288243,
              40.60453142958472
            ],
            [
              27.023921972418503,
              40.58657614296618
            ],
            [
              26.980099396165475,
              40.55615364712794
            ],
            [
              26.93019006377128,
              40.544557375188994
            ],
            [
              26.914579000437396,
              40.62337899967262
            ],
            [
              26.94950399939118,
              40.65923200033077
            ],
            [
              26.994909999471513,
              40.68047100031603
            ],
            [
              27.03379999964723,
              40.71250699956468
            ],
            [
              27.00200799961137,
              40.751219999835655
            ],
            [
              26.95066999964736,
              40.752916999745935
            ],
            [
              26.900601000032758,
              40.74963900026582
            ],
            [
              26.85513100037433,
              40.72841899984208
            ],
            [
              26.804765999410215,
              40.72640400020428
            ],
            [
              26.77020899996747,
              40.80863999996397
            ],
            [
              26.72495800043198,
              40.83176199999961
            ],
            [
              26.713915000169003,
              40.88058399973102
            ],
            [
              26.73977700016059,
              40.923589000131734
            ],
            [
              26.737107999499138,
              40.97356300000248
            ],
            [
              26.73895600039435,
              41.0235789999143
            ],
            [
              26.74698599970647,
              41.07310599969086
            ],
            [
              26.79708800053306,
              41.068861000234754
            ],
            [
              26.823701000427654,
              41.11148800004486
            ],
            [
              26.870736999589457,
              41.12941799976203
            ],
            [
              26.912681999679936,
              41.15859200028813
            ],
            [
              26.941847000455066,
              41.199624000144944
            ],
            [
              26.95635799980836,
              41.247781999653405
            ],
            [
              26.924072999798767,
              41.28613299971491
            ],
            [
              26.917451999884896,
              41.335934999990656
            ],
            [
              26.974516999511646,
              41.3606270002363
            ],
            [
              27.02238400007899,
              41.34564100013818
            ],
            [
              27.072557000203126,
              41.34665600043279
            ],
            [
              27.11993100051607,
              41.33023299987572
            ],
            [
              27.124240999822533,
              41.27478099994517
            ],
            [
              27.164147000058342,
              41.30529900009674
            ],
            [
              27.2230129998366,
              41.32659199991485
            ],
            [
              27.26535599957527,
              41.29905399978816
            ],
            [
              27.303222999703994,
              41.26632599975196
            ],
            [
              27.34417300043154,
              41.236861999997835
            ],
            [
              27.39420600055709,
              41.231255000329874
            ],
            [
              27.444117999451834,
              41.22768100003984
            ],
            [
              27.49316100015221,
              41.23777299977741
            ],
            [
              27.53955200040391,
              41.256956000427174
            ],
            [
              27.58736599993516,
              41.27358999956614
            ],
            [
              27.57185899959146,
              41.32154600032636
            ],
            [
              27.60017200050653,
              41.36330999980235
            ],
            [
              27.604907000161823,
              41.413153000317266
            ],
            [
              27.652591999998098,
              41.42948799990261
            ],
            [
              27.695897999914845,
              41.45505700029663
            ],
            [
              27.746396000127277,
              41.46052399970536
            ],
            [
              27.78775199989969,
              41.4894740000923
            ],
            [
              27.832522000435116,
              41.513125000429646
            ],
            [
              27.87405999974211,
              41.484552000156974
            ],
            [
              27.916686000303567,
              41.51077399998002
            ],
            [
              27.947845999828033,
              41.55031700009056
            ],
            [
              27.97544400000938,
              41.59201700011755
            ],
            [
              28.025624000328545,
              41.59373099973511
            ],
            [
              28.075067999546373,
              41.58452100041413
            ],
            [
              28.145773000284247,
              41.58377400026167
            ],
            [
              28.11579200007576,
              41.52544299960859
            ],
            [
              28.096068999853497,
              41.47880600021326
            ],
            [
              28.111404999933562,
              41.43043500029895
            ],
            [
              28.09691699994993,
              41.38253799963057
            ],
            [
              28.083039000485055,
              41.33425100036064
            ],
            [
              28.07201900028574,
              41.28503899971497
            ],
            [
              28.030904000354177,
              41.2565229997131
            ],
            [
              28.00735000044641,
              41.212147999671934
            ],
            [
              28.007518000062717,
              41.16211499968568
            ],
            [
              27.975704999774088,
              41.12334499993431
            ],
            [
              27.981615999617787,
              41.07323899999636
            ],
            [
              28.013245778895794,
              41.033972425170816
            ]
          ]
        ]
      }
    },
    {
      "type": "Feature",
      "properties": {},
      "geometry": {
        "type": "Polygon",
        "coordinates": [
          [
            [
              27.983147276724356,
              40.993169476148914
            ],
            [
              28.013245778895794,
              41.033972425170816
            ],
            [
              28.06911293917439,
              41.055278228705056
            ],
            [
              28.121883792950733,
              41.06264023191062
            ],
            [
              28.17535762039083,
              41.07343338932644
            ],
            [
              28.228773139070952,
              41.07841036822347
            ],
            [
              28.280124040969966,
              41.063765125071804
            ],
            [
              28.334189577598746,
              41.05770892582907
            ],
            [
              28.39183500360323,
              41.04868878399783
            ],
            [
              28.441552449996433,
              41.034462551357606
            ],
            [
              28.495661649511522,
              41.00778809297808
            ],
            [
              28.545390389721554,
              40.994261862310616
            ],
            [
              28.59361465518562,
              41.014691000107796
            ],
            [
              28.60917640021255,
              40.96399432598184
            ],
            [
              28.663635133034806,
              40.96251462038687
            ],
            [
              28.716583385719066,
              40.97142607448356
            ],
            [
              28.76997960235781,
              40.98043413439087
            ],
            [
              28.816281950589378,
              40.95584312487126
            ],
            [
              28.86984918281804,
              40.97346931082439
            ],
            [
              28.928549429899594,
              40.99211184706032
            ],
            [
              28.94927738431124,
              41.040583273326604
            ],
            [
              29.00011980553898,
              41.03874786278642
            ],
            [
              29.023133502129692,
              40.98023929094061
            ],
            [
              29.06868564841508,
              40.95915990742457
            ],
            [
              29.11528101661685,
              40.93450798793971
            ],
            [
              29.153784990997877,
              40.90142670578529
            ],
            [
              29.207136975351787,
              40.88193993751509
            ],
            [
              29.259721318824873,
              40.8639408530506
            ],
            [
              29.28496235251484,
              40.81527620473947
            ],
            [
              29.334328148184913,
              40.789826907542945
            ],
            [
              29.375787806075305,
              40.757021438797686
            ],
            [
              29.426540229842846,
              40.768334483566015
            ],
            [
              29.480438511813382,
              40.777441663642065
            ],
            [
              29.471855549130996,
              40.712627421927984
            ],
            [
              29.42731307916788,
              40.688587048054714
            ],
            [
              29.376379716771833,
              40.69970911563522
            ],
            [
              29.332057812336583,
              40.67543980635963
            ],
            [
              29.270611088956446,
              40.66125659343
            ],
            [
              29.193668360467953,
              40.659358587119996
            ],
            [
              29.133801607603406,
              40.65214457181345
            ],
            [
              29.083210616665216,
              40.64720154096598
            ],
            [
              29.018802041430767,
              40.645293730425706
            ],
            [
              28.966451987024758,
              40.63342245647373
            ],
            [
              28.927629594225827,
              40.59880476392032
            ],
            [
              28.867414224808414,
              40.575354924504715
            ],
            [
              28.814170687572414,
              40.56296234435074
            ],
            [
              28.83947652435928,
              40.50924073333221
            ],
            [
              28.88503323153328,
              40.479614327874366
            ],
            [
              28.934858829285265,
              40.46344106540105
            ],
            [
              28.94689240008971,
              40.408324437718846
            ],
            [
              28.89676092942895,
              40.40707185127934
            ],
            [
              28.846730317784214,
              40.41469110089908
            ],
            [
              28.79733265675478,
              40.428550456339806
            ],
            [
              28.75253784666127,
              40.4509676070263
            ],
            [
              28.712202561744803,
              40.48137993623547
            ],
            [
              28.682614125489874,
              40.522050016221456
            ],
            [
              28.653724636205474,
              40.564942207189226
            ],
            [
              28.61001229175867,
              40.59041042286552
            ],
            [
              28.559710936195867,
              40.59529697513456
            ],
            [
              28.52080818718479,
              40.56277368877697
            ],
            [
              28.43683331111261,
              40.56535556208184
            ],
            [
              28.385619383381144,
              40.55365596614516
            ],
            [
              28.337330569496935,
              40.54060537516776
            ],
            [
              28.287247949259676,
              40.52517458826998
            ],
            [
              28.23938002143757,
              40.507530569131234
            ],
            [
              28.19371782000011,
              40.485960050802355
            ],
            [
              28.137463358167068,
              40.497789299323934
            ],
            [
              28.103981093596026,
              40.53574151122003
            ],
            [
              28.06394296808166,
              40.56749849396431
            ],
            [
              28.022505079142288,
              40.59820176106827
            ],
            [
              27.980177150096612,
              40.62531140185851
            ],
            [
              27.93550302096193,
              40.648546217810484
            ],
            [
              27.889349800162517,
              40.6682725442035
            ],
            [
              27.84178334044912,
              40.684651048582225
            ],
            [
              27.792139501357234,
              40.69770196114643
            ],
            [
              27.741540315574372,
              40.706772739110924
            ],
            [
              27.690926800121773,
              40.7128938363627
            ],
            [
              27.639839769712715,
              40.71497130447322
            ],
            [
              27.589923974666945,
              40.71023891225702
            ],
            [
              27.540372541945228,
              40.697895753790256
            ],
            [
              27.493262271901166,
              40.67920693876983
            ],
            [
              27.449661517381955,
              40.654129918204944
            ],
            [
              27.41123086907877,
              40.62198890888572
            ],
            [
              27.3864310062801,
              40.57842980266791
            ],
            [
              27.391715900495658,
              40.52817264663242
            ],
            [
              27.403859058976384,
              40.47910565945727
            ],
            [
              27.42197933430876,
              40.43205678320287
            ],
            [
              27.4457036937356,
              40.38696085623865
            ],
            [
              27.37226631207392,
              40.34910979111078
            ],
            [
              27.306430091888252,
              40.39407748116254
            ],
            [
              27.314258128066125,
              40.446231954259325
            ],
            [
              27.252777732356275,
              40.45776105685099
            ],
            [
              27.205817798354005,
              40.43453131581124
            ],
            [
              27.152041655651708,
              40.44903087796637
            ],
            [
              27.10010768349842,
              40.44254841970798
            ],
            [
              27.058146980922736,
              40.4110285231902
            ],
            [
              27.005967495060837,
              40.38921810422409
            ],
            [
              26.949181652209692,
              40.38475823011826
            ],
            [
              26.90274300351748,
              40.40412847157022
            ],
            [
              26.851494252844695,
              40.39906887128612
            ],
            [
              26.795056096521883,
              40.40219187872696
            ],
            [
              26.73783251566994,
              40.39532870206488
            ],
            [
              26.68637881626268,
              40.41893639169993
            ],
            [
              26.71964434307034,
              40.45979276675189
            ],
            [
              26.766830261775265,
              40.484882301830964
            ],
            [
              26.825521883933508,
              40.502610706305816
            ],
            [
              26.883007524267217,
              40.52774377715785
            ],
            [
              26.93019006377128,
              40.544557375188994
            ],
            [
              26.980099396165475,
              40.55615364712794
            ],
            [
              27.023921972418503,
              40.58657614296618
            ],
            [
              27.07359625288243,
              40.60453142958472
            ],
            [
              27.13347243551137,
              40.61338292193047
            ],
            [
              27.18587676557468,
              40.63858422930754
            ],
            [
              27.235568594589747,
              40.659431525767516
            ],
            [
              27.282240228402365,
              40.68781138142023
            ],
            [
              27.321152876741092,
              40.72432950450488
            ],
            [
              27.346564361221365,
              40.76740296573814
            ],
            [
              27.384732900545067,
              40.80067958020043
            ],
            [
              27.42945596502218,
              40.82635420364578
            ],
            [
              27.460565039928056,
              40.87886715181504
            ],
            [
              27.481022294102694,
              40.92637865607606
            ],
            [
              27.508110276539202,
              40.9717717742249
            ],
            [
              27.561160393290088,
              40.981322981473724
            ],
            [
              27.612395157001586,
              40.98957471415902
            ],
            [
              27.681020488926183,
              41.00381061570175
            ],
            [
              27.734721796092433,
              41.01247123470781
            ],
            [
              27.78488450570108,
              41.0089395641404
            ],
            [
              27.838622290916593,
              40.993304676275805
            ],
            [
              27.881612258703367,
              40.96680013939838
            ],
            [
              27.936570675245672,
              40.96467867167655
            ],
            [
              27.983147276724356,
              40.993169476148914
            ]
          ]
        ]
      }
    },
    {
      "type": "Feature",
      "properties": {},
      "geometry": {
        "type": "Polygon",
        "coordinates": [
          [
            [
              36.00154000018869,
              39.91797849857495
            ],
            [
              35.98364650141718,
              39.969374998885804
            ],
            [
              35.94814499903735,
              40.01001599973652
            ],
            [
              35.96451549990713,
              40.059984999429055
            ],
            [
              35.93348749944014,
              40.10205349942374
            ],
            [
              35.880949000018155,
              40.1060509991274
            ],
            [
              35.83069499944185,
              40.095390998164426
            ],
            [
              35.77244549951607,
              40.0971994997021
            ],
            [
              35.71857450120312,
              40.08787199870478
            ],
            [
              35.66993850094338,
              40.10252949916546
            ],
            [
              35.620730999237246,
              40.11376049859464
            ],
            [
              35.56505199935163,
              40.122326499324565
            ],
            [
              35.51479750066984,
              40.12994099792389
            ],
            [
              35.49947400009026,
              40.17971949907414
            ],
            [
              35.451011001552715,
              40.23382499889588
            ],
            [
              35.47876599896515,
              40.278384498943815
            ],
            [
              35.522452999399775,
              40.31064999838641
            ],
            [
              35.571945500266395,
              40.32311849906182
            ],
            [
              35.6227709997146,
              40.33463499864023
            ],
            [
              35.66569650053816,
              40.36290299890256
            ],
            [
              35.722803499137804,
              40.3832709995914
            ],
            [
              35.74663843880521,
              40.42818924019698
            ],
            [
              35.79961249932989,
              40.4392359995758
            ],
            [
              35.85395950111598,
              40.45931849861372
            ],
            [
              35.90649800012253,
              40.486444499615
            ],
            [
              35.95865550061913,
              40.4842554991377
            ],
            [
              36.01137256708643,
              40.48792729968022
            ],
            [
              36.055674417491076,
              40.45985869993099
            ],
            [
              36.10426871770137,
              40.441842716291944
            ],
            [
              36.143935728751345,
              40.474226035099555
            ],
            [
              36.19507650698288,
              40.485283993492565
            ],
            [
              36.24279989478137,
              40.50438081747133
            ],
            [
              36.28597400006462,
              40.53108299841692
            ],
            [
              36.27112649952654,
              40.579433999733624
            ],
            [
              36.31976249897924,
              40.59352049966833
            ],
            [
              36.36915999982762,
              40.60170549852492
            ],
            [
              36.387624999030606,
              40.64967549906598
            ],
            [
              36.402281999533464,
              40.7014524987107
            ],
            [
              36.433857499632154,
              40.74662499866503
            ],
            [
              36.45629200049465,
              40.79152549895442
            ],
            [
              36.412083500177395,
              40.81680699842153
            ],
            [
              36.42671799988651,
              40.86533199849761
            ],
            [
              36.48594500050963,
              40.87487949813727
            ],
            [
              36.53510700091662,
              40.88851299973779
            ],
            [
              36.58691999979148,
              40.89678949897035
            ],
            [
              36.63589799955023,
              40.91073449853632
            ],
            [
              36.68243100104036,
              40.88659099940934
            ],
            [
              36.72850600033475,
              40.90963149922257
            ],
            [
              36.726275999424026,
              40.83810649874927
            ],
            [
              36.77738699959351,
              40.83134899914495
            ],
            [
              36.8167905001216,
              40.79451499881915
            ],
            [
              36.85057899935649,
              40.755777499651366
            ],
            [
              36.83268549958003,
              40.70752199799722
            ],
            [
              36.88636600083063,
              40.71247099887444
            ],
            [
              36.9405225006497,
              40.72179849866124
            ],
            [
              36.9770709998092,
              40.6842984992571
            ],
            [
              37.02780149963538,
              40.681633499165045
            ],
            [
              37.07234500121571,
              40.7070459986398
            ],
            [
              37.118410999257826,
              40.730174498246825
            ],
            [
              37.16067049928843,
              40.69800399824668
            ],
            [
              37.21149550005912,
              40.67611299859701
            ],
            [
              37.24471299882178,
              40.63661399903406
            ],
            [
              37.28478300017598,
              40.60549049893251
            ],
            [
              37.331039999723714,
              40.57836449937761
            ],
            [
              37.38710000096033,
              40.55951949953019
            ],
            [
              37.44173250053548,
              40.565610498033756
            ],
            [
              37.48913099979519,
              40.54581349907469
            ],
            [
              37.537957501169124,
              40.532678999405626
            ],
            [
              37.590020499661826,
              40.52753949904305
            ],
            [
              37.60648599861443,
              40.48023549960834
            ],
            [
              37.590686500377196,
              40.43026699853957
            ],
            [
              37.61461299919375,
              40.3850029995406
            ],
            [
              37.5763510016504,
              40.31561799951449
            ],
            [
              37.5378989999077,
              40.27526199885594
            ],
            [
              37.493355500227516,
              40.2488974983038
            ],
            [
              37.44281549930973,
              40.229576499094485
            ],
            [
              37.4162610005884,
              40.17494399909593
            ],
            [
              37.36391300124567,
              40.170660999465376
            ],
            [
              37.321462999965945,
              40.20264099913073
            ],
            [
              37.26606950117189,
              40.20987449951438
            ],
            [
              37.21610049981745,
              40.22386549899115
            ],
            [
              37.16613200012925,
              40.23100399820501
            ],
            [
              37.11578250109009,
              40.23700049930427
            ],
            [
              37.08275550039785,
              40.19388449839643
            ],
            [
              37.03364350076199,
              40.17989349879379
            ],
            [
              36.982152000773496,
              40.1876979990363
            ],
            [
              36.934087000363895,
              40.2094939998994
            ],
            [
              36.882975999996766,
              40.222532998692024
            ],
            [
              36.832341000079616,
              40.2172984989812
            ],
            [
              36.78456150021454,
              40.19378949907878
            ],
            [
              36.74886949926523,
              40.15800249931212
            ],
            [
              36.70937050129515,
              40.12307199913243
            ],
            [
              36.663208998616355,
              40.10137099921975
            ],
            [
              36.632371499800584,
              40.06187199869438
            ],
            [
              36.63056300031118,
              40.00828649932418
            ],
            [
              36.595537499644635,
              39.97040549954004
            ],
            [
              36.54423600163442,
              39.97078649939627
            ],
            [
              36.49017449889253,
              39.98077999937423
            ],
            [
              36.44410849939493,
              39.95612899846828
            ],
            [
              36.39309250040934,
              39.97097649878259
            ],
            [
              36.34559850033738,
              39.95308299896455
            ],
            [
              36.29401200030791,
              39.95298799848713
            ],
            [
              36.23995049969036,
              39.9490854985168
            ],
            [
              36.20701899978304,
              39.91101399895877
            ],
            [
              36.149341000314344,
              39.9064454991157
            ],
            [
              36.10184649978159,
              39.88855199853398
            ],
            [
              36.05387700051148,
              39.91215649880923
            ],
            [
              36.00154000018869,
              39.91797849857495
            ]
          ]
        ]
      }
    },
    {
      "type": "Feature",
      "properties": {},
      "geometry": {
        "type": "Polygon",
        "coordinates": [
          [
            [
              40.09307600010708,
              40.05368399962096
            ],
            [
              40.04891300210306,
              40.07871599943034
            ],
            [
              39.999610999428796,
              40.06919799818907
            ],
            [
              39.95411550020466,
              40.04311899944066
            ],
            [
              39.914045499914934,
              40.01247149908173
            ],
            [
              39.86807400110364,
              39.99086599899786
            ],
            [
              39.828479999050955,
              39.95879099894712
            ],
            [
              39.76850000099927,
              39.96744949952447
            ],
            [
              39.71995900049333,
              39.9897214982575
            ],
            [
              39.67465399942007,
              40.01675199835775
            ],
            [
              39.65952049969373,
              40.06462699941841
            ],
            [
              39.66256600081711,
              40.11726049838783
            ],
            [
              39.70625299995007,
              40.14600449921815
            ],
            [
              39.75936249926872,
              40.15504649816671
            ],
            [
              39.80771349990897,
              40.171226498570974
            ],
            [
              39.831698500163625,
              40.215960498581666
            ],
            [
              39.83226950042992,
              40.26697599885606
            ],
            [
              39.817897500418674,
              40.315516998881485
            ],
            [
              39.85139999856509,
              40.35501599822274
            ],
            [
              39.86634300103806,
              40.40622199895853
            ],
            [
              39.89032800101132,
              40.45143199904149
            ],
            [
              39.9325874999201,
              40.479699999575836
            ],
            [
              39.98360300120062,
              40.49407199896329
            ],
            [
              40.034618499998984,
              40.49664149853314
            ],
            [
              40.082873998741995,
              40.515581998692774
            ],
            [
              40.10808949996387,
              40.59517799920779
            ],
            [
              40.15491749973449,
              40.57043199882958
            ],
            [
              40.206694499524744,
              40.55377549862483
            ],
            [
              40.25333200024428,
              40.52350899843866
            ],
            [
              40.30653700159218,
              40.51656099871331
            ],
            [
              40.357647499172515,
              40.51913049926301
            ],
            [
              40.408853500287215,
              40.51370549894094
            ],
            [
              40.4598689995343,
              40.51874999867307
            ],
            [
              40.51095899950504,
              40.517742498755844
            ],
            [
              40.579120999705395,
              40.48519299864944
            ],
            [
              40.5587680005645,
              40.435722999399594
            ],
            [
              40.5815709998521,
              40.389456499046176
            ],
            [
              40.553302499650044,
              40.346770499267386
            ],
            [
              40.54190099890145,
              40.29626399853349
            ],
            [
              40.58317300082058,
              40.26366099955935
            ],
            [
              40.62567050022771,
              40.23209399866606
            ],
            [
              40.67740199942717,
              40.230020998601574
            ],
            [
              40.70585899937973,
              40.18856049832016
            ],
            [
              40.68710750081709,
              40.140691998480925
            ],
            [
              40.64437599898171,
              40.11412899889962
            ],
            [
              40.59674250124893,
              40.091033498092216
            ],
            [
              40.54802599954287,
              40.0731299990131
            ],
            [
              40.50326750003499,
              40.049101499000386
            ],
            [
              40.46048749948257,
              40.01254049867193
            ],
            [
              40.411111316759545,
              40.001892509681014
            ],
            [
              40.308043894927756,
              40.01437146193329
            ],
            [
              40.26296949959907,
              40.04378549859922
            ],
            [
              40.212619998951375,
              40.03969249920999
            ],
            [
              40.15836849948265,
              40.03360149917123
            ],
            [
              40.09307600010708,
              40.05368399962096
            ]
          ]
        ]
      }
    },
    {
      "type": "Feature",
      "properties": {},
      "geometry": {
        "type": "Polygon",
        "coordinates": [
          [
            [
              39.828479999050955,
              39.95879099894712
            ],
            [
              39.86807400110364,
              39.99086599899786
            ],
            [
              39.914045499914934,
              40.01247149908173
            ],
            [
              39.95411550020466,
              40.04311899944066
            ],
            [
              39.999610999428796,
              40.06919799818907
            ],
            [
              40.04891300210306,
              40.07871599943034
            ],
            [
              40.09307600010708,
              40.05368399962096
            ],
            [
              40.15836849948265,
              40.03360149917123
            ],
            [
              40.212619998951375,
              40.03969249920999
            ],
            [
              40.26296949959907,
              40.04378549859922
            ],
            [
              40.308043894927756,
              40.01437146193329
            ],
            [
              40.26809122647132,
              39.97863270146322
            ],
            [
              40.250340499186166,
              39.93137349873053
            ],
            [
              40.30049950059867,
              39.93012973004738
            ],
            [
              40.351515500248325,
              39.91461573051437
            ],
            [
              40.40281649990303,
              39.90500273014968
            ],
            [
              40.454688999169996,
              39.90633523088161
            ],
            [
              40.503229999883565,
              39.88568173032297
            ],
            [
              40.548249000064075,
              39.86236949906674
            ],
            [
              40.56366698202812,
              39.8138717486481
            ],
            [
              40.54396599993772,
              39.76785699879124
            ],
            [
              40.57756400011445,
              39.719595229804575
            ],
            [
              40.618637023054895,
              39.68555605422538
            ],
            [
              40.667316999872206,
              39.67020399830035
            ],
            [
              40.67331350062369,
              39.619378998533
            ],
            [
              40.69120700109038,
              39.56864849937081
            ],
            [
              40.67501450003516,
              39.52111899968048
            ],
            [
              40.61086900010783,
              39.52222799901413
            ],
            [
              40.55776649951218,
              39.532599999012696
            ],
            [
              40.50401449983487,
              39.514825498501835
            ],
            [
              40.445908001863636,
              39.5139684989841
            ],
            [
              40.41299599994766,
              39.56111249891203
            ],
            [
              40.37882699884205,
              39.60213449959073
            ],
            [
              40.3240994996577,
              39.59413949929595
            ],
            [
              40.272513000484295,
              39.58490749886986
            ],
            [
              40.2210214998876,
              39.58109999849494
            ],
            [
              40.170291000718514,
              39.57843499800261
            ],
            [
              40.12114110781861,
              39.56059849187685
            ],
            [
              40.0675384772923,
              39.55038711062647
            ],
            [
              40.01834755990415,
              39.56202086197559
            ],
            [
              39.965689950904526,
              39.56835501264683
            ],
            [
              39.914934116919305,
              39.58148564723113
            ],
            [
              39.85902521859439,
              39.59743083064478
            ],
            [
              39.81041435770804,
              39.611005751809266
            ],
            [
              39.78272449998877,
              39.5672994987083
            ],
            [
              39.77044650011208,
              39.51875849887299
            ],
            [
              39.714576999551575,
              39.49182299840044
            ],
            [
              39.66917649983936,
              39.466600498298355
            ],
            [
              39.62082600055459,
              39.448421498119906
            ],
            [
              39.56885849903213,
              39.442329998887104
            ],
            [
              39.54611100113106,
              39.48763499886912
            ],
            [
              39.49871199985764,
              39.503624998376104
            ],
            [
              39.44836300078932,
              39.49258399811803
            ],
            [
              39.398489499274575,
              39.48306649840025
            ],
            [
              39.34985299962664,
              39.46593449852767
            ],
            [
              39.29912299989479,
              39.45498849895199
            ],
            [
              39.25258050101341,
              39.4764039986032
            ],
            [
              39.197663001700676,
              39.466980998477844
            ],
            [
              39.1469324994043,
              39.47088349917881
            ],
            [
              39.09496499935205,
              39.458034498589036
            ],
            [
              39.05756000009227,
              39.421390499287234
            ],
            [
              39.021868000592875,
              39.381891499789084
            ],
            [
              38.98172850083873,
              39.34683549902426
            ],
            [
              38.929068999914946,
              39.32659299946936
            ],
            [
              38.94163300079925,
              39.27643399980433
            ],
            [
              38.94163300052104,
              39.22617999900162
            ],
            [
              38.89594700055572,
              39.2054309986967
            ],
            [
              38.84483650037017,
              39.20809599958302
            ],
            [
              38.78601600055469,
              39.205049998724434
            ],
            [
              38.76503049970961,
              39.15762149921704
            ],
            [
              38.733455499436,
              39.11760299905058
            ],
            [
              38.74478999967584,
              39.067753499765644
            ],
            [
              38.72339300011962,
              39.015127999520665
            ],
            [
              38.67296499863944,
              39.04901649976066
            ],
            [
              38.63358145142405,
              39.08202172949314
            ],
            [
              38.59226892155058,
              39.1117754595403
            ],
            [
              38.54107995800955,
              39.12259898418815
            ],
            [
              38.499981073930755,
              39.15333460316567
            ],
            [
              38.44614492082096,
              39.13886999907848
            ],
            [
              38.38958476916204,
              39.11873019878523
            ],
            [
              38.31433800025215,
              39.147510498247264
            ],
            [
              38.3282080013001,
              39.19772149845284
            ],
            [
              38.3560955000891,
              39.240075998739144
            ],
            [
              38.35086049950219,
              39.29118649857974
            ],
            [
              38.335536999665045,
              39.33915649860721
            ],
            [
              38.37622949986746,
              39.3733784984243
            ],
            [
              38.40949000010525,
              39.41196799896257
            ],
            [
              38.38065099945413,
              39.454227498749894
            ],
            [
              38.326208999671216,
              39.46974149894399
            ],
            [
              38.29527599952847,
              39.5146654990041
            ],
            [
              38.334720212326985,
              39.570691873488464
            ],
            [
              38.32980508111107,
              39.62343219774905
            ],
            [
              38.32400154817806,
              39.67391902313951
            ],
            [
              38.35438209991639,
              39.71385102195186
            ],
            [
              38.361634842006694,
              39.767855427752544
            ],
            [
              38.40886738091119,
              39.786728854746464
            ],
            [
              38.44627050088588,
              39.82000349891405
            ],
            [
              38.436521000591085,
              39.87015699946911
            ],
            [
              38.38931249964526,
              39.89661649926242
            ],
            [
              38.420150000238365,
              39.95086849916341
            ],
            [
              38.46174300002899,
              39.980468995476755
            ],
            [
              38.516375500638226,
              39.974662998215166
            ],
            [
              38.56679450005456,
              39.975257001645815
            ],
            [
              38.61638249942942,
              39.98820099917453
            ],
            [
              38.66758850079505,
              40.0035249985148
            ],
            [
              38.71695093454813,
              40.02368412973575
            ],
            [
              38.76604265204978,
              40.0390697264377
            ],
            [
              38.80902349971263,
              40.06691349852204
            ],
            [
              38.860705500180835,
              40.060250999573164
            ],
            [
              38.91095999842464,
              40.047497498591525
            ],
            [
              38.95983800000056,
              40.08425699906424
            ],
            [
              39.00328299988055,
              40.05149499884583
            ],
            [
              39.050871999289214,
              40.0233219989242
            ],
            [
              39.10017450021344,
              40.00247799158872
            ],
            [
              39.153395999902614,
              39.99718549927165
            ],
            [
              39.18631100068152,
              39.95869599793684
            ],
            [
              39.23075949963579,
              39.93309299911988
            ],
            [
              39.286058000076615,
              39.921576498300226
            ],
            [
              39.34935149987462,
              39.90615749934369
            ],
            [
              39.39893950078534,
              39.886740999188454
            ],
            [
              39.4475759994187,
              39.874653499607
            ],
            [
              39.50154050131769,
              39.874236999001084
            ],
            [
              39.551415499903726,
              39.862184998694524
            ],
            [
              39.60043250102248,
              39.84771799969403
            ],
            [
              39.64916349989538,
              39.874367498717994
            ],
            [
              39.698561500414876,
              39.891214498763574
            ],
            [
              39.76850000099927,
              39.96744949952447
            ],
            [
              39.792642534552705,
              39.92334761251106
            ],
            [
              39.828479999050955,
              39.95879099894712
            ]
          ],
          [
            [
              38.929068999914946,
              39.32659299946936
            ],
            [
              38.881765499310994,
              39.350768498801656
            ],
            [
              38.83132099843078,
              39.36399799839887
            ],
            [
              38.79553400052556,
              39.32564099993698
            ],
            [
              38.8388400005658,
              39.297372998249145
            ],
            [
              38.88795199961814,
              39.280811999577715
            ],
            [
              38.929068999914946,
              39.32659299946936
            ]
          ]
        ]
      }
    },
    {
      "type": "Feature",
      "properties": {},
      "geometry": {
        "type": "Polygon",
        "coordinates": [
          [
            [
              31.36326200032128,
              37.41111149950967
            ],
            [
              31.39569149900928,
              37.36557949842951
            ],
            [
              31.463059001335022,
              37.34777299867223
            ],
            [
              31.5126205006198,
              37.33619899882034
            ],
            [
              31.566639500017395,
              37.326702000053146
            ],
            [
              31.6179180009659,
              37.33118899934982
            ],
            [
              31.671693499511868,
              37.34501849929884
            ],
            [
              31.72000849951216,
              37.374042999455156
            ],
            [
              31.768204500770047,
              37.36009499922624
            ],
            [
              31.811668500349594,
              37.33227699914732
            ],
            [
              31.837467998607845,
              37.28629699923374
            ],
            [
              31.86674999971016,
              37.24459049905213
            ],
            [
              31.894369501262737,
              37.197739499053604
            ],
            [
              31.935126500319903,
              37.167745498398276
            ],
            [
              31.96527899983521,
              37.12437699847972
            ],
            [
              32.006273500352385,
              37.08813099876561
            ],
            [
              32.041490501358396,
              37.050855999411084
            ],
            [
              32.07908199916912,
              37.008595498906644
            ],
            [
              32.134406500585385,
              36.9892857503342
            ],
            [
              32.18655349894196,
              36.97242849864897
            ],
            [
              32.226360999484385,
              36.942117998065726
            ],
            [
              32.26070750080154,
              36.903181498614735
            ],
            [
              32.29299649940328,
              36.85949649916538
            ],
            [
              32.331299999558276,
              36.81589049923794
            ],
            [
              32.375459999901764,
              36.784788498896255
            ],
            [
              32.40846150062823,
              36.74490199923978
            ],
            [
              32.42309750025272,
              36.69540099887043
            ],
            [
              32.42038750068447,
              36.64512049887402
            ],
            [
              32.407791499666324,
              36.58917149900293
            ],
            [
              32.44497650248075,
              36.55549474904108
            ],
            [
              32.48873349866983,
              36.525214499500024
            ],
            [
              32.53198650029494,
              36.49542249820351
            ],
            [
              32.581793000983524,
              36.483831499019914
            ],
            [
              32.628730500283176,
              36.449972999606935
            ],
            [
              32.655880499287775,
              36.39986399912594
            ],
            [
              32.65244449846782,
              36.34145099938451
            ],
            [
              32.63143799995541,
              36.29100349933424
            ],
            [
              32.5983689996517,
              36.252102999085025
            ],
            [
              32.56238800026259,
              36.21510399914122
            ],
            [
              32.56442449955304,
              36.16031799897844
            ],
            [
              32.584102265729136,
              36.08831553318222
            ],
            [
              32.52994634328044,
              36.09431278470493
            ],
            [
              32.48014537075487,
              36.11995942721955
            ],
            [
              32.43344470129623,
              36.145323932097305
            ],
            [
              32.38279800993988,
              36.17080377361717
            ],
            [
              32.3472416840303,
              36.21070901854723
            ],
            [
              32.29821224173113,
              36.23468763296512
            ],
            [
              32.27560839994489,
              36.28415731134833
            ],
            [
              32.22922335940904,
              36.326760836384175
            ],
            [
              32.196170671366104,
              36.36487231542942
            ],
            [
              32.163883662123446,
              36.41585894425088
            ],
            [
              32.121058371173035,
              36.454645185924726
            ],
            [
              32.085476318529096,
              36.4905368655104
            ],
            [
              32.03916483333842,
              36.52988766566417
            ],
            [
              31.98908614894458,
              36.53210825104094
            ],
            [
              31.94373083280708,
              36.55967027302514
            ],
            [
              31.889307410637468,
              36.57576652805518
            ],
            [
              31.838856052122082,
              36.59379677494817
            ],
            [
              31.785194109251435,
              36.606983872301534
            ],
            [
              31.744903856932694,
              36.63887112135678
            ],
            [
              31.694214738234823,
              36.64744846628924
            ],
            [
              31.646581485192332,
              36.666080496266666
            ],
            [
              31.587101066081424,
              36.698178384126244
            ],
            [
              31.520865213180848,
              36.72765600438777
            ],
            [
              31.464599322378973,
              36.74738407365078
            ],
            [
              31.412104325570652,
              36.7598056472274
            ],
            [
              31.367370118622325,
              36.794171185235435
            ],
            [
              31.319318310612932,
              36.81173910020889
            ],
            [
              31.25740538191469,
              36.820993007667255
            ],
            [
              31.20287564779239,
              36.827160475892384
            ],
            [
              31.133511434393874,
              36.83407329073738
            ],
            [
              31.081879773778333,
              36.84161001797103
            ],
            [
              31.01969257085593,
              36.85607208620155
            ],
            [
              30.967306139071137,
              36.85766311958488
            ],
            [
              30.90485945955658,
              36.85367984484016
            ],
            [
              30.848796394834892,
              36.850686680210984
            ],
            [
              30.79448565583514,
              36.85121141334711
            ],
            [
              30.74130823824227,
              36.85317567277523
            ],
            [
              30.699941091117363,
              36.88452176221515
            ],
            [
              30.644963699766336,
              36.86471689612955
            ],
            [
              30.597733621019845,
              36.8240450230856
            ],
            [
              30.57485668861273,
              36.77943275311429
            ],
            [
              30.564130047600827,
              36.72943968170594
            ],
            [
              30.5710061849978,
              36.67988661008562
            ],
            [
              30.555960701387406,
              36.62628460161969
            ],
            [
              30.590874279498742,
              36.58869015213615
            ],
            [
              30.561297020280332,
              36.54690408506797
            ],
            [
              30.535817245558103,
              36.50281527662347
            ],
            [
              30.512445276191674,
              36.45717285364016
            ],
            [
              30.483685893668117,
              36.41482135499941
            ],
            [
              30.50284852104491,
              36.36175999401084
            ],
            [
              30.468372921143366,
              36.31447663358943
            ],
            [
              30.461166986256146,
              36.26487909149776
            ],
            [
              30.40821278235416,
              36.274455697764
            ],
            [
              30.354311700098755,
              36.27995591628501
            ],
            [
              30.29960860368987,
              36.30931157874991
            ],
            [
              30.22954026292906,
              36.31542979528908
            ],
            [
              30.178314290386187,
              36.31254278457827
            ],
            [
              30.14823014107441,
              36.27054818207866
            ],
            [
              30.101437390165326,
              36.24734476119865
            ],
            [
              30.05860205644203,
              36.27432597344101
            ],
            [
              30.020144691038595,
              36.23772070674896
            ],
            [
              29.971403617106386,
              36.22038876850987
            ],
            [
              29.92259235616882,
              36.23330685992579
            ],
            [
              29.887587793527228,
              36.1946695940407
            ],
            [
              29.83473946518672,
              36.19185612394439
            ],
            [
              29.8050670087697,
              36.150760037877
            ],
            [
              29.747607888501122,
              36.129545269950064
            ],
            [
              29.697186847285153,
              36.14256119043326
            ],
            [
              29.648599414333813,
              36.1598425002111
            ],
            [
              29.613536175789424,
              36.19644341696415
            ],
            [
              29.559668328048446,
              36.21044238978836
            ],
            [
              29.506564698567455,
              36.20959642504884
            ],
            [
              29.454720271422214,
              36.22605556704638
            ],
            [
              29.405501417137735,
              36.23997847347091
            ],
            [
              29.351618315947224,
              36.21166458921585
            ],
            [
              29.31805908811147,
              36.249584229696175
            ],
            [
              29.307429499258852,
              36.31551299978506
            ],
            [
              29.318830999951405,
              36.364604999376695
            ],
            [
              29.324693999515315,
              36.41494699935048
            ],
            [
              29.35674400007025,
              36.45575199860789
            ],
            [
              29.404271500300496,
              36.47349649856567
            ],
            [
              29.454462999835012,
              36.47326249954168
            ],
            [
              29.505659000154466,
              36.48647299894094
            ],
            [
              29.54341550058922,
              36.5235259989837
            ],
            [
              29.58570549941881,
              36.55065099864259
            ],
            [
              29.62260199900107,
              36.592237999571026
            ],
            [
              29.668254000778152,
              36.62139549918543
            ],
            [
              29.719299000126878,
              36.633355499055675
            ],
            [
              29.74447000034555,
              36.677521998787924
            ],
            [
              29.746111501127206,
              36.729348998961
            ],
            [
              29.759948000097754,
              36.780081999442544
            ],
            [
              29.782930000006544,
              36.8287039982968
            ],
            [
              29.81160300016596,
              36.86991949896487
            ],
            [
              29.795927999530427,
              36.91953799808854
            ],
            [
              29.75547499945393,
              36.9543044992233
            ],
            [
              29.794891499474044,
              36.992519998742175
            ],
            [
              29.843318000524345,
              37.01805249848255
            ],
            [
              29.871815500375078,
              37.059783999631385
            ],
            [
              29.843754501650917,
              37.10375649893618
            ],
            [
              29.867308000706558,
              37.15118299857844
            ],
            [
              29.91179850048927,
              37.17977899904183
            ],
            [
              29.957501500389363,
              37.20218399895711
            ],
            [
              30.00285350099362,
              37.232758998954736
            ],
            [
              30.03311999966193,
              37.27475999857282
            ],
            [
              30.08309949980464,
              37.29007949901756
            ],
            [
              30.13422050016418,
              37.29643049953125
            ],
            [
              30.17677950157429,
              37.32371849866978
            ],
            [
              30.22202799957624,
              37.34679299900237
            ],
            [
              30.269135500694446,
              37.31928199884923
            ],
            [
              30.31898749995503,
              37.309962499385264
            ],
            [
              30.368775500227013,
              37.29349449868747
            ],
            [
              30.418627500444547,
              37.274408998089015
            ],
            [
              30.46433050082469,
              37.25257849956911
            ],
            [
              30.513161499724557,
              37.23949299911144
            ],
            [
              30.565119999472905,
              37.238471998203764
            ],
            [
              30.616120999341035,
              37.245173998780935
            ],
            [
              30.66673900046052,
              37.244599499191544
            ],
            [
              30.720867999508148,
              37.23936549960303
            ],
            [
              30.770528499145428,
              37.23170599880899
            ],
            [
              30.818975999854352,
              37.24568499887681
            ],
            [
              30.868423500418125,
              37.268949498880225
            ],
            [
              30.903667499487312,
              37.30462649939427
            ],
            [
              30.909851000054218,
              37.384033999379305
            ],
            [
              30.952753500194778,
              37.35688549810105
            ],
            [
              30.99932499931783,
              37.33428849880812
            ],
            [
              31.04558199914283,
              37.35769749860246
            ],
            [
              31.093073500688185,
              37.37573749875311
            ],
            [
              31.140883999813713,
              37.39205699856638
            ],
            [
              31.19226400040418,
              37.40531649900176
            ],
            [
              31.244728000124997,
              37.41832099977446
            ],
            [
              31.29400449963355,
              37.4343214984411
            ],
            [
              31.36326200032128,
              37.41111149950967
            ]
          ]
        ]
      }
    },
    {
      "type": "Feature",
      "properties": {},
      "geometry": {
        "type": "Polygon",
        "coordinates": [
          [
            [
              44.05864501684382,
              39.35093986157042
            ],
            [
              43.9959175017118,
              39.36076399883303
            ],
            [
              43.937770000370406,
              39.36558899951623
            ],
            [
              43.8666119992958,
              39.35450499855575
            ],
            [
              43.820147999548595,
              39.383241499634835
            ],
            [
              43.771558999453546,
              39.3696024990026
            ],
            [
              43.77481400079279,
              39.31287649945944
            ],
            [
              43.777294000736646,
              39.259870498185684
            ],
            [
              43.7472629990626,
              39.209791498384256
            ],
            [
              43.699605499753325,
              39.19165949894195
            ],
            [
              43.651885000932225,
              39.207311999285075
            ],
            [
              43.60554299985002,
              39.23947200003879
            ],
            [
              43.56865599999091,
              39.274809499036756
            ],
            [
              43.52239150086256,
              39.30030549893167
            ],
            [
              43.480622000233545,
              39.32866849878352
            ],
            [
              43.433737999201576,
              39.350986499392334
            ],
            [
              43.389053500635555,
              39.374280002394194
            ],
            [
              43.33578500071245,
              39.378265000173215
            ],
            [
              43.28260599970076,
              39.38113199869543
            ],
            [
              43.24013900008973,
              39.35470649930617
            ],
            [
              43.19147249971655,
              39.33827749957685
            ],
            [
              43.13753650073412,
              39.34765449998483
            ],
            [
              43.13330899849366,
              39.29546549879643
            ],
            [
              43.16677749978626,
              39.25435099880416
            ],
            [
              43.15401700046691,
              39.2027139990511
            ],
            [
              43.119144000122226,
              39.162183998624144
            ],
            [
              43.07357750058169,
              39.12653649890029
            ],
            [
              43.025686000996735,
              39.10460549873375
            ],
            [
              43.01012689929888,
              39.02283169897271
            ],
            [
              42.958808000413654,
              39.0243214991835
            ],
            [
              42.94834649919327,
              38.973174999293114
            ],
            [
              42.90339949990566,
              38.95116649963536
            ],
            [
              42.84210149900095,
              38.95945849952886
            ],
            [
              42.79459699935298,
              38.97945199937853
            ],
            [
              42.7144524999269,
              38.954903498574865
            ],
            [
              42.69599199886988,
              39.00706699804759
            ],
            [
              42.7133444998784,
              39.05696549866984
            ],
            [
              42.716333000313,
              39.11582999928648
            ],
            [
              42.68735750068517,
              39.16224099909681
            ],
            [
              42.674571500246216,
              39.21438099943272
            ],
            [
              42.64227500044232,
              39.252821499090096
            ],
            [
              42.62533749950637,
              39.30288549869407
            ],
            [
              42.58855750034626,
              39.34124349945487
            ],
            [
              42.53998799947184,
              39.36091999902091
            ],
            [
              42.509019500365454,
              39.4025159992242
            ],
            [
              42.487931000497895,
              39.45166649889646
            ],
            [
              42.45090200037188,
              39.49483949933399
            ],
            [
              42.466440000750076,
              39.55202049802537
            ],
            [
              42.50072949974769,
              39.5899629988464
            ],
            [
              42.503967500077145,
              39.64118949909008
            ],
            [
              42.46145849969497,
              39.672821999174325
            ],
            [
              42.421511000849534,
              39.70356499796034
            ],
            [
              42.38248599995308,
              39.74019899870915
            ],
            [
              42.331595000007745,
              39.76035399845664
            ],
            [
              42.287093500367355,
              39.78625799923561
            ],
            [
              42.299961999909954,
              39.83698599936763
            ],
            [
              42.3484615017135,
              39.861454997937756
            ],
            [
              42.39826399925932,
              39.87459649897156
            ],
            [
              42.44550549953013,
              39.91062949931809
            ],
            [
              42.49839250082055,
              39.912953998442184
            ],
            [
              42.564983601256145,
              39.92101050483872
            ],
            [
              42.633224998211666,
              39.931136498502404
            ],
            [
              42.70089049998058,
              39.94085049861361
            ],
            [
              42.75917399928404,
              39.95363649925261
            ],
            [
              42.83157200001989,
              39.96235399838211
            ],
            [
              42.88728199903604,
              39.9718189993082
            ],
            [
              42.93352700007048,
              39.992325999573566
            ],
            [
              42.9942179996211,
              39.993073498874224
            ],
            [
              43.04685600038793,
              39.981034997947916
            ],
            [
              43.10260099900908,
              39.98802849980225
            ],
            [
              43.14972849988026,
              40.008122999478935
            ],
            [
              43.20983199914685,
              40.01181749895646
            ],
            [
              43.26029349953079,
              40.019206498712904
            ],
            [
              43.302194999254354,
              39.97766549822249
            ],
            [
              43.34697949897574,
              39.9552284984542
            ],
            [
              43.381130998752376,
              39.918463499544245
            ],
            [
              43.40960599959526,
              39.87241699848114
            ],
            [
              43.41636400076814,
              39.818711498899894
            ],
            [
              43.454921499436864,
              39.78189449914065
            ],
            [
              43.49169600041633,
              39.81943249928901
            ],
            [
              43.53549449964356,
              39.84430299933023
            ],
            [
              43.57505300067047,
              39.81285449917174
            ],
            [
              43.61911649997758,
              39.78645199874837
            ],
            [
              43.66939299979852,
              39.788794999348504
            ],
            [
              43.71936850079272,
              39.77523149881504
            ],
            [
              43.776803999515344,
              39.7716739984819
            ],
            [
              43.82967849949326,
              39.77879299895534
            ],
            [
              43.87586200002794,
              39.74936699918431
            ],
            [
              43.93177299948083,
              39.74022599867864
            ],
            [
              43.9936785005575,
              39.728331498791384
            ],
            [
              44.04434099970386,
              39.73391799904491
            ],
            [
              44.09297999905835,
              39.70958849850571
            ],
            [
              44.15176149991782,
              39.70249999875476
            ],
            [
              44.206931460467224,
              39.70814658088499
            ],
            [
              44.264599999139385,
              39.70622449933018
            ],
            [
              44.31231499915763,
              39.68664199968118
            ],
            [
              44.36451999939195,
              39.66348799989066
            ],
            [
              44.41490349983081,
              39.64787849820134
            ],
            [
              44.484916580918686,
              39.630368430157
            ],
            [
              44.448410123569616,
              39.57786798522172
            ],
            [
              44.42433377866764,
              39.533173248143875
            ],
            [
              44.41605678513438,
              39.483249314220814
            ],
            [
              44.428204119033595,
              39.43228200522797
            ],
            [
              44.37983876898787,
              39.41130777454516
            ],
            [
              44.33131628412083,
              39.38756590596961
            ],
            [
              44.27842608388918,
              39.38358634499089
            ],
            [
              44.23375889797804,
              39.41258317987764
            ],
            [
              44.17779724286259,
              39.40134451435844
            ],
            [
              44.12259701933608,
              39.403491740973884
            ],
            [
              44.0715167640793,
              39.41216123080445
            ],
            [
              44.05864501684382,
              39.35093986157042
            ]
          ]
        ]
      }
    },
    {
      "type": "Feature",
      "properties": {},
      "geometry": {
        "type": "Polygon",
        "coordinates": [
          [
            [
              43.8666119992958,
              39.35450499855575
            ],
            [
              43.937770000370406,
              39.36558899951623
            ],
            [
              43.9959175017118,
              39.36076399883303
            ],
            [
              44.05864501684382,
              39.35093986157042
            ],
            [
              44.078673132645065,
              39.303949694556145
            ],
            [
              44.08662665569945,
              39.25032016130401
            ],
            [
              44.102588044109446,
              39.20268423906309
            ],
            [
              44.15257837134018,
              39.181097512794565
            ],
            [
              44.196197453072266,
              39.14861314615353
            ],
            [
              44.220195292122106,
              39.103169884926416
            ],
            [
              44.20531431852626,
              39.055230802814044
            ],
            [
              44.179273536978,
              39.008192952945166
            ],
            [
              44.183241498497345,
              38.95524734435744
            ],
            [
              44.21862247238282,
              38.91790989188305
            ],
            [
              44.24402052939366,
              38.870019539500085
            ],
            [
              44.288173282158915,
              38.84521994602702
            ],
            [
              44.300535075419404,
              38.79350379924599
            ],
            [
              44.27730147763721,
              38.74594493243592
            ],
            [
              44.27050544184544,
              38.6938631011223
            ],
            [
              44.27661788719146,
              38.64311300605161
            ],
            [
              44.321818006044474,
              38.61817839852528
            ],
            [
              44.31410323849901,
              38.5637709845133
            ],
            [
              44.32017818477786,
              38.51181296565333
            ],
            [
              44.31122996760614,
              38.461577837137085
            ],
            [
              44.317597056786624,
              38.40730342857897
            ],
            [
              44.352131876687984,
              38.37098600438688
            ],
            [
              44.40204658807231,
              38.36695452404159
            ],
            [
              44.45057194451129,
              38.381179706640125
            ],
            [
              44.49353552517733,
              38.35427031818074
            ],
            [
              44.49147451335078,
              38.303465673578714
            ],
            [
              44.44422587292593,
              38.280586963251736
            ],
            [
              44.40214488222465,
              38.25061484096537
            ],
            [
              44.397600863029055,
              38.198668270125744
            ],
            [
              44.390968086902404,
              38.146253057549266
            ],
            [
              44.362730608337344,
              38.10203493002852
            ],
            [
              44.31860262352868,
              38.07590171303556
            ],
            [
              44.294306838085845,
              38.02785629076734
            ],
            [
              44.2612457717081,
              37.98739922359214
            ],
            [
              44.24655637393026,
              37.93389874306013
            ],
            [
              44.22747028618524,
              37.88608512459976
            ],
            [
              44.27718796559019,
              37.871135796938226
            ],
            [
              44.32707626240468,
              37.87638557787254
            ],
            [
              44.37675520971603,
              37.86461893594781
            ],
            [
              44.40560630883814,
              37.81921688596444
            ],
            [
              44.36051849982248,
              37.78042649894266
            ],
            [
              44.30812950100292,
              37.77914649947101
            ],
            [
              44.261909000518514,
              37.757828499012085
            ],
            [
              44.21614800031382,
              37.73366149824203
            ],
            [
              44.16127849912918,
              37.73220249913985
            ],
            [
              44.11477993060508,
              37.758387620436146
            ],
            [
              44.081977499643564,
              37.796788499434896
            ],
            [
              44.032263500132366,
              37.806241999805465
            ],
            [
              43.98246749971954,
              37.794180498898584
            ],
            [
              43.928352499581095,
              37.77388699863535
            ],
            [
              43.87334050087982,
              37.76769299887838
            ],
            [
              43.815394999497926,
              37.769404499139135
            ],
            [
              43.765191999938125,
              37.76239599929652
            ],
            [
              43.70744799926943,
              37.761951498882276
            ],
            [
              43.65655800060855,
              37.76932549935372
            ],
            [
              43.600805999776625,
              37.756116999610846
            ],
            [
              43.5526715009327,
              37.73350799892411
            ],
            [
              43.49392099989161,
              37.73804599842045
            ],
            [
              43.43217249994523,
              37.753280498869934
            ],
            [
              43.38136399963472,
              37.75619799992491
            ],
            [
              43.33387750002409,
              37.73683049900352
            ],
            [
              43.28387899997362,
              37.742097999622004
            ],
            [
              43.2322599997826,
              37.734723498264685
            ],
            [
              43.18128899865986,
              37.735695998308906
            ],
            [
              43.13120949966421,
              37.74866149891775
            ],
            [
              43.07416099961106,
              37.74712199978452
            ],
            [
              43.02205550090502,
              37.75028249934656
            ],
            [
              42.96525000010447,
              37.754739499108915
            ],
            [
              42.919302999422094,
              37.78285849997551
            ],
            [
              42.86834599923669,
              37.79416299898777
            ],
            [
              42.83573449978965,
              37.84065899871059
            ],
            [
              42.817281999646006,
              37.89071799913091
            ],
            [
              42.76996399941392,
              37.938766998143045
            ],
            [
              42.75699250089314,
              37.99001349967493
            ],
            [
              42.70510649916195,
              38.01622999810796
            ],
            [
              42.68474449976282,
              38.092968498844854
            ],
            [
              42.672000500393914,
              38.14259949916793
            ],
            [
              42.7042199995937,
              38.18208899865218
            ],
            [
              42.73931199993554,
              38.21843699951578
            ],
            [
              42.70341249956952,
              38.2555034987344
            ],
            [
              42.678911000020136,
              38.299121498862625
            ],
            [
              42.71822100057857,
              38.3301744987945
            ],
            [
              42.75833850023631,
              38.36347149892494
            ],
            [
              42.7762884996101,
              38.41247399903945
            ],
            [
              42.759131500121946,
              38.46024999801236
            ],
            [
              42.75733849966211,
              38.515831998802234
            ],
            [
              42.78602600028854,
              38.593824999548126
            ],
            [
              42.8469860005348,
              38.62251249833219
            ],
            [
              42.91110299901682,
              38.647247498214725
            ],
            [
              43.00745550083267,
              38.684369497786626
            ],
            [
              43.06393349963471,
              38.713056499129486
            ],
            [
              43.12399750019312,
              38.75160499909239
            ],
            [
              43.16702800012545,
              38.78387799940247
            ],
            [
              43.23426399990027,
              38.8439419989894
            ],
            [
              43.24233250059786,
              38.89683399987717
            ],
            [
              43.192129498846526,
              38.919245999302234
            ],
            [
              43.12668699973581,
              38.91386699994114
            ],
            [
              43.06660449972584,
              38.930068998477786
            ],
            [
              43.049341500153105,
              38.982069999601585
            ],
            [
              43.01012689929888,
              39.02283169897271
            ],
            [
              43.025686000996735,
              39.10460549873375
            ],
            [
              43.07357750058169,
              39.12653649890029
            ],
            [
              43.119144000122226,
              39.162183998624144
            ],
            [
              43.15401700046691,
              39.2027139990511
            ],
            [
              43.16677749978626,
              39.25435099880416
            ],
            [
              43.13330899849366,
              39.29546549879643
            ],
            [
              43.13753650073412,
              39.34765449998483
            ],
            [
              43.19147249971655,
              39.33827749957685
            ],
            [
              43.24013900008973,
              39.35470649930617
            ],
            [
              43.28260599970076,
              39.38113199869543
            ],
            [
              43.33578500071245,
              39.378265000173215
            ],
            [
              43.389053500635555,
              39.374280002394194
            ],
            [
              43.433737999201576,
              39.350986499392334
            ],
            [
              43.480622000233545,
              39.32866849878352
            ],
            [
              43.52239150086256,
              39.30030549893167
            ],
            [
              43.56865599999091,
              39.274809499036756
            ],
            [
              43.60554299985002,
              39.23947200003879
            ],
            [
              43.651885000932225,
              39.207311999285075
            ],
            [
              43.699605499753325,
              39.19165949894195
            ],
            [
              43.7472629990626,
              39.209791498384256
            ],
            [
              43.777294000736646,
              39.259870498185684
            ],
            [
              43.77481400079279,
              39.31287649945944
            ],
            [
              43.771558999453546,
              39.3696024990026
            ],
            [
              43.820147999548595,
              39.383241499634835
            ],
            [
              43.8666119992958,
              39.35450499855575
            ]
          ]
        ]
      }
    },
    {
      "type": "Feature",
      "properties": {},
      "geometry": {
        "type": "Polygon",
        "coordinates": [
          [
            [
              32.11889749946601,
              41.05791349982202
            ],
            [
              32.079950999886215,
              41.01135049892238
            ],
            [
              32.01927300043,
              41.02550849833883
            ],
            [
              31.964747000450984,
              41.02584549860172
            ],
            [
              31.911063500572677,
              41.01227749969947
            ],
            [
              31.85596601487014,
              41.005429996744056
            ],
            [
              31.805625207818622,
              41.01409383014548
            ],
            [
              31.75020650050629,
              40.98844949854979
            ],
            [
              31.70323600083935,
              40.97006549856088
            ],
            [
              31.679559500088207,
              41.03275649917362
            ],
            [
              31.62326349900397,
              41.03629599983827
            ],
            [
              31.558624500345434,
              41.0350314987734
            ],
            [
              31.4987045001544,
              41.021715999122335
            ],
            [
              31.454881500468723,
              41.04725149829541
            ],
            [
              31.40212500035434,
              41.06250549943495
            ],
            [
              31.357290499517124,
              41.0849224985817
            ],
            [
              31.328704047246543,
              41.13024297515717
            ],
            [
              31.37546763753005,
              41.17387027628825
            ],
            [
              31.410263456797665,
              41.21352903855921
            ],
            [
              31.411235886973365,
              41.263975008105405
            ],
            [
              31.39660741974882,
              41.312397703047424
            ],
            [
              31.453412938231452,
              41.328014818004
            ],
            [
              31.499228373884847,
              41.35369447935796
            ],
            [
              31.55051819377237,
              41.365411855327245
            ],
            [
              31.604169382937144,
              41.376401452562185
            ],
            [
              31.64890539702133,
              41.39942679798715
            ],
            [
              31.70653705473892,
              41.42100497954104
            ],
            [
              31.752119557117457,
              41.44414928872753
            ],
            [
              31.801236009298353,
              41.47094139567606
            ],
            [
              31.845620716207552,
              41.498158910422745
            ],
            [
              31.893219432785138,
              41.51706492661135
            ],
            [
              31.96943516160969,
              41.54037257282847
            ],
            [
              32.0180532557429,
              41.5609990510865
            ],
            [
              32.08902086373678,
              41.58880575195238
            ],
            [
              32.13916348504726,
              41.60135703632568
            ],
            [
              32.165935499098225,
              41.50270699883393
            ],
            [
              32.2167364995186,
              41.51033899889006
            ],
            [
              32.23708749927545,
              41.46115699897671
            ],
            [
              32.28385342556432,
              41.432087006665306
            ],
            [
              32.29139599988304,
              41.37779899984962
            ],
            [
              32.287798499475706,
              41.326201498874475
            ],
            [
              32.22634549912494,
              41.271982499900915
            ],
            [
              32.17790650033546,
              41.254610498528216
            ],
            [
              32.147022999423896,
              41.20727449874639
            ],
            [
              32.15336499945449,
              41.15276949928994
            ],
            [
              32.12597450058167,
              41.10975349983221
            ],
            [
              32.11889749946601,
              41.05791349982202
            ]
          ]
        ]
      }
    },
    {
      "type": "Feature",
      "properties": {},
      "geometry": {
        "type": "Polygon",
        "coordinates": [
          [
            [
              44.484916580918686,
              39.630368430157
            ],
            [
              44.41490349983081,
              39.64787849820134
            ],
            [
              44.36451999939195,
              39.66348799989066
            ],
            [
              44.31231499915763,
              39.68664199968118
            ],
            [
              44.264599999139385,
              39.70622449933018
            ],
            [
              44.206931460467224,
              39.70814658088499
            ],
            [
              44.15176149991782,
              39.70249999875476
            ],
            [
              44.09297999905835,
              39.70958849850571
            ],
            [
              44.04434099970386,
              39.73391799904491
            ],
            [
              43.9936785005575,
              39.728331498791384
            ],
            [
              43.93177299948083,
              39.74022599867864
            ],
            [
              43.87586200002794,
              39.74936699918431
            ],
            [
              43.82967849949326,
              39.77879299895534
            ],
            [
              43.776803999515344,
              39.7716739984819
            ],
            [
              43.71936850079272,
              39.77523149881504
            ],
            [
              43.66939299979852,
              39.788794999348504
            ],
            [
              43.61911649997758,
              39.78645199874837
            ],
            [
              43.57505300067047,
              39.81285449917174
            ],
            [
              43.53549449964356,
              39.84430299933023
            ],
            [
              43.49169600041633,
              39.81943249928901
            ],
            [
              43.454921499436864,
              39.78189449914065
            ],
            [
              43.41636400076814,
              39.818711498899894
            ],
            [
              43.40960599959526,
              39.87241699848114
            ],
            [
              43.381130998752376,
              39.918463499544245
            ],
            [
              43.34697949897574,
              39.9552284984542
            ],
            [
              43.302194999254354,
              39.97766549822249
            ],
            [
              43.26029349953079,
              40.019206498712904
            ],
            [
              43.30889550076244,
              40.031141499431
            ],
            [
              43.35195799981195,
              40.05979349888013
            ],
            [
              43.34299349969496,
              40.11483649909613
            ],
            [
              43.394453786569564,
              40.12452532208385
            ],
            [
              43.44493232136101,
              40.11074713620688
            ],
            [
              43.49511236285694,
              40.10952091850232
            ],
            [
              43.54492478825091,
              40.11633825912328
            ],
            [
              43.6211655008519,
              40.126159998060885
            ],
            [
              43.66860186533829,
              40.11001470878391
            ],
            [
              43.714611225994524,
              40.08140336877559
            ],
            [
              43.766512485392745,
              40.0815492701028
            ],
            [
              43.81558840282302,
              40.06151265335379
            ],
            [
              43.86622584746784,
              40.03576482491401
            ],
            [
              43.91692259805486,
              40.023424172733954
            ],
            [
              43.969018274019746,
              40.01853472911785
            ],
            [
              44.0217588577136,
              40.02450595742481
            ],
            [
              44.07532434952419,
              40.0314439208295
            ],
            [
              44.12564176110617,
              40.03305474931737
            ],
            [
              44.177180779525834,
              40.02973395727016
            ],
            [
              44.22862945382179,
              40.042838014282545
            ],
            [
              44.28055904964333,
              40.047396671349844
            ],
            [
              44.329669478580605,
              40.03107208730405
            ],
            [
              44.3753221857776,
              40.00681421550274
            ],
            [
              44.42443061220356,
              39.99278587004732
            ],
            [
              44.4729298448264,
              39.96946379061638
            ],
            [
              44.50955166371498,
              39.93112777787024
            ],
            [
              44.552290342308275,
              39.90193621005412
            ],
            [
              44.589582671752844,
              39.86110445912888
            ],
            [
              44.612405713797855,
              39.815783514181106
            ],
            [
              44.65756289562367,
              39.791222960024804
            ],
            [
              44.70647242171205,
              39.77169958346122
            ],
            [
              44.700169104572474,
              39.7110508112335
            ],
            [
              44.647680336161,
              39.72859430171967
            ],
            [
              44.59033195013321,
              39.76657358096088
            ],
            [
              44.53741132395602,
              39.731110764820045
            ],
            [
              44.49193882086449,
              39.700726539902014
            ],
            [
              44.484916580918686,
              39.630368430157
            ]
          ]
        ]
      }
    },
    {
      "type": "Feature",
      "properties": {},
      "geometry": {
        "type": "Polygon",
        "coordinates": [
          [
            [
              28.989928355855405,
              40.46608693925001
            ],
            [
              28.934858829285265,
              40.46344106540105
            ],
            [
              28.88503323153328,
              40.479614327874366
            ],
            [
              28.83947652435928,
              40.50924073333221
            ],
            [
              28.814170687572414,
              40.56296234435074
            ],
            [
              28.867414224808414,
              40.575354924504715
            ],
            [
              28.927629594225827,
              40.59880476392032
            ],
            [
              28.966451987024758,
              40.63342245647373
            ],
            [
              29.018802041430767,
              40.645293730425706
            ],
            [
              29.083210616665216,
              40.64720154096598
            ],
            [
              29.133801607603406,
              40.65214457181345
            ],
            [
              29.193668360467953,
              40.659358587119996
            ],
            [
              29.270611088956446,
              40.66125659343
            ],
            [
              29.332057812336583,
              40.67543980635963
            ],
            [
              29.376379716771833,
              40.69970911563522
            ],
            [
              29.42731307916788,
              40.688587048054714
            ],
            [
              29.471855549130996,
              40.712627421927984
            ],
            [
              29.514327070607397,
              40.739499221055716
            ],
            [
              29.545125456037923,
              40.69852517719656
            ],
            [
              29.519117500944294,
              40.65269599923617
            ],
            [
              29.495686500354985,
              40.60505049820253
            ],
            [
              29.479132000777565,
              40.556093999013925
            ],
            [
              29.390375499540195,
              40.553279998848424
            ],
            [
              29.33835350096677,
              40.55829949849382
            ],
            [
              29.287852999673675,
              40.5410349997274
            ],
            [
              29.231724000434244,
              40.526203998295
            ],
            [
              29.174758499739383,
              40.536243499491654
            ],
            [
              29.126995500643982,
              40.55495299864333
            ],
            [
              29.076570999494514,
              40.560352998404596
            ],
            [
              29.02454900029539,
              40.56073349896644
            ],
            [
              29.001275999601035,
              40.51616499869067
            ],
            [
              28.989928355855405,
              40.46608693925001
            ]
          ]
        ]
      }
    },
    {
      "type": "Feature",
      "properties": {},
      "geometry": {
        "type": "Polygon",
        "coordinates": [
          [
            [
              41.61147600040402,
              38.50490349917187
            ],
            [
              41.6433339991534,
              38.463379499285196
            ],
            [
              41.64165749981962,
              38.411400499215596
            ],
            [
              41.636821000031674,
              38.35586299905905
            ],
            [
              41.64429400148241,
              38.30209899905348
            ],
            [
              41.64298650055866,
              38.24458999935159
            ],
            [
              41.64479500128338,
              38.18910099953167
            ],
            [
              41.64707900034084,
              38.135800999016865
            ],
            [
              41.619287000159254,
              38.09258999955771
            ],
            [
              41.57055600056815,
              38.076504999201326
            ],
            [
              41.52993393469973,
              38.041381334223175
            ],
            [
              41.478970451316165,
              38.04027820366335
            ],
            [
              41.43787699957437,
              38.01033249910973
            ],
            [
              41.39429362093248,
              37.98477205278268
            ],
            [
              41.40372000045078,
              37.92991849860745
            ],
            [
              41.44173199876407,
              37.89351249939088
            ],
            [
              41.5021225002964,
              37.88034249880512
            ],
            [
              41.557159501165906,
              37.88151999867141
            ],
            [
              41.608448499275376,
              37.880877499470806
            ],
            [
              41.65791749980624,
              37.86867099906679
            ],
            [
              41.69753549894289,
              37.83644149889187
            ],
            [
              41.69111099988591,
              37.78643699844929
            ],
            [
              41.67538650036104,
              37.73532249876454
            ],
            [
              41.72115151368332,
              37.71381725788773
            ],
            [
              41.70898949996739,
              37.66272349942306
            ],
            [
              41.69277249979081,
              37.61519499930913
            ],
            [
              41.643345999683575,
              37.60432599829646
            ],
            [
              41.603580499284426,
              37.57042599877107
            ],
            [
              41.56260749989271,
              37.535232498615926
            ],
            [
              41.5134395000899,
              37.5243639987076
            ],
            [
              41.46478949963724,
              37.50642199931303
            ],
            [
              41.41268899924125,
              37.505817999143595
            ],
            [
              41.35938049927827,
              37.50650799890426
            ],
            [
              41.30227699998132,
              37.51133849937184
            ],
            [
              41.250349000198405,
              37.51047599945202
            ],
            [
              41.19358999912137,
              37.501849999244
            ],
            [
              41.146751500322694,
              37.52884899856667
            ],
            [
              41.120615000811135,
              37.576895498394876
            ],
            [
              41.10681350086008,
              37.62658099864267
            ],
            [
              41.08326450076631,
              37.671349498865986
            ],
            [
              41.04438299976616,
              37.734424998987585
            ],
            [
              41.01599749958611,
              37.776334998459205
            ],
            [
              40.99664915214613,
              37.82528237873733
            ],
            [
              41.019465248454374,
              37.87381674527076
            ],
            [
              41.03008044546206,
              37.924048346361815
            ],
            [
              41.06916323346814,
              37.9554220700655
            ],
            [
              41.12256016790613,
              37.97268549215272
            ],
            [
              41.15531343064812,
              38.01241570525845
            ],
            [
              41.17554562316164,
              38.05920769126414
            ],
            [
              41.20557843453258,
              38.10240833774361
            ],
            [
              41.207836607822564,
              38.152459703423695
            ],
            [
              41.23160170195499,
              38.20106350784425
            ],
            [
              41.19802613372525,
              38.24553779994729
            ],
            [
              41.183647184452,
              38.29393274805126
            ],
            [
              41.20977002204047,
              38.34323991629195
            ],
            [
              41.23193153808387,
              38.391075689508256
            ],
            [
              41.268117391982294,
              38.42715331621645
            ],
            [
              41.31263325938851,
              38.45176736191623
            ],
            [
              41.338013499518105,
              38.4977229995628
            ],
            [
              41.387218999704686,
              38.48333199963912
            ],
            [
              41.43991550014479,
              38.50053599867442
            ],
            [
              41.508420499856996,
              38.555169499206364
            ],
            [
              41.549534999830804,
              38.523347998904846
            ],
            [
              41.61147600040402,
              38.50490349917187
            ]
          ]
        ]
      }
    },
    {
      "type": "Feature",
      "properties": {},
      "geometry": {
        "type": "Polygon",
        "coordinates": [
          [
            [
              41.64298650055866,
              38.24458999935159
            ],
            [
              41.64429400148241,
              38.30209899905348
            ],
            [
              41.636821000031674,
              38.35586299905905
            ],
            [
              41.64165749981962,
              38.411400499215596
            ],
            [
              41.6433339991534,
              38.463379499285196
            ],
            [
              41.61147600040402,
              38.50490349917187
            ],
            [
              41.549534999830804,
              38.523347998904846
            ],
            [
              41.55499449957716,
              38.58694249937731
            ],
            [
              41.605337888592835,
              38.60267287370152
            ],
            [
              41.66010646076578,
              38.62334442505096
            ],
            [
              41.7169186216657,
              38.62252533245965
            ],
            [
              41.76565968522919,
              38.607578871171896
            ],
            [
              41.81594121909259,
              38.60146460407323
            ],
            [
              41.8636016080831,
              38.58414997672212
            ],
            [
              41.90757080001889,
              38.55954356251309
            ],
            [
              41.942721307821834,
              38.599160453217266
            ],
            [
              41.9541193286436,
              38.64875485003541
            ],
            [
              42.00418834330848,
              38.65241210445779
            ],
            [
              42.0391819234166,
              38.6891571045548
            ],
            [
              42.087674413348445,
              38.710769640534366
            ],
            [
              42.08963457064139,
              38.760809403205826
            ],
            [
              42.11899736300475,
              38.801593614197515
            ],
            [
              42.14273238278181,
              38.848162163541915
            ],
            [
              42.18560312777993,
              38.87649888496892
            ],
            [
              42.23577944129605,
              38.89319063218005
            ],
            [
              42.28469075388372,
              38.9076004106346
            ],
            [
              42.32075649432855,
              38.94516450269249
            ],
            [
              42.371506219981285,
              38.927148909145416
            ],
            [
              42.418586930746564,
              38.948703175005825
            ],
            [
              42.47099725473423,
              38.94855416336482
            ],
            [
              42.51932802668136,
              38.922602313608635
            ],
            [
              42.57133564418907,
              38.9187993030398
            ],
            [
              42.621137603807774,
              38.92526129451029
            ],
            [
              42.7144524999269,
              38.954903498574865
            ],
            [
              42.79459699935298,
              38.97945199937853
            ],
            [
              42.84210149900095,
              38.95945849952886
            ],
            [
              42.90339949990566,
              38.95116649963536
            ],
            [
              42.94834649919327,
              38.973174999293114
            ],
            [
              42.958808000413654,
              39.0243214991835
            ],
            [
              43.01012689929888,
              39.02283169897271
            ],
            [
              43.049341500153105,
              38.982069999601585
            ],
            [
              43.06660449972584,
              38.930068998477786
            ],
            [
              43.12668699973581,
              38.91386699994114
            ],
            [
              43.192129498846526,
              38.919245999302234
            ],
            [
              43.24233250059786,
              38.89683399987717
            ],
            [
              43.23426399990027,
              38.8439419989894
            ],
            [
              43.16702800012545,
              38.78387799940247
            ],
            [
              43.12399750019312,
              38.75160499909239
            ],
            [
              43.06393349963471,
              38.713056499129486
            ],
            [
              43.00745550083267,
              38.684369497786626
            ],
            [
              42.91110299901682,
              38.647247498214725
            ],
            [
              42.8469860005348,
              38.62251249833219
            ],
            [
              42.78602600028854,
              38.593824999548126
            ],
            [
              42.75733849966211,
              38.515831998802234
            ],
            [
              42.759131500121946,
              38.46024999801236
            ],
            [
              42.7762884996101,
              38.41247399903945
            ],
            [
              42.75833850023631,
              38.36347149892494
            ],
            [
              42.71822100057857,
              38.3301744987945
            ],
            [
              42.678911000020136,
              38.299121498862625
            ],
            [
              42.70341249956952,
              38.2555034987344
            ],
            [
              42.73931199993554,
              38.21843699951578
            ],
            [
              42.7042199995937,
              38.18208899865218
            ],
            [
              42.672000500393914,
              38.14259949916793
            ],
            [
              42.68474449976282,
              38.092968498844854
            ],
            [
              42.70510649916195,
              38.01622999810796
            ],
            [
              42.65497549915336,
              38.00024849943429
            ],
            [
              42.610926999822354,
              37.97576299896233
            ],
            [
              42.55547850020781,
              37.96827249942615
            ],
            [
              42.505328500566954,
              37.979599498403566
            ],
            [
              42.48413549958238,
              38.02536499861638
            ],
            [
              42.434990500809896,
              38.04217299838128
            ],
            [
              42.391965498652496,
              38.072957499464934
            ],
            [
              42.35177200046306,
              38.10757849881815
            ],
            [
              42.30226150068216,
              38.119453498547514
            ],
            [
              42.27019800060786,
              38.1610169990376
            ],
            [
              42.23990399977566,
              38.20148699938491
            ],
            [
              42.20278349996522,
              38.2366529995245
            ],
            [
              42.14788299966861,
              38.2367444987415
            ],
            [
              42.102209000830356,
              38.20815249983904
            ],
            [
              42.044868111536864,
              38.19250041503213
            ],
            [
              41.99606249820415,
              38.169238499507124
            ],
            [
              41.9460950007978,
              38.174810499374665
            ],
            [
              41.895671001180965,
              38.18549849835757
            ],
            [
              41.8464340003116,
              38.19691699934736
            ],
            [
              41.80278249964341,
              38.227257499969454
            ],
            [
              41.74768699988415,
              38.23555699959624
            ],
            [
              41.69514450004229,
              38.24658899823826
            ],
            [
              41.64298650055866,
              38.24458999935159
            ]
          ]
        ]
      }
    },
    {
      "type": "Feature",
      "properties": {},
      "geometry": {
        "type": "Polygon",
        "coordinates": [
          [
            [
              34.484413999188185,
              41.33025549867997
            ],
            [
              34.435104999255046,
              41.30098049893834
            ],
            [
              34.38262449908867,
              41.2866564988552
            ],
            [
              34.33109950082829,
              41.27684349929322
            ],
            [
              34.30104849980134,
              41.23459399902305
            ],
            [
              34.26567450028377,
              41.196669999219424
            ],
            [
              34.221198499552465,
              41.16769049945115
            ],
            [
              34.224228998896756,
              41.11113649865766
            ],
            [
              34.26060100154726,
              41.068406999238455
            ],
            [
              34.31014449966005,
              41.05266049967
            ],
            [
              34.313495500834755,
              41.00041899953529
            ],
            [
              34.26608400147745,
              40.97084849936667
            ],
            [
              34.24941350094438,
              40.923091999105154
            ],
            [
              34.233149500785885,
              40.87400449916355
            ],
            [
              34.1927300000574,
              40.84437299911382
            ],
            [
              34.13571450095702,
              40.84384249917794
            ],
            [
              34.08707049995475,
              40.82691349948853
            ],
            [
              34.00366400049185,
              40.84060249940817
            ],
            [
              33.95514249853107,
              40.85446599848061
            ],
            [
              33.90421450013198,
              40.85042249938533
            ],
            [
              33.85396000083908,
              40.836558998561124
            ],
            [
              33.80206900099234,
              40.83318949876086
            ],
            [
              33.78234500041718,
              40.881470499104196
            ],
            [
              33.79555850092903,
              40.933096498063314
            ],
            [
              33.794908499734596,
              40.98392849920914
            ],
            [
              33.81030599931367,
              41.03611449831292
            ],
            [
              33.75521399976374,
              41.05163849885005
            ],
            [
              33.704165500320585,
              41.05647649867403
            ],
            [
              33.65261149994913,
              41.048461498596396
            ],
            [
              33.59650849936355,
              41.04160199839086
            ],
            [
              33.54033299969296,
              41.03625899848166
            ],
            [
              33.48740699902223,
              41.05546549884849
            ],
            [
              33.440835000376765,
              41.029399499510625
            ],
            [
              33.4181130012802,
              40.983944999036915
            ],
            [
              33.36834199849065,
              40.97618499897229
            ],
            [
              33.325431979117916,
              41.00415236401748
            ],
            [
              33.287561285276254,
              41.03769981419984
            ],
            [
              33.23723885246679,
              41.05307168808044
            ],
            [
              33.186151182491095,
              41.07209234856437
            ],
            [
              33.130120826010696,
              41.05899599525047
            ],
            [
              33.07905399992519,
              41.04347949874911
            ],
            [
              33.05891557081476,
              41.096951739908974
            ],
            [
              33.02689370403122,
              41.13645102378059
            ],
            [
              32.983990000893506,
              41.162467998432994
            ],
            [
              32.93780450140954,
              41.18315099938626
            ],
            [
              32.92704000141985,
              41.234848499734234
            ],
            [
              32.95331349989299,
              41.2796389986462
            ],
            [
              33.00229299970968,
              41.295360999897866
            ],
            [
              33.04721249987598,
              41.321143499162524
            ],
            [
              33.09700500031551,
              41.32645949840606
            ],
            [
              33.09766950079574,
              41.376487999583034
            ],
            [
              33.14764849948278,
              41.388467498691945
            ],
            [
              33.13395049877319,
              41.43841849891262
            ],
            [
              33.09665050051464,
              41.47509799972512
            ],
            [
              33.06608399997413,
              41.52081499912792
            ],
            [
              33.051997000556774,
              41.57326499930303
            ],
            [
              33.0009640000908,
              41.568480999704356
            ],
            [
              32.95010850009134,
              41.57866949925436
            ],
            [
              32.89836699986008,
              41.56227899943729
            ],
            [
              32.897037998599245,
              41.658762999094556
            ],
            [
              32.92538949902717,
              41.70031549943715
            ],
            [
              32.902758000701915,
              41.74549899949236
            ],
            [
              32.85339349890277,
              41.73562099925156
            ],
            [
              32.817708500684475,
              41.77387649999621
            ],
            [
              32.76913499975738,
              41.7999484993139
            ],
            [
              32.75760096911182,
              41.84881387681877
            ],
            [
              32.807863991406734,
              41.8575527277627
            ],
            [
              32.859055921588265,
              41.860841433837024
            ],
            [
              32.91321854042142,
              41.87372290863873
            ],
            [
              32.96328865330995,
              41.888278999582184
            ],
            [
              33.009219388787834,
              41.91287976197695
            ],
            [
              33.05850694407023,
              41.93355938226978
            ],
            [
              33.11030168815187,
              41.94582630570676
            ],
            [
              33.16747013341833,
              41.955470383143854
            ],
            [
              33.212713303637024,
              41.97817681482969
            ],
            [
              33.268213207049854,
              41.99264946997788
            ],
            [
              33.36565177830852,
              42.01638192967344
            ],
            [
              33.41946015552884,
              42.00830251422028
            ],
            [
              33.47146656009215,
              42.00607097506933
            ],
            [
              33.532009092763445,
              42.00029321527321
            ],
            [
              33.58345386081861,
              41.989137943428176
            ],
            [
              33.63585915250799,
              41.984103253008946
            ],
            [
              33.686000876875674,
              41.98016997015627
            ],
            [
              33.73728212232044,
              41.97766392615024
            ],
            [
              33.78716509148751,
              41.97325817250839
            ],
            [
              33.841399785327106,
              41.97369686976688
            ],
            [
              33.89596088288539,
              41.97158328455296
            ],
            [
              33.95419291505792,
              41.9753954516849
            ],
            [
              34.008544043830696,
              41.9802585798752
            ],
            [
              34.06584680269247,
              41.97890021158688
            ],
            [
              34.11602072290747,
              41.97411995947391
            ],
            [
              34.165338585054826,
              41.965843317742944
            ],
            [
              34.21590296194245,
              41.95489084377013
            ],
            [
              34.26982413120587,
              41.94664731129545
            ],
            [
              34.25708399913038,
              41.89788699882891
            ],
            [
              34.29513850015287,
              41.858571499239346
            ],
            [
              34.28442149985954,
              41.80962799881241
            ],
            [
              34.28702899978141,
              41.74196249928069
            ],
            [
              34.34174200029897,
              41.73340399881509
            ],
            [
              34.39390799976316,
              41.72586449871551
            ],
            [
              34.44403600140598,
              41.71954749857348
            ],
            [
              34.497934000112934,
              41.71536999848805
            ],
            [
              34.54686800082806,
              41.70196599918812
            ],
            [
              34.5963849999831,
              41.68993049891074
            ],
            [
              34.604637999124535,
              41.63920999890007
            ],
            [
              34.5702510000578,
              41.600754498249465
            ],
            [
              34.55632450096663,
              41.55209699849877
            ],
            [
              34.50496400014799,
              41.541780999422706
            ],
            [
              34.45261999971553,
              41.518703999583714
            ],
            [
              34.44727100116477,
              41.46781149895573
            ],
            [
              34.45208500053863,
              41.41714849961352
            ],
            [
              34.484413999188185,
              41.33025549867997
            ]
          ]
        ]
      }
    },
    {
      "type": "Feature",
      "properties": {},
      "geometry": {
        "type": "Polygon",
        "coordinates": [
          [
            [
              26.804765999410215,
              40.72640400020428
            ],
            [
              26.85513100037433,
              40.72841899984208
            ],
            [
              26.900601000032758,
              40.74963900026582
            ],
            [
              26.95066999964736,
              40.752916999745935
            ],
            [
              27.00200799961137,
              40.751219999835655
            ],
            [
              27.03379999964723,
              40.71250699956468
            ],
            [
              26.994909999471513,
              40.68047100031603
            ],
            [
              26.94950399939118,
              40.65923200033077
            ],
            [
              26.914579000437396,
              40.62337899967262
            ],
            [
              26.93019006377128,
              40.544557375188994
            ],
            [
              26.883007524267217,
              40.52774377715785
            ],
            [
              26.825521883933508,
              40.502610706305816
            ],
            [
              26.766830261775265,
              40.484882301830964
            ],
            [
              26.71964434307034,
              40.45979276675189
            ],
            [
              26.68637881626268,
              40.41893639169993
            ],
            [
              26.636344846572932,
              40.39653064624503
            ],
            [
              26.695744207605944,
              40.36786616629513
            ],
            [
              26.65774123828467,
              40.33123997477888
            ],
            [
              26.621829841740414,
              40.29391939860906
            ],
            [
              26.571143999513904,
              40.278138944512214
            ],
            [
              26.517246105787905,
              40.292072167877244
            ],
            [
              26.480060419654173,
              40.256358020744834
            ],
            [
              26.496908246821295,
              40.2089135128536
            ],
            [
              26.447174960697403,
              40.19395517482648
            ],
            [
              26.399411946613398,
              40.21647032859474
            ],
            [
              26.40426189479346,
              40.16612963534575
            ],
            [
              26.40663651369774,
              40.11424085340471
            ],
            [
              26.364872261200816,
              40.0866550737259
            ],
            [
              26.316815915656846,
              40.10194664823207
            ],
            [
              26.272197209820344,
              40.07742993559691
            ],
            [
              26.226442633799085,
              40.05266152529943
            ],
            [
              26.206787476689108,
              40.101193327115645
            ],
            [
              26.233240448540702,
              40.14996231799931
            ],
            [
              26.26963131495842,
              40.19306989340414
            ],
            [
              26.281640417471557,
              40.24561834610715
            ],
            [
              26.245086082394433,
              40.28145414303233
            ],
            [
              26.238157181601046,
              40.33102773078909
            ],
            [
              26.290938884266236,
              40.35004000819142
            ],
            [
              26.339222754554143,
              40.37335338874029
            ],
            [
              26.38368961891924,
              40.39773560042379
            ],
            [
              26.429437629838894,
              40.424313418412794
            ],
            [
              26.47949053463695,
              40.44410327495656
            ],
            [
              26.525314768650126,
              40.46435982911445
            ],
            [
              26.572456547824775,
              40.486173426546145
            ],
            [
              26.623776070021247,
              40.50586480049403
            ],
            [
              26.68599024310679,
              40.50773978681141
            ],
            [
              26.723106715761098,
              40.54125726556032
            ],
            [
              26.772988605565025,
              40.54807536103729
            ],
            [
              26.8206454252467,
              40.573054188994846
            ],
            [
              26.82700038900487,
              40.62887021571996
            ],
            [
              26.7828613696604,
              40.65704620230089
            ],
            [
              26.725542056232943,
              40.643394227433284
            ],
            [
              26.70890399957537,
              40.69091900013386
            ],
            [
              26.754501999624267,
              40.71193000016506
            ],
            [
              26.804765999410215,
              40.72640400020428
            ]
          ]
        ]
      }
    },
    {
      "type": "Feature",
      "properties": {},
      "geometry": {
        "type": "Polygon",
        "coordinates": [
          [
            [
              26.768729821482562,
              39.16802526942127
            ],
            [
              26.734369566361813,
              39.208009190681494
            ],
            [
              26.718670963744653,
              39.25803091876571
            ],
            [
              26.690222428490593,
              39.31612912609032
            ],
            [
              26.709622787312735,
              39.3767366806884
            ],
            [
              26.759774568509965,
              39.364911070093704
            ],
            [
              26.80527752696786,
              39.39193559936346
            ],
            [
              26.837485631763744,
              39.4314384876434
            ],
            [
              26.861750783204183,
              39.477961167908866
            ],
            [
              26.91897798708311,
              39.481558684648036
            ],
            [
              26.940292532536173,
              39.53147268974025
            ],
            [
              26.92461084841306,
              39.58277716339892
            ],
            [
              26.87300776708258,
              39.581386516975094
            ],
            [
              26.81956356312963,
              39.56797395235621
            ],
            [
              26.765850330837708,
              39.56741441328349
            ],
            [
              26.71126944159675,
              39.561814518839206
            ],
            [
              26.662560000332626,
              39.60502249851915
            ],
            [
              26.68141999902066,
              39.65232149962439
            ],
            [
              26.706803000301736,
              39.69998799887509
            ],
            [
              26.751704998917976,
              39.72227149912574
            ],
            [
              26.802303500043124,
              39.69797749981316
            ],
            [
              26.85239899972964,
              39.71196749885267
            ],
            [
              26.90048449997864,
              39.72863799896549
            ],
            [
              26.944967500356217,
              39.757706998331095
            ],
            [
              26.99975449906818,
              39.76725699902375
            ],
            [
              27.048761499897054,
              39.74447099928373
            ],
            [
              27.10178899972171,
              39.747821999571
            ],
            [
              27.157414000478646,
              39.745978999663805
            ],
            [
              27.203823499994783,
              39.725454499280254
            ],
            [
              27.248390500395324,
              39.69806099895762
            ],
            [
              27.299575500035896,
              39.69588299920581
            ],
            [
              27.34657149995379,
              39.71305649865472
            ],
            [
              27.39448900061845,
              39.74472250003826
            ],
            [
              27.44617649916031,
              39.759214998294816
            ],
            [
              27.47256499958265,
              39.80252499905944
            ],
            [
              27.48680599959519,
              39.852117998889575
            ],
            [
              27.508252001473426,
              39.898025499325634
            ],
            [
              27.523749501037283,
              39.94661349887263
            ],
            [
              27.467119499554233,
              39.981378498600286
            ],
            [
              27.450768500754453,
              40.03029249813497
            ],
            [
              27.429790499194205,
              40.08115449874747
            ],
            [
              27.39556349931121,
              40.12362499803883
            ],
            [
              27.415805500621605,
              40.17220500003821
            ],
            [
              27.45054750048149,
              40.21158449927453
            ],
            [
              27.497140501682765,
              40.24330899893539
            ],
            [
              27.506243611421006,
              40.30492910289643
            ],
            [
              27.559874755171414,
              40.30461556943541
            ],
            [
              27.611746510543174,
              40.32542488976537
            ],
            [
              27.66658498447721,
              40.30973199157843
            ],
            [
              27.72180148777902,
              40.31107607288789
            ],
            [
              27.778274282248073,
              40.31159946165231
            ],
            [
              27.820864109915796,
              40.343684538080275
            ],
            [
              27.84793117220205,
              40.39030076251355
            ],
            [
              27.795501666608835,
              40.38826496367247
            ],
            [
              27.757717813214775,
              40.42526865543792
            ],
            [
              27.71798080577692,
              40.45737997393267
            ],
            [
              27.66528171583773,
              40.447039118083076
            ],
            [
              27.68368506797152,
              40.49832624182993
            ],
            [
              27.73750897337343,
              40.51734002834494
            ],
            [
              27.79027756212331,
              40.50677731031031
            ],
            [
              27.84270481880695,
              40.51452152641592
            ],
            [
              27.89304871191118,
              40.50942299042917
            ],
            [
              27.944205403266928,
              40.49856340787414
            ],
            [
              27.996263952284608,
              40.48761913069561
            ],
            [
              27.99315419642739,
              40.436801815397104
            ],
            [
              27.945911982208784,
              40.4148922701927
            ],
            [
              27.89939057572001,
              40.393267491747544
            ],
            [
              27.938499731972783,
              40.35940508841642
            ],
            [
              27.991774313363315,
              40.36665368105166
            ],
            [
              28.048780979141437,
              40.3744551792329
            ],
            [
              28.105376617126986,
              40.38725113897945
            ],
            [
              28.172813581998295,
              40.40360925511478
            ],
            [
              28.225664539198856,
              40.39898540263306
            ],
            [
              28.19065900004777,
              40.34604299901454
            ],
            [
              28.176673000648076,
              40.29212599904612
            ],
            [
              28.127771500572795,
              40.26425099933701
            ],
            [
              28.12603549986396,
              40.20975549930363
            ],
            [
              28.143686499677276,
              40.157574498385536
            ],
            [
              28.162205500368774,
              40.105875999270815
            ],
            [
              28.202401999580776,
              40.0669574994065
            ],
            [
              28.192237999649866,
              40.0165729984666
            ],
            [
              28.23260349943143,
              39.98069249896898
            ],
            [
              28.267471499228563,
              39.94271399863272
            ],
            [
              28.29090949954882,
              39.89352349883202
            ],
            [
              28.33843649996686,
              39.872110998069466
            ],
            [
              28.395005999622356,
              39.85843849923338
            ],
            [
              28.44470300045421,
              39.85156649939785
            ],
            [
              28.463673999283106,
              39.80071199851359
            ],
            [
              28.504256499308447,
              39.7688099997943
            ],
            [
              28.561929000230847,
              39.748138999202325
            ],
            [
              28.612765499972017,
              39.73544349946448
            ],
            [
              28.662516999607323,
              39.75209949909633
            ],
            [
              28.70886649987322,
              39.778277999052705
            ],
            [
              28.72509445841966,
              39.72326525419033
            ],
            [
              28.7579680010285,
              39.683620498174655
            ],
            [
              28.790140778233003,
              39.640075516997584
            ],
            [
              28.837664341217558,
              39.61552985475441
            ],
            [
              28.89213396251771,
              39.621767529300946
            ],
            [
              28.942243052229575,
              39.62147479296086
            ],
            [
              28.97200589833262,
              39.562194988769825
            ],
            [
              28.930658302408013,
              39.52046201031371
            ],
            [
              28.94306714783448,
              39.468203565503735
            ],
            [
              28.95123235834579,
              39.4186728463239
            ],
            [
              28.90110299952421,
              39.40275249926471
            ],
            [
              28.863274499907682,
              39.35979899853762
            ],
            [
              28.826585001040144,
              39.32319099890168
            ],
            [
              28.782763499677042,
              39.28376249828365
            ],
            [
              28.73080700012629,
              39.269552998950324
            ],
            [
              28.678524999631087,
              39.282026998052416
            ],
            [
              28.621443500811797,
              39.25406899886358
            ],
            [
              28.654309498959524,
              39.21632199867374
            ],
            [
              28.61938400061651,
              39.18045349883072
            ],
            [
              28.57056350071487,
              39.16333349791413
            ],
            [
              28.51289599972757,
              39.13949649918349
            ],
            [
              28.46194549876609,
              39.11778949948492
            ],
            [
              28.41238749957069,
              39.09968649821413
            ],
            [
              28.36053600020025,
              39.09108549897867
            ],
            [
              28.312698499427484,
              39.06683899876081
            ],
            [
              28.257652000302816,
              39.0708524990635
            ],
            [
              28.206538000944864,
              39.07945349944555
            ],
            [
              28.151081998890387,
              39.07773349819263
            ],
            [
              28.123641000727506,
              39.11991899909577
            ],
            [
              28.090465999758262,
              39.16251449898447
            ],
            [
              28.042956000807365,
              39.183975499187824
            ],
            [
              27.99413500122795,
              39.196016998720324
            ],
            [
              27.968578000137626,
              39.243444999288826
            ],
            [
              27.972100499518806,
              39.29390399811118
            ],
            [
              27.940890999510337,
              39.33420599953346
            ],
            [
              27.88797499996442,
              39.34493649926346
            ],
            [
              27.840137000752293,
              39.318969999423814
            ],
            [
              27.787957998709796,
              39.32290149910996
            ],
            [
              27.747984000537638,
              39.35329149873844
            ],
            [
              27.69670600068413,
              39.34763949841133
            ],
            [
              27.647885000802496,
              39.33477899846786
            ],
            [
              27.596688998549737,
              39.3500969991722
            ],
            [
              27.553110999996072,
              39.37606400013197
            ],
            [
              27.477750000551485,
              39.40465149903523
            ],
            [
              27.427455000470932,
              39.40653599831794
            ],
            [
              27.388996499713368,
              39.37232299879843
            ],
            [
              27.340121499837053,
              39.387685499532246
            ],
            [
              27.288432000937448,
              39.374436498629194
            ],
            [
              27.235260500515,
              39.36092549909615
            ],
            [
              27.184878499162284,
              39.364673998975526
            ],
            [
              27.129527999770286,
              39.36179749895731
            ],
            [
              27.08149950033719,
              39.33956999912651
            ],
            [
              27.036434500446976,
              39.31551199870412
            ],
            [
              26.986923999399064,
              39.29494099834716
            ],
            [
              26.93872099968692,
              39.28160449896601
            ],
            [
              26.893449000179686,
              39.2600524986042
            ],
            [
              26.84815800080121,
              39.23669499915379
            ],
            [
              26.803084561352684,
              39.20649247101624
            ],
            [
              26.768729821482562,
              39.16802526942127
            ]
          ]
        ]
      }
    },
    {
      "type": "Feature",
      "properties": {},
      "geometry": {
        "type": "Polygon",
        "coordinates": [
          [
            [
              26.662560000332626,
              39.60502249851915
            ],
            [
              26.657572364810182,
              39.5549609529899
            ],
            [
              26.60810432970235,
              39.54534297984191
            ],
            [
              26.55488916441759,
              39.53385540940393
            ],
            [
              26.504846479911244,
              39.52673505718184
            ],
            [
              26.446750072916643,
              39.51835014589717
            ],
            [
              26.39859207704203,
              39.500517904831234
            ],
            [
              26.3475893396265,
              39.48820949727551
            ],
            [
              26.290538179693122,
              39.48571279411222
            ],
            [
              26.24337094751286,
              39.46612942515206
            ],
            [
              26.193274332784483,
              39.461920128421234
            ],
            [
              26.141238714510806,
              39.45420229294674
            ],
            [
              26.09018627965193,
              39.46604268592047
            ],
            [
              26.084549809177744,
              39.51981778955669
            ],
            [
              26.101572642368424,
              39.573715440740294
            ],
            [
              26.139729227892325,
              39.6095279466228
            ],
            [
              26.161605587713918,
              39.655894616722975
            ],
            [
              26.158433708082956,
              39.705835957818586
            ],
            [
              26.13973117683162,
              39.755314385533836
            ],
            [
              26.15739802434189,
              39.804977985965174
            ],
            [
              26.146612332461977,
              39.858008106313825
            ],
            [
              26.150273574903185,
              39.91157459933114
            ],
            [
              26.16838692468848,
              39.96064324864203
            ],
            [
              26.19830818931059,
              40.00797258446297
            ],
            [
              26.226442633799085,
              40.05266152529943
            ],
            [
              26.247725861966575,
              39.99851348090688
            ],
            [
              26.29729144421683,
              40.011805770414504
            ],
            [
              26.338506283778973,
              40.04080747632698
            ],
            [
              26.316815915656846,
              40.10194664823207
            ],
            [
              26.364872261200816,
              40.0866550737259
            ],
            [
              26.40663651369774,
              40.11424085340471
            ],
            [
              26.40426189479346,
              40.16612963534575
            ],
            [
              26.447174960697403,
              40.19395517482648
            ],
            [
              26.496908246821295,
              40.2089135128536
            ],
            [
              26.480060419654173,
              40.256358020744834
            ],
            [
              26.540851612497836,
              40.233943596342364
            ],
            [
              26.571143999513904,
              40.278138944512214
            ],
            [
              26.621829841740414,
              40.29391939860906
            ],
            [
              26.65774123828467,
              40.33123997477888
            ],
            [
              26.695744207605944,
              40.36786616629513
            ],
            [
              26.68637881626268,
              40.41893639169993
            ],
            [
              26.73783251566994,
              40.39532870206488
            ],
            [
              26.795056096521883,
              40.40219187872696
            ],
            [
              26.851494252844695,
              40.39906887128612
            ],
            [
              26.90274300351748,
              40.40412847157022
            ],
            [
              26.949181652209692,
              40.38475823011826
            ],
            [
              27.005967495060837,
              40.38921810422409
            ],
            [
              27.058146980922736,
              40.4110285231902
            ],
            [
              27.10010768349842,
              40.44254841970798
            ],
            [
              27.152041655651708,
              40.44903087796637
            ],
            [
              27.205817798354005,
              40.43453131581124
            ],
            [
              27.252777732356275,
              40.45776105685099
            ],
            [
              27.314258128066125,
              40.446231954259325
            ],
            [
              27.306430091888252,
              40.39407748116254
            ],
            [
              27.37226631207392,
              40.34910979111078
            ],
            [
              27.4457036937356,
              40.38696085623865
            ],
            [
              27.47402046898319,
              40.34462543254474
            ],
            [
              27.506243611421006,
              40.30492910289643
            ],
            [
              27.497140501682765,
              40.24330899893539
            ],
            [
              27.45054750048149,
              40.21158449927453
            ],
            [
              27.415805500621605,
              40.17220500003821
            ],
            [
              27.39556349931121,
              40.12362499803883
            ],
            [
              27.429790499194205,
              40.08115449874747
            ],
            [
              27.450768500754453,
              40.03029249813497
            ],
            [
              27.467119499554233,
              39.981378498600286
            ],
            [
              27.523749501037283,
              39.94661349887263
            ],
            [
              27.508252001473426,
              39.898025499325634
            ],
            [
              27.48680599959519,
              39.852117998889575
            ],
            [
              27.47256499958265,
              39.80252499905944
            ],
            [
              27.44617649916031,
              39.759214998294816
            ],
            [
              27.39448900061845,
              39.74472250003826
            ],
            [
              27.34657149995379,
              39.71305649865472
            ],
            [
              27.299575500035896,
              39.69588299920581
            ],
            [
              27.248390500395324,
              39.69806099895762
            ],
            [
              27.203823499994783,
              39.725454499280254
            ],
            [
              27.157414000478646,
              39.745978999663805
            ],
            [
              27.10178899972171,
              39.747821999571
            ],
            [
              27.048761499897054,
              39.74447099928373
            ],
            [
              26.99975449906818,
              39.76725699902375
            ],
            [
              26.944967500356217,
              39.757706998331095
            ],
            [
              26.90048449997864,
              39.72863799896549
            ],
            [
              26.85239899972964,
              39.71196749885267
            ],
            [
              26.802303500043124,
              39.69797749981316
            ],
            [
              26.751704998917976,
              39.72227149912574
            ],
            [
              26.706803000301736,
              39.69998799887509
            ],
            [
              26.68141999902066,
              39.65232149962439
            ],
            [
              26.662560000332626,
              39.60502249851915
            ]
          ]
        ]
      }
    },
    {
      "type": "Feature",
      "properties": {},
      "geometry": {
        "type": "Polygon",
        "coordinates": [
          [
            [
              38.29527599952847,
              39.5146654990041
            ],
            [
              38.326208999671216,
              39.46974149894399
            ],
            [
              38.38065099945413,
              39.454227498749894
            ],
            [
              38.40949000010525,
              39.41196799896257
            ],
            [
              38.37622949986746,
              39.3733784984243
            ],
            [
              38.335536999665045,
              39.33915649860721
            ],
            [
              38.35086049950219,
              39.29118649857974
            ],
            [
              38.3560955000891,
              39.240075998739144
            ],
            [
              38.3282080013001,
              39.19772149845284
            ],
            [
              38.31433800025215,
              39.147510498247264
            ],
            [
              38.23126599945957,
              39.12708699920425
            ],
            [
              38.190339500887305,
              39.09805749770157
            ],
            [
              38.14284550004724,
              39.081781999131806
            ],
            [
              38.09392349902661,
              39.10186499894883
            ],
            [
              38.0499509999638,
              39.07778449832768
            ],
            [
              37.999696999556114,
              39.08102049894854
            ],
            [
              37.950109000779655,
              39.067219998549675
            ],
            [
              37.89766549973606,
              39.06817149946614
            ],
            [
              37.84817299997093,
              39.08178199922163
            ],
            [
              37.79706199987553,
              39.084827999130134
            ],
            [
              37.747950000450096,
              39.06236549890837
            ],
            [
              37.74138250015471,
              39.00973199905297
            ],
            [
              37.70911700047726,
              38.97089949958013
            ],
            [
              37.668381000973774,
              39.00126099912534
            ],
            [
              37.61203499966061,
              39.014871499349546
            ],
            [
              37.56025799901365,
              39.007637999008374
            ],
            [
              37.507528999681256,
              39.013824499925995
            ],
            [
              37.50829049947271,
              38.963284998702434
            ],
            [
              37.54264999942831,
              38.92511849896427
            ],
            [
              37.51285900097305,
              38.88333499824852
            ],
            [
              37.533037000175604,
              38.8372684984659
            ],
            [
              37.562066500328136,
              38.7943434982356
            ],
            [
              37.534654999726015,
              38.75056099889364
            ],
            [
              37.48421050047383,
              38.7424709993085
            ],
            [
              37.43881050044696,
              38.71315599895654
            ],
            [
              37.42139300061692,
              38.66318749852022
            ],
            [
              37.393220000377276,
              38.62130899889465
            ],
            [
              37.351722000344296,
              38.59123249794723
            ],
            [
              37.31541437608428,
              38.55663849893613
            ],
            [
              37.277625500165186,
              38.5187564995337
            ],
            [
              37.25650200115395,
              38.57434074948108
            ],
            [
              37.20434399972502,
              38.5740557497752
            ],
            [
              37.150014533192156,
              38.57190701453933
            ],
            [
              37.09830949985906,
              38.581193498846986
            ],
            [
              37.04786450036939,
              38.58690449880936
            ],
            [
              36.995522501477325,
              38.57462674903958
            ],
            [
              36.93241900013558,
              38.57215174872323
            ],
            [
              36.880832500224045,
              38.562158749912
            ],
            [
              36.82990599934796,
              38.557018499106555
            ],
            [
              36.777148999863925,
              38.55226299946471
            ],
            [
              36.779242999464856,
              38.60936999851125
            ],
            [
              36.757732999159224,
              38.65543649872923
            ],
            [
              36.73355750061694,
              38.700836498858614
            ],
            [
              36.74965557172707,
              38.749458791855155
            ],
            [
              36.81345377121723,
              38.76229349619909
            ],
            [
              36.81607700015148,
              38.81562199910727
            ],
            [
              36.85757500096292,
              38.84645949834875
            ],
            [
              36.86756849926327,
              38.89814149965919
            ],
            [
              36.91220750017712,
              38.92916999937678
            ],
            [
              36.956751000194416,
              38.95410649965119
            ],
            [
              36.963698999182675,
              39.00531249993991
            ],
            [
              36.93381300129749,
              39.04804749934111
            ],
            [
              36.8861284984092,
              39.063275999916605
            ],
            [
              36.83235250012758,
              39.054709998840906
            ],
            [
              36.78704749912064,
              39.08335899942014
            ],
            [
              36.75185349991862,
              39.122817498823395
            ],
            [
              36.7060510001711,
              39.1555039987797
            ],
            [
              36.65360750092195,
              39.15036449941791
            ],
            [
              36.594311499634536,
              39.12162049806149
            ],
            [
              36.54795950032102,
              39.10220399904977
            ],
            [
              36.49437399893004,
              39.09906349891824
            ],
            [
              36.444785999263026,
              39.1064869990833
            ],
            [
              36.39396099941554,
              39.109247498856426
            ],
            [
              36.345623500216995,
              39.09314949881508
            ],
            [
              36.293928499006604,
              39.098872999794416
            ],
            [
              36.24177050125989,
              39.09801649890908
            ],
            [
              36.18980300005597,
              39.092019999545506
            ],
            [
              36.13688399914552,
              39.08231199819586
            ],
            [
              36.08463099991936,
              39.080598499317695
            ],
            [
              36.04732099997854,
              39.11695699880659
            ],
            [
              36.017815500232345,
              39.16102449911102
            ],
            [
              35.96927450000805,
              39.18605649808394
            ],
            [
              35.915118000217284,
              39.23126599954565
            ],
            [
              35.88351900091206,
              39.273429999297306
            ],
            [
              35.84502500077688,
              39.30943349934891
            ],
            [
              35.88646950001272,
              39.34072149864809
            ],
            [
              35.89855699915489,
              39.39097549928871
            ],
            [
              35.90217399863822,
              39.4436089987457
            ],
            [
              35.95071499988099,
              39.45940899967486
            ],
            [
              35.99906549948662,
              39.44303799868875
            ],
            [
              36.049795501015716,
              39.45236549961177
            ],
            [
              36.083488500907436,
              39.493672998870586
            ],
            [
              36.12117950043766,
              39.53478999885384
            ],
            [
              36.13859700075471,
              39.5846634986609
            ],
            [
              36.158679499290514,
              39.63310949877617
            ],
            [
              36.1529689999,
              39.68640949943242
            ],
            [
              36.12432050066783,
              39.728858998110184
            ],
            [
              36.0745420004654,
              39.75722199917908
            ],
            [
              36.041610000014614,
              39.79548399896694
            ],
            [
              36.08405999999693,
              39.82498949796926
            ],
            [
              36.10184649978159,
              39.88855199853398
            ],
            [
              36.149341000314344,
              39.9064454991157
            ],
            [
              36.20701899978304,
              39.91101399895877
            ],
            [
              36.23995049969036,
              39.9490854985168
            ],
            [
              36.29401200030791,
              39.95298799848713
            ],
            [
              36.34559850033738,
              39.95308299896455
            ],
            [
              36.39309250040934,
              39.97097649878259
            ],
            [
              36.44410849939493,
              39.95612899846828
            ],
            [
              36.49017449889253,
              39.98077999937423
            ],
            [
              36.54423600163442,
              39.97078649939627
            ],
            [
              36.595537499644635,
              39.97040549954004
            ],
            [
              36.63056300031118,
              40.00828649932418
            ],
            [
              36.632371499800584,
              40.06187199869438
            ],
            [
              36.663208998616355,
              40.10137099921975
            ],
            [
              36.70937050129515,
              40.12307199913243
            ],
            [
              36.74886949926523,
              40.15800249931212
            ],
            [
              36.78456150021454,
              40.19378949907878
            ],
            [
              36.832341000079616,
              40.2172984989812
            ],
            [
              36.882975999996766,
              40.222532998692024
            ],
            [
              36.934087000363895,
              40.2094939998994
            ],
            [
              36.982152000773496,
              40.1876979990363
            ],
            [
              37.03364350076199,
              40.17989349879379
            ],
            [
              37.08275550039785,
              40.19388449839643
            ],
            [
              37.11578250109009,
              40.23700049930427
            ],
            [
              37.16613200012925,
              40.23100399820501
            ],
            [
              37.21610049981745,
              40.22386549899115
            ],
            [
              37.26606950117189,
              40.20987449951438
            ],
            [
              37.321462999965945,
              40.20264099913073
            ],
            [
              37.36391300124567,
              40.170660999465376
            ],
            [
              37.4162610005884,
              40.17494399909593
            ],
            [
              37.466420000465654,
              40.18446199954825
            ],
            [
              37.44281549930973,
              40.229576499094485
            ],
            [
              37.493355500227516,
              40.2488974983038
            ],
            [
              37.5378989999077,
              40.27526199885594
            ],
            [
              37.5763510016504,
              40.31561799951449
            ],
            [
              37.61461299919375,
              40.3850029995406
            ],
            [
              37.66391549916394,
              40.36977449937859
            ],
            [
              37.702557500147336,
              40.335319499306685
            ],
            [
              37.75462049982294,
              40.34017399957739
            ],
            [
              37.814773000098654,
              40.33950749979365
            ],
            [
              37.86959600177825,
              40.34169649906506
            ],
            [
              37.91651899993959,
              40.36063699948244
            ],
            [
              37.95487549863916,
              40.39737599899236
            ],
            [
              37.93631599977678,
              40.44553649890033
            ],
            [
              37.96353699980482,
              40.48827149912716
            ],
            [
              38.01483799869632,
              40.497979499206764
            ],
            [
              38.066044001449164,
              40.497313499298876
            ],
            [
              38.129893498605796,
              40.486325998755504
            ],
            [
              38.13580999993453,
              40.42659599992377
            ],
            [
              38.153036998667666,
              40.37862599956776
            ],
            [
              38.16150799967643,
              40.32856199962078
            ],
            [
              38.184922000889706,
              40.2803064984046
            ],
            [
              38.17102599970302,
              40.23052799866185
            ],
            [
              38.215188999098785,
              40.20701899949141
            ],
            [
              38.26506250125788,
              40.19788199862583
            ],
            [
              38.31341300007404,
              40.18170149864875
            ],
            [
              38.35909850089245,
              40.1570504993562
            ],
            [
              38.406116499764536,
              40.13953749817365
            ],
            [
              38.45637100003404,
              40.15457599867332
            ],
            [
              38.506244500071006,
              40.160191499836984
            ],
            [
              38.53413149890609,
              40.116313998900125
            ],
            [
              38.585908999523646,
              40.11098399901281
            ],
            [
              38.638827999274504,
              40.10812899910197
            ],
            [
              38.688796499599995,
              40.09128199914891
            ],
            [
              38.73838450048143,
              40.08214499890088
            ],
            [
              38.71695093454813,
              40.02368412973575
            ],
            [
              38.66758850079505,
              40.0035249985148
            ],
            [
              38.61638249942942,
              39.98820099917453
            ],
            [
              38.56679450005456,
              39.975257001645815
            ],
            [
              38.516375500638226,
              39.974662998215166
            ],
            [
              38.46174300002899,
              39.980468995476755
            ],
            [
              38.420150000238365,
              39.95086849916341
            ],
            [
              38.38931249964526,
              39.89661649926242
            ],
            [
              38.436521000591085,
              39.87015699946911
            ],
            [
              38.44627050088588,
              39.82000349891405
            ],
            [
              38.40886738091119,
              39.786728854746464
            ],
            [
              38.361634842006694,
              39.767855427752544
            ],
            [
              38.35438209991639,
              39.71385102195186
            ],
            [
              38.32400154817806,
              39.67391902313951
            ],
            [
              38.32980508111107,
              39.62343219774905
            ],
            [
              38.334720212326985,
              39.570691873488464
            ],
            [
              38.29527599952847,
              39.5146654990041
            ]
          ]
        ]
      }
    },
    {
      "type": "Feature",
      "properties": {},
      "geometry": {
        "type": "Polygon",
        "coordinates": [
          [
            [
              38.76604265204978,
              40.0390697264377
            ],
            [
              38.73838450048143,
              40.08214499890088
            ],
            [
              38.688796499599995,
              40.09128199914891
            ],
            [
              38.638827999274504,
              40.10812899910197
            ],
            [
              38.585908999523646,
              40.11098399901281
            ],
            [
              38.53413149890609,
              40.116313998900125
            ],
            [
              38.506244500071006,
              40.160191499836984
            ],
            [
              38.45637100003404,
              40.15457599867332
            ],
            [
              38.406116499764536,
              40.13953749817365
            ],
            [
              38.35909850089245,
              40.1570504993562
            ],
            [
              38.31341300007404,
              40.18170149864875
            ],
            [
              38.26506250125788,
              40.19788199862583
            ],
            [
              38.215188999098785,
              40.20701899949141
            ],
            [
              38.17102599970302,
              40.23052799866185
            ],
            [
              38.184922000889706,
              40.2803064984046
            ],
            [
              38.16150799967643,
              40.32856199962078
            ],
            [
              38.153036998667666,
              40.37862599956776
            ],
            [
              38.13580999993453,
              40.42659599992377
            ],
            [
              38.129893498605796,
              40.486325998755504
            ],
            [
              38.10484587619617,
              40.529934912737346
            ],
            [
              38.08662604498809,
              40.576606034785925
            ],
            [
              38.04078609230416,
              40.59713635946437
            ],
            [
              38.00262308450406,
              40.63070338358254
            ],
            [
              37.9844584996217,
              40.678108999170185
            ],
            [
              37.94802512443673,
              40.71311109872825
            ],
            [
              37.97284649938183,
              40.75691649929808
            ],
            [
              38.01700949945116,
              40.781472499372924
            ],
            [
              38.01463000082772,
              40.83315449850128
            ],
            [
              38.021415000614994,
              40.884292499100575
            ],
            [
              38.072498499866256,
              40.89873249872866
            ],
            [
              38.06510805219722,
              40.967189480605434
            ],
            [
              38.11572471276134,
              40.95715083470639
            ],
            [
              38.17112134680989,
              40.94599040243825
            ],
            [
              38.22263544607913,
              40.93926867294698
            ],
            [
              38.27704834825643,
              40.94501459462673
            ],
            [
              38.32500229079957,
              40.91939181837801
            ],
            [
              38.37623048290781,
              40.913912929398464
            ],
            [
              38.43685992478364,
              40.91409358645464
            ],
            [
              38.49370466230882,
              40.91547226877437
            ],
            [
              38.550115409459515,
              40.92420398943502
            ],
            [
              38.59861383947845,
              40.95276054419767
            ],
            [
              38.64871900886986,
              40.97012323264643
            ],
            [
              38.69414915882033,
              40.94697565005858
            ],
            [
              38.760260133742314,
              40.97623525152183
            ],
            [
              38.80395932149178,
              41.0011477288608
            ],
            [
              38.85361778338733,
              41.01138219486032
            ],
            [
              38.90277694642564,
              41.02891390602868
            ],
            [
              38.95765992235891,
              41.03647846824545
            ],
            [
              39.01004190626323,
              41.03204787318134
            ],
            [
              39.064111171927,
              41.040671307579004
            ],
            [
              39.115702902054075,
              41.0512373201996
            ],
            [
              39.15509999988685,
              41.01894449895991
            ],
            [
              39.14453499933901,
              40.96878549900808
            ],
            [
              39.134255501737734,
              40.91634199951397
            ],
            [
              39.14681899990478,
              40.867800998595655
            ],
            [
              39.115931000259756,
              40.801521998651914
            ],
            [
              39.065866999730716,
              40.80228299893198
            ],
            [
              39.02284650007329,
              40.77001749892586
            ],
            [
              38.974216372719404,
              40.754974140914335
            ],
            [
              38.922432999309436,
              40.760594998477515
            ],
            [
              38.89854350039625,
              40.71481399902127
            ],
            [
              38.8606625004954,
              40.6796934991952
            ],
            [
              38.84257849996676,
              40.63305599808951
            ],
            [
              38.80326949879937,
              40.59726899966034
            ],
            [
              38.789944499856546,
              40.54691949854425
            ],
            [
              38.82582699846279,
              40.506468498222624
            ],
            [
              38.88081149988332,
              40.49959549870901
            ],
            [
              38.92919049973796,
              40.483911499417246
            ],
            [
              38.97687500002355,
              40.46735049941146
            ],
            [
              39.01675500017414,
              40.43517999912895
            ],
            [
              39.04930599963941,
              40.39406299910274
            ],
            [
              39.03750399953854,
              40.34495099891463
            ],
            [
              38.99200849921241,
              40.313065999197875
            ],
            [
              38.95222400030964,
              40.27784999862547
            ],
            [
              38.91367650036455,
              40.24139649923031
            ],
            [
              38.888169001692276,
              40.19789999860652
            ],
            [
              38.88740749936249,
              40.14602799872845
            ],
            [
              38.93651949957225,
              40.128609998906036
            ],
            [
              38.95983800000056,
              40.08425699906424
            ],
            [
              38.91095999842464,
              40.047497498591525
            ],
            [
              38.860705500180835,
              40.060250999573164
            ],
            [
              38.80902349971263,
              40.06691349852204
            ],
            [
              38.76604265204978,
              40.0390697264377
            ]
          ]
        ]
      }
    },
    {
      "type": "Feature",
      "properties": {},
      "geometry": {
        "type": "Polygon",
        "coordinates": [
          [
            [
              38.08104550000903,
              37.44826999910833
            ],
            [
              38.03449000018778,
              37.47172650006329
            ],
            [
              37.98033350093536,
              37.48276699940032
            ],
            [
              37.93026949989701,
              37.491332998612876
            ],
            [
              37.881728500223915,
              37.47201199875428
            ],
            [
              37.82738150069536,
              37.48029249894084
            ],
            [
              37.7806490007613,
              37.49894749876671
            ],
            [
              37.74057899992468,
              37.531403498913384
            ],
            [
              37.68680300025614,
              37.53340199903
            ],
            [
              37.63797649883528,
              37.51607949794048
            ],
            [
              37.605901500050656,
              37.473153999229666
            ],
            [
              37.57264650102006,
              37.51471356908128
            ],
            [
              37.589683500371024,
              37.564583500283284
            ],
            [
              37.538762999508535,
              37.58818750077248
            ],
            [
              37.49241100079289,
              37.567629000271126
            ],
            [
              37.451008500224965,
              37.59703899997055
            ],
            [
              37.44094195411415,
              37.64698586075107
            ],
            [
              37.46320291969896,
              37.697740478669836
            ],
            [
              37.47908650058567,
              37.74761149870921
            ],
            [
              37.51116150052657,
              37.78806249929358
            ],
            [
              37.55361099861953,
              37.825086499222664
            ],
            [
              37.59444250155729,
              37.856304998773766
            ],
            [
              37.627755001516086,
              37.895518999245105
            ],
            [
              37.68660700043472,
              37.91532549885302
            ],
            [
              37.738003500807125,
              37.916276999034636
            ],
            [
              37.7919694994909,
              37.896860498761406
            ],
            [
              37.84803000000212,
              37.892862999738036
            ],
            [
              37.90075850002516,
              37.89714599847051
            ],
            [
              37.95186950081408,
              37.90637849869333
            ],
            [
              38.004027499165915,
              37.903713498732635
            ],
            [
              38.05114050044401,
              37.923605998642984
            ],
            [
              38.09996700072726,
              37.94168949862881
            ],
            [
              38.145557499071934,
              37.966340999473026
            ],
            [
              38.13375550021734,
              38.01697599936053
            ],
            [
              38.0898780005053,
              38.044767998713766
            ],
            [
              38.08312050010364,
              38.09435599880313
            ],
            [
              38.132898999127235,
              38.10891799924555
            ],
            [
              38.18343850027991,
              38.122052999275994
            ],
            [
              38.23416849941026,
              38.14004149865255
            ],
            [
              38.284327999606845,
              38.13937550001361
            ],
            [
              38.33486750036462,
              38.11634199885739
            ],
            [
              38.385407498749316,
              38.106824499490926
            ],
            [
              38.43118799918467,
              38.134045499202806
            ],
            [
              38.46526199929912,
              38.173924999581686
            ],
            [
              38.512755999464545,
              38.156507498549225
            ],
            [
              38.56016399962354,
              38.14059849849337
            ],
            [
              38.59936849883283,
              38.109489499107625
            ],
            [
              38.631063000344845,
              38.070561499340656
            ],
            [
              38.683982000928665,
              38.04905099887521
            ],
            [
              38.73404599947873,
              38.04590999874034
            ],
            [
              38.76992799927783,
              38.00717249930069
            ],
            [
              38.82103899958752,
              38.008124499127454
            ],
            [
              38.866153500599125,
              38.038010499287466
            ],
            [
              38.91440899921087,
              38.05123999825488
            ],
            [
              38.964663500730566,
              38.069990499547636
            ],
            [
              39.015583498780025,
              38.07560599826747
            ],
            [
              39.05289350031509,
              38.10977499883449
            ],
            [
              39.08296999984943,
              38.153651999343346
            ],
            [
              39.127894500733944,
              38.17849349941782
            ],
            [
              39.17596650009649,
              38.192547499021344
            ],
            [
              39.224597500509375,
              38.20558999916849
            ],
            [
              39.257611998542785,
              38.16747449882452
            ],
            [
              39.23759150113143,
              38.12024699990468
            ],
            [
              39.220651501732455,
              38.07019599885593
            ],
            [
              39.18232100116881,
              38.00257349993666
            ],
            [
              39.132252000390444,
              38.020118999575864
            ],
            [
              39.08307599972422,
              38.00012499919024
            ],
            [
              39.051762499640006,
              37.95777449827617
            ],
            [
              39.02275850028403,
              37.91670749872499
            ],
            [
              38.974504500221606,
              37.900023999951514
            ],
            [
              38.97553150122812,
              37.848176498727454
            ],
            [
              38.92806800108939,
              37.827090999305256
            ],
            [
              38.95268750018676,
              37.781955499182956
            ],
            [
              38.9136734990671,
              37.749871499493615
            ],
            [
              38.882873500500544,
              37.70649449989196
            ],
            [
              38.83179600023491,
              37.698537499549445
            ],
            [
              38.797659000103124,
              37.6425834988161
            ],
            [
              38.74247449930767,
              37.6279534991746
            ],
            [
              38.6896005007511,
              37.62692649906126
            ],
            [
              38.6423730002161,
              37.605879498958885
            ],
            [
              38.604385999200275,
              37.566608998865945
            ],
            [
              38.5625490005241,
              37.531958498840964
            ],
            [
              38.51793000050872,
              37.50295699936267
            ],
            [
              38.47091749918176,
              37.483960999818436
            ],
            [
              38.417786499094845,
              37.484730998648836
            ],
            [
              38.34391600018791,
              37.48334349899644
            ],
            [
              38.292990999769316,
              37.47537899857037
            ],
            [
              38.25086899992109,
              37.44700849953207
            ],
            [
              38.19932599923465,
              37.451123498315866
            ],
            [
              38.15655449991056,
              37.41950499868049
            ],
            [
              38.08104550000903,
              37.44826999910833
            ]
          ]
        ]
      }
    },
    {
      "type": "Feature",
      "properties": {},
      "geometry": {
        "type": "Polygon",
        "coordinates": [
          [
            [
              38.03449000018778,
              37.47172650006329
            ],
            [
              38.08104550000903,
              37.44826999910833
            ],
            [
              38.15655449991056,
              37.41950499868049
            ],
            [
              38.19932599923465,
              37.451123498315866
            ],
            [
              38.25086899992109,
              37.44700849953207
            ],
            [
              38.292990999769316,
              37.47537899857037
            ],
            [
              38.34391600018791,
              37.48334349899644
            ],
            [
              38.417786499094845,
              37.484730998648836
            ],
            [
              38.47091749918176,
              37.483960999818436
            ],
            [
              38.51793000050872,
              37.50295699936267
            ],
            [
              38.5625490005241,
              37.531958498840964
            ],
            [
              38.604385999200275,
              37.566608998865945
            ],
            [
              38.6423730002161,
              37.605879498958885
            ],
            [
              38.6896005007511,
              37.62692649906126
            ],
            [
              38.74247449930767,
              37.6279534991746
            ],
            [
              38.797659000103124,
              37.6425834988161
            ],
            [
              38.83179600023491,
              37.698537499549445
            ],
            [
              38.85438300087112,
              37.652850498171524
            ],
            [
              38.882873500500544,
              37.70649449989196
            ],
            [
              38.9136734990671,
              37.749871499493615
            ],
            [
              38.95268750018676,
              37.781955499182956
            ],
            [
              38.92806800108939,
              37.827090999305256
            ],
            [
              38.97553150122812,
              37.848176498727454
            ],
            [
              38.974504500221606,
              37.900023999951514
            ],
            [
              39.02275850028403,
              37.91670749872499
            ],
            [
              39.051762499640006,
              37.95777449827617
            ],
            [
              39.08307599972422,
              38.00012499919024
            ],
            [
              39.132252000390444,
              38.020118999575864
            ],
            [
              39.18232100116881,
              38.00257349993666
            ],
            [
              39.22305199967135,
              37.969216998466926
            ],
            [
              39.27595899911774,
              37.94580799899397
            ],
            [
              39.32509300034933,
              37.9641579992499
            ],
            [
              39.38365949922591,
              37.95978499903768
            ],
            [
              39.43279399940106,
              37.93397449902118
            ],
            [
              39.48612999943577,
              37.911507999767515
            ],
            [
              39.52891849969106,
              37.87815199934452
            ],
            [
              39.577281000898886,
              37.85722899921889
            ],
            [
              39.62247049993927,
              37.8274739991233
            ],
            [
              39.66808899904632,
              37.80680849884125
            ],
            [
              39.710363498942066,
              37.83724949943524
            ],
            [
              39.759213999990514,
              37.8619929988843
            ],
            [
              39.81139149951901,
              37.845376998815745
            ],
            [
              39.81189000005632,
              37.794632498757046
            ],
            [
              39.82241600009178,
              37.73546549924428
            ],
            [
              39.82833250031084,
              37.6851094989663
            ],
            [
              39.83675749904732,
              37.63205199832491
            ],
            [
              39.85926649972577,
              37.58176049893688
            ],
            [
              39.87377650080352,
              37.53216449910182
            ],
            [
              39.883489499294974,
              37.48132799854113
            ],
            [
              39.922546500539134,
              37.435450998565486
            ],
            [
              39.95163258485708,
              37.38413982684245
            ],
            [
              39.97807881521699,
              37.32761670354177
            ],
            [
              40.00361167817277,
              37.275714830857574
            ],
            [
              40.014912577179786,
              37.21889006121515
            ],
            [
              40.05292231105201,
              37.179752367473625
            ],
            [
              40.1019516938235,
              37.16601122420893
            ],
            [
              40.119908403331294,
              37.11860802686311
            ],
            [
              40.15133829880893,
              37.07753113486297
            ],
            [
              40.15750763019934,
              37.02386452713942
            ],
            [
              40.18000264158725,
              36.97686247847031
            ],
            [
              40.228772379674076,
              36.96097003353736
            ],
            [
              40.23067635923783,
              36.909023395885654
            ],
            [
              40.183657093481635,
              36.87809727470876
            ],
            [
              40.131803151020584,
              36.86876452597739
            ],
            [
              40.08252541274114,
              36.85947757365661
            ],
            [
              40.03665827827688,
              36.830271359226636
            ],
            [
              39.982906383061255,
              36.81655278191743
            ],
            [
              39.935889119181724,
              36.799184878751305
            ],
            [
              39.88380390502559,
              36.785275758624024
            ],
            [
              39.83680717608304,
              36.76325299504159
            ],
            [
              39.77603722535725,
              36.753855403227874
            ],
            [
              39.72483856840139,
              36.750937640502315
            ],
            [
              39.6607031029947,
              36.73111897333905
            ],
            [
              39.60704571330624,
              36.723424571229096
            ],
            [
              39.54523552278907,
              36.71366389141626
            ],
            [
              39.49174415942838,
              36.70037262189249
            ],
            [
              39.4375313328575,
              36.69683900516133
            ],
            [
              39.384132440676616,
              36.6932864446661
            ],
            [
              39.32996870370782,
              36.68643851920575
            ],
            [
              39.2642023596571,
              36.674967423084276
            ],
            [
              39.21014756860324,
              36.66917697326025
            ],
            [
              39.15672660504376,
              36.68144472975224
            ],
            [
              39.101588069643086,
              36.694538574089435
            ],
            [
              39.04214592955299,
              36.708138214060355
            ],
            [
              38.98443940261422,
              36.70764775355883
            ],
            [
              38.93259018865855,
              36.70472234251776
            ],
            [
              38.87956691802606,
              36.70120470386735
            ],
            [
              38.82330176329498,
              36.70355559020442
            ],
            [
              38.77310441395443,
              36.70569567813026
            ],
            [
              38.723766643436356,
              36.71558637347333
            ],
            [
              38.67821238352546,
              36.744641722073276
            ],
            [
              38.63765713342209,
              36.777869646705106
            ],
            [
              38.59382322897087,
              36.80718165549772
            ],
            [
              38.55656423085723,
              36.84342543827474
            ],
            [
              38.506381644947076,
              36.86176735154223
            ],
            [
              38.45903461273085,
              36.87844100676396
            ],
            [
              38.41021722979535,
              36.89560735116074
            ],
            [
              38.351133394861854,
              36.89976750676513
            ],
            [
              38.295215345927616,
              36.90747818219084
            ],
            [
              38.24111445541099,
              36.923791176748196
            ],
            [
              38.192303221266734,
              36.909435279734296
            ],
            [
              38.14244910757786,
              36.89378250304523
            ],
            [
              38.09522285169805,
              36.876005836849714
            ],
            [
              38.03551949895272,
              36.86936099903594
            ],
            [
              38.00643199964856,
              36.912708498583925
            ],
            [
              37.99692500105798,
              36.96454499896257
            ],
            [
              37.96183949994494,
              37.00053599941913
            ],
            [
              37.94769199993923,
              37.04886349922138
            ],
            [
              37.897327000152565,
              37.05033499905871
            ],
            [
              37.867667500640906,
              37.09374499957548
            ],
            [
              37.86879199977717,
              37.14762249922013
            ],
            [
              37.83681749967415,
              37.198664498748435
            ],
            [
              37.840044499050485,
              37.264666999798656
            ],
            [
              37.86040099986198,
              37.31176349854345
            ],
            [
              37.893535501157864,
              37.35345249840192
            ],
            [
              37.935766000062735,
              37.38994349875105
            ],
            [
              37.97171600057237,
              37.43195749911095
            ],
            [
              37.98033350093536,
              37.48276699940032
            ],
            [
              38.03449000018778,
              37.47172650006329
            ]
          ]
        ]
      }
    },
    {
      "type": "Feature",
      "properties": {},
      "geometry": {
        "type": "Polygon",
        "coordinates": [
          [
            [
              40.586377132274414,
              40.53541678655305
            ],
            [
              40.62840300162034,
              40.56500499878879
            ],
            [
              40.67532900090652,
              40.59176599863765
            ],
            [
              40.72979350028022,
              40.60354449914232
            ],
            [
              40.77247900117821,
              40.6353939981787
            ],
            [
              40.824304999674425,
              40.66036499905881
            ],
            [
              40.822326000364974,
              40.71360399848455
            ],
            [
              40.87283299939163,
              40.73546550124607
            ],
            [
              40.92918214192232,
              40.73254400769001
            ],
            [
              40.979405999193524,
              40.747809499516556
            ],
            [
              41.03123200073939,
              40.761378499203154
            ],
            [
              41.086450000383174,
              40.77061249863278
            ],
            [
              41.139595000035364,
              40.79765649847293
            ],
            [
              41.16239849983366,
              40.84498599974277
            ],
            [
              41.236066500045986,
              40.78559499933652
            ],
            [
              41.281086000597256,
              40.762466498565395
            ],
            [
              41.33076900042224,
              40.74676199879832
            ],
            [
              41.34466499975837,
              40.694413998834605
            ],
            [
              41.311447999776846,
              40.65320149943279
            ],
            [
              41.323915999554174,
              40.60313749881606
            ],
            [
              41.35275549991943,
              40.56192550632594
            ],
            [
              41.402404000812645,
              40.57005999837472
            ],
            [
              41.442222999593184,
              40.6068494985535
            ],
            [
              41.4861000010963,
              40.63235749979331
            ],
            [
              41.53402699900571,
              40.659803998727945
            ],
            [
              41.57737649953909,
              40.68603799976637
            ],
            [
              41.6289632855231,
              40.70069546130395
            ],
            [
              41.67931250148219,
              40.68422949925149
            ],
            [
              41.72880499948302,
              40.66386149837048
            ],
            [
              41.78153399975673,
              40.65596149910597
            ],
            [
              41.82752899897753,
              40.677995499653726
            ],
            [
              41.82574449992811,
              40.729534499545295
            ],
            [
              41.847373999923036,
              40.77907499887936
            ],
            [
              41.88135250008799,
              40.817907999030375
            ],
            [
              41.85720099901127,
              40.86492599919503
            ],
            [
              41.89612900055407,
              40.9049959988963
            ],
            [
              41.9390544990495,
              40.93659549980803
            ],
            [
              41.985311139402846,
              40.96029498554045
            ],
            [
              42.042989499362214,
              40.965529499061105
            ],
            [
              42.10342749942788,
              40.966481500009586
            ],
            [
              42.15472899922311,
              40.962673998707935
            ],
            [
              42.20641050027529,
              40.958581498924744
            ],
            [
              42.28255350029041,
              40.92993299954427
            ],
            [
              42.34158454186902,
              40.92107552662667
            ],
            [
              42.36099199982616,
              40.86078099843673
            ],
            [
              42.39708499982161,
              40.82552349873025
            ],
            [
              42.449931999869335,
              40.81233099939707
            ],
            [
              42.502410504028596,
              40.79539314115338
            ],
            [
              42.542503499715366,
              40.76272149883497
            ],
            [
              42.56105079644295,
              40.7111936353203
            ],
            [
              42.57081160719161,
              40.6598879008605
            ],
            [
              42.558428500536486,
              40.6087579993123
            ],
            [
              42.53044849922392,
              40.56730949903472
            ],
            [
              42.52851350040762,
              40.50837299933862
            ],
            [
              42.534392628693034,
              40.45613401122204
            ],
            [
              42.5038824997418,
              40.416322499309985
            ],
            [
              42.45070600097817,
              40.40060599825266
            ],
            [
              42.40609300126767,
              40.37519149936487
            ],
            [
              42.35090400036188,
              40.37425849207077
            ],
            [
              42.295894000600384,
              40.36832499800453
            ],
            [
              42.24006900019011,
              40.37562899867861
            ],
            [
              42.192100500487705,
              40.395107498430534
            ],
            [
              42.15093499945558,
              40.36378599916214
            ],
            [
              42.130099000870786,
              40.31199349951281
            ],
            [
              42.14624700059025,
              40.25469449947924
            ],
            [
              42.19029999959035,
              40.22403549897472
            ],
            [
              42.23554400011977,
              40.19977649829459
            ],
            [
              42.289792500794185,
              40.18392649902109
            ],
            [
              42.33726849937488,
              40.16346249892732
            ],
            [
              42.38772150052867,
              40.14790949876424
            ],
            [
              42.42329149938362,
              40.11025599858687
            ],
            [
              42.45848950059891,
              40.07252799954027
            ],
            [
              42.49688750160179,
              40.039487998842255
            ],
            [
              42.55001950031253,
              40.01106149954642
            ],
            [
              42.564983601256145,
              39.92101050483872
            ],
            [
              42.49839250082055,
              39.912953998442184
            ],
            [
              42.44550549953013,
              39.91062949931809
            ],
            [
              42.39826399925932,
              39.87459649897156
            ],
            [
              42.3484615017135,
              39.861454997937756
            ],
            [
              42.299961999909954,
              39.83698599936763
            ],
            [
              42.287093500367355,
              39.78625799923561
            ],
            [
              42.331595000007745,
              39.76035399845664
            ],
            [
              42.38248599995308,
              39.74019899870915
            ],
            [
              42.421511000849534,
              39.70356499796034
            ],
            [
              42.46145849969497,
              39.672821999174325
            ],
            [
              42.503967500077145,
              39.64118949909008
            ],
            [
              42.50072949974769,
              39.5899629988464
            ],
            [
              42.466440000750076,
              39.55202049802537
            ],
            [
              42.45090200037188,
              39.49483949933399
            ],
            [
              42.397151999661645,
              39.50092099923992
            ],
            [
              42.341022999769145,
              39.49965350443849
            ],
            [
              42.29455599939244,
              39.4757364980582
            ],
            [
              42.24815650061536,
              39.45039549881578
            ],
            [
              42.209680499814475,
              39.41634549914886
            ],
            [
              42.203755499540605,
              39.365091499132916
            ],
            [
              42.20825299877745,
              39.315051499081385
            ],
            [
              42.161924499273084,
              39.29292249859136
            ],
            [
              42.111598999548875,
              39.28399949691148
            ],
            [
              42.062772498654155,
              39.265082998670074
            ],
            [
              42.01808650077529,
              39.227463499382154
            ],
            [
              41.97432799964357,
              39.20040899937747
            ],
            [
              41.922075000703984,
              39.19526949877417
            ],
            [
              41.86718100032204,
              39.18377699905708
            ],
            [
              41.81407199945594,
              39.17899400017954
            ],
            [
              41.76381700031728,
              39.16500299845011
            ],
            [
              41.712278499927166,
              39.162861504790634
            ],
            [
              41.661238500523176,
              39.15572299868113
            ],
            [
              41.60991350025794,
              39.16350399854732
            ],
            [
              41.604273999698776,
              39.21697049926061
            ],
            [
              41.5575890005047,
              39.27015099944398
            ],
            [
              41.5106184995404,
              39.29470749979433
            ],
            [
              41.46026899966576,
              39.31659849879855
            ],
            [
              41.406398001556475,
              39.32906649866173
            ],
            [
              41.354145500825965,
              39.334586999113085
            ],
            [
              41.303796500475926,
              39.33848949918719
            ],
            [
              41.249639500045355,
              39.3381084991267
            ],
            [
              41.16961750012259,
              39.390075499072296
            ],
            [
              41.13895050096347,
              39.42963749927597
            ],
            [
              41.0871044997623,
              39.43294149957226
            ],
            [
              41.03381850077955,
              39.437092499741475
            ],
            [
              40.983667501037914,
              39.44497099942247
            ],
            [
              40.92606100119163,
              39.443446499157496
            ],
            [
              40.87480849970894,
              39.447173998919986
            ],
            [
              40.826944000060955,
              39.42845149919796
            ],
            [
              40.778063500927026,
              39.410915500104814
            ],
            [
              40.723056000356486,
              39.41088149931082
            ],
            [
              40.67064450014988,
              39.4147279992875
            ],
            [
              40.621086000876396,
              39.42370749918522
            ],
            [
              40.598297500630196,
              39.471740998469166
            ],
            [
              40.61086900010783,
              39.52222799901413
            ],
            [
              40.67501450003516,
              39.52111899968048
            ],
            [
              40.73774899939548,
              39.54723349883508
            ],
            [
              40.69120700109038,
              39.56864849937081
            ],
            [
              40.67331350062369,
              39.619378998533
            ],
            [
              40.667316999872206,
              39.67020399830035
            ],
            [
              40.618637023054895,
              39.68555605422538
            ],
            [
              40.57756400011445,
              39.719595229804575
            ],
            [
              40.54396599993772,
              39.76785699879124
            ],
            [
              40.56366698202812,
              39.8138717486481
            ],
            [
              40.548249000064075,
              39.86236949906674
            ],
            [
              40.503229999883565,
              39.88568173032297
            ],
            [
              40.454688999169996,
              39.90633523088161
            ],
            [
              40.40281649990303,
              39.90500273014968
            ],
            [
              40.351515500248325,
              39.91461573051437
            ],
            [
              40.30049950059867,
              39.93012973004738
            ],
            [
              40.26809122647132,
              39.97863270146322
            ],
            [
              40.308043894927756,
              40.01437146193329
            ],
            [
              40.411111316759545,
              40.001892509681014
            ],
            [
              40.46048749948257,
              40.01254049867193
            ],
            [
              40.50326750003499,
              40.049101499000386
            ],
            [
              40.54802599954287,
              40.0731299990131
            ],
            [
              40.59674250124893,
              40.091033498092216
            ],
            [
              40.64437599898171,
              40.11412899889962
            ],
            [
              40.68710750081709,
              40.140691998480925
            ],
            [
              40.70585899937973,
              40.18856049832016
            ],
            [
              40.67740199942717,
              40.230020998601574
            ],
            [
              40.62567050022771,
              40.23209399866606
            ],
            [
              40.58317300082058,
              40.26366099955935
            ],
            [
              40.54190099890145,
              40.29626399853349
            ],
            [
              40.553302499650044,
              40.346770499267386
            ],
            [
              40.5815709998521,
              40.389456499046176
            ],
            [
              40.5587680005645,
              40.435722999399594
            ],
            [
              40.579120999705395,
              40.48519299864944
            ],
            [
              40.586377132274414,
              40.53541678655305
            ]
          ]
        ]
      }
    },
    {
      "type": "Feature",
      "properties": {},
      "geometry": {
        "type": "Polygon",
        "coordinates": [
          [
            [
              41.139595000035364,
              40.79765649847293
            ],
            [
              41.086450000383174,
              40.77061249863278
            ],
            [
              41.03123200073939,
              40.761378499203154
            ],
            [
              40.979405999193524,
              40.747809499516556
            ],
            [
              40.92918214192232,
              40.73254400769001
            ],
            [
              40.87283299939163,
              40.73546550124607
            ],
            [
              40.822326000364974,
              40.71360399848455
            ],
            [
              40.824304999674425,
              40.66036499905881
            ],
            [
              40.77247900117821,
              40.6353939981787
            ],
            [
              40.72979350028022,
              40.60354449914232
            ],
            [
              40.67532900090652,
              40.59176599863765
            ],
            [
              40.62840300162034,
              40.56500499878879
            ],
            [
              40.586377132274414,
              40.53541678655305
            ],
            [
              40.579120999705395,
              40.48519299864944
            ],
            [
              40.51095899950504,
              40.517742498755844
            ],
            [
              40.4598689995343,
              40.51874999867307
            ],
            [
              40.469841501372095,
              40.56875799975997
            ],
            [
              40.43881350091374,
              40.608732998521205
            ],
            [
              40.46755750060722,
              40.65413299931879
            ],
            [
              40.49921599896954,
              40.721557498567265
            ],
            [
              40.46346499945959,
              40.758734498715384
            ],
            [
              40.436529499799825,
              40.80442000029223
            ],
            [
              40.470291000124796,
              40.84152299850417
            ],
            [
              40.43620796888701,
              40.88709076871492
            ],
            [
              40.408553381970705,
              40.9361252791163
            ],
            [
              40.36599349779676,
              40.96523688549061
            ],
            [
              40.37145876974764,
              41.01919040320511
            ],
            [
              40.42379171950238,
              41.026133530838116
            ],
            [
              40.47605292849521,
              41.03481105660749
            ],
            [
              40.52632767442717,
              41.02783315217431
            ],
            [
              40.57910753457512,
              41.04680083027115
            ],
            [
              40.642279838312,
              41.06625087682773
            ],
            [
              40.6934879593824,
              41.07793364285844
            ],
            [
              40.73823315700588,
              41.1027654485074
            ],
            [
              40.77452453799178,
              41.14256319724148
            ],
            [
              40.8224537630459,
              41.16698506943367
            ],
            [
              40.872860278655345,
              41.18166606657518
            ],
            [
              40.92259885783464,
              41.17574702888374
            ],
            [
              40.97170146315384,
              41.19236861299677
            ],
            [
              41.02351219189168,
              41.205778748267775
            ],
            [
              41.071135722583016,
              41.22286412694616
            ],
            [
              41.114910481517114,
              41.25145229676665
            ],
            [
              41.15776228489114,
              41.28357805042711
            ],
            [
              41.210300484357106,
              41.30126821006613
            ],
            [
              41.2725835003169,
              41.28341849877914
            ],
            [
              41.31309299970706,
              41.245839499356826
            ],
            [
              41.3434930000414,
              41.205842998455765
            ],
            [
              41.370157499292446,
              41.15778849939387
            ],
            [
              41.39206050036,
              41.110466498465755
            ],
            [
              41.387371999771936,
              41.05962849895651
            ],
            [
              41.347302501747514,
              41.02732349917869
            ],
            [
              41.29661100031056,
              40.99663049923839
            ],
            [
              41.25181349850222,
              40.96924899877389
            ],
            [
              41.22407400058841,
              40.92560199888999
            ],
            [
              41.20008900078087,
              40.879154998313744
            ],
            [
              41.16239849983366,
              40.84498599974277
            ],
            [
              41.139595000035364,
              40.79765649847293
            ]
          ]
        ]
      }
    },
    {
      "type": "Feature",
      "properties": {},
      "geometry": {
        "type": "Polygon",
        "coordinates": [
          [
            [
              42.53998799947184,
              39.36091999902091
            ],
            [
              42.58855750034626,
              39.34124349945487
            ],
            [
              42.62533749950637,
              39.30288549869407
            ],
            [
              42.64227500044232,
              39.252821499090096
            ],
            [
              42.674571500246216,
              39.21438099943272
            ],
            [
              42.68735750068517,
              39.16224099909681
            ],
            [
              42.716333000313,
              39.11582999928648
            ],
            [
              42.7133444998784,
              39.05696549866984
            ],
            [
              42.69599199886988,
              39.00706699804759
            ],
            [
              42.7144524999269,
              38.954903498574865
            ],
            [
              42.621137603807774,
              38.92526129451029
            ],
            [
              42.57133564418907,
              38.9187993030398
            ],
            [
              42.51932802668136,
              38.922602313608635
            ],
            [
              42.47099725473423,
              38.94855416336482
            ],
            [
              42.418586930746564,
              38.948703175005825
            ],
            [
              42.371506219981285,
              38.927148909145416
            ],
            [
              42.32075649432855,
              38.94516450269249
            ],
            [
              42.28469075388372,
              38.9076004106346
            ],
            [
              42.23577944129605,
              38.89319063218005
            ],
            [
              42.18560312777993,
              38.87649888496892
            ],
            [
              42.14273238278181,
              38.848162163541915
            ],
            [
              42.11899736300475,
              38.801593614197515
            ],
            [
              42.08963457064139,
              38.760809403205826
            ],
            [
              42.087674413348445,
              38.710769640534366
            ],
            [
              42.0391819234166,
              38.6891571045548
            ],
            [
              42.00418834330848,
              38.65241210445779
            ],
            [
              41.9541193286436,
              38.64875485003541
            ],
            [
              41.942721307821834,
              38.599160453217266
            ],
            [
              41.90757080001889,
              38.55954356251309
            ],
            [
              41.8636016080831,
              38.58414997672212
            ],
            [
              41.81594121909259,
              38.60146460407323
            ],
            [
              41.76565968522919,
              38.607578871171896
            ],
            [
              41.7169186216657,
              38.62252533245965
            ],
            [
              41.66010646076578,
              38.62334442505096
            ],
            [
              41.605337888592835,
              38.60267287370152
            ],
            [
              41.55499449957716,
              38.58694249937731
            ],
            [
              41.549534999830804,
              38.523347998904846
            ],
            [
              41.508420499856996,
              38.555169499206364
            ],
            [
              41.43991550014479,
              38.50053599867442
            ],
            [
              41.387218999704686,
              38.48333199963912
            ],
            [
              41.338013499518105,
              38.4977229995628
            ],
            [
              41.29593299889725,
              38.53074699882198
            ],
            [
              41.283034499968885,
              38.580145999022704
            ],
            [
              41.24589399986525,
              38.61792699843518
            ],
            [
              41.21232283301345,
              38.65671012286593
            ],
            [
              41.166341841449864,
              38.63701778074911
            ],
            [
              41.12066878441178,
              38.65740431406547
            ],
            [
              41.13385851347547,
              38.70589684457758
            ],
            [
              41.12931710924121,
              38.7759506605727
            ],
            [
              41.132284500666074,
              38.826714998998334
            ],
            [
              41.11420049957027,
              38.87658849937948
            ],
            [
              41.13371199954007,
              38.9292219986465
            ],
            [
              41.16911850024937,
              38.96453299988282
            ],
            [
              41.197386500256314,
              39.009266998567846
            ],
            [
              41.244023999265536,
              39.032300499403156
            ],
            [
              41.279811000109675,
              39.07493999901667
            ],
            [
              41.23717099965071,
              39.10711049841458
            ],
            [
              41.20671400076333,
              39.150702498986455
            ],
            [
              41.17283049948177,
              39.19200949892028
            ],
            [
              41.17578100066587,
              39.242739998543215
            ],
            [
              41.15046350045721,
              39.288234999456904
            ],
            [
              41.14960699932648,
              39.34201099947838
            ],
            [
              41.16961750012259,
              39.390075499072296
            ],
            [
              41.249639500045355,
              39.3381084991267
            ],
            [
              41.303796500475926,
              39.33848949918719
            ],
            [
              41.354145500825965,
              39.334586999113085
            ],
            [
              41.406398001556475,
              39.32906649866173
            ],
            [
              41.46026899966576,
              39.31659849879855
            ],
            [
              41.5106184995404,
              39.29470749979433
            ],
            [
              41.5575890005047,
              39.27015099944398
            ],
            [
              41.604273999698776,
              39.21697049926061
            ],
            [
              41.60991350025794,
              39.16350399854732
            ],
            [
              41.661238500523176,
              39.15572299868113
            ],
            [
              41.712278499927166,
              39.162861504790634
            ],
            [
              41.76381700031728,
              39.16500299845011
            ],
            [
              41.81407199945594,
              39.17899400017954
            ],
            [
              41.86718100032204,
              39.18377699905708
            ],
            [
              41.922075000703984,
              39.19526949877417
            ],
            [
              41.97432799964357,
              39.20040899937747
            ],
            [
              42.01808650077529,
              39.227463499382154
            ],
            [
              42.062772498654155,
              39.265082998670074
            ],
            [
              42.111598999548875,
              39.28399949691148
            ],
            [
              42.161924499273084,
              39.29292249859136
            ],
            [
              42.20825299877745,
              39.315051499081385
            ],
            [
              42.203755499540605,
              39.365091499132916
            ],
            [
              42.209680499814475,
              39.41634549914886
            ],
            [
              42.24815650061536,
              39.45039549881578
            ],
            [
              42.29455599939244,
              39.4757364980582
            ],
            [
              42.341022999769145,
              39.49965350443849
            ],
            [
              42.397151999661645,
              39.50092099923992
            ],
            [
              42.45090200037188,
              39.49483949933399
            ],
            [
              42.487931000497895,
              39.45166649889646
            ],
            [
              42.509019500365454,
              39.4025159992242
            ],
            [
              42.53998799947184,
              39.36091999902091
            ]
          ]
        ]
      }
    },
    {
      "type": "Feature",
      "properties": {},
      "geometry": {
        "type": "Polygon",
        "coordinates": [
          [
            [
              27.506243611421006,
              40.30492910289643
            ],
            [
              27.47402046898319,
              40.34462543254474
            ],
            [
              27.4457036937356,
              40.38696085623865
            ],
            [
              27.42197933430876,
              40.43205678320287
            ],
            [
              27.403859058976384,
              40.47910565945727
            ],
            [
              27.391715900495658,
              40.52817264663242
            ],
            [
              27.3864310062801,
              40.57842980266791
            ],
            [
              27.41123086907877,
              40.62198890888572
            ],
            [
              27.449661517381955,
              40.654129918204944
            ],
            [
              27.493262271901166,
              40.67920693876983
            ],
            [
              27.540372541945228,
              40.697895753790256
            ],
            [
              27.589923974666945,
              40.71023891225702
            ],
            [
              27.639839769712715,
              40.71497130447322
            ],
            [
              27.690926800121773,
              40.7128938363627
            ],
            [
              27.741540315574372,
              40.706772739110924
            ],
            [
              27.792139501357234,
              40.69770196114643
            ],
            [
              27.84178334044912,
              40.684651048582225
            ],
            [
              27.889349800162517,
              40.6682725442035
            ],
            [
              27.93550302096193,
              40.648546217810484
            ],
            [
              27.980177150096612,
              40.62531140185851
            ],
            [
              28.022505079142288,
              40.59820176106827
            ],
            [
              28.06394296808166,
              40.56749849396431
            ],
            [
              28.103981093596026,
              40.53574151122003
            ],
            [
              28.137463358167068,
              40.497789299323934
            ],
            [
              28.15745042065885,
              40.451404330200134
            ],
            [
              28.172813581998295,
              40.40360925511478
            ],
            [
              28.105376617126986,
              40.38725113897945
            ],
            [
              28.048780979141437,
              40.3744551792329
            ],
            [
              27.991774313363315,
              40.36665368105166
            ],
            [
              27.938499731972783,
              40.35940508841642
            ],
            [
              27.945911982208784,
              40.4148922701927
            ],
            [
              27.99315419642739,
              40.436801815397104
            ],
            [
              27.996263952284608,
              40.48761913069561
            ],
            [
              27.944205403266928,
              40.49856340787414
            ],
            [
              27.89304871191118,
              40.50942299042917
            ],
            [
              27.84270481880695,
              40.51452152641592
            ],
            [
              27.79027756212331,
              40.50677731031031
            ],
            [
              27.73750897337343,
              40.51734002834494
            ],
            [
              27.68368506797152,
              40.49832624182993
            ],
            [
              27.66528171583773,
              40.447039118083076
            ],
            [
              27.71798080577692,
              40.45737997393267
            ],
            [
              27.757717813214775,
              40.42526865543792
            ],
            [
              27.795501666608835,
              40.38826496367247
            ],
            [
              27.820864109915796,
              40.343684538080275
            ],
            [
              27.778274282248073,
              40.31159946165231
            ],
            [
              27.72180148777902,
              40.31107607288789
            ],
            [
              27.66658498447721,
              40.30973199157843
            ],
            [
              27.611746510543174,
              40.32542488976537
            ],
            [
              27.559874755171414,
              40.30461556943541
            ],
            [
              27.506243611421006,
              40.30492910289643
            ]
          ],
          [
            [
              27.683301813545132,
              40.60444259865317
            ],
            [
              27.645302148386715,
              40.6597698218096
            ],
            [
              27.575688021486236,
              40.65400339517525
            ],
            [
              27.534523409818288,
              40.620556658975524
            ],
            [
              27.568373752959637,
              40.580955829715585
            ],
            [
              27.627560846399746,
              40.58188943040059
            ],
            [
              27.683301813545132,
              40.60444259865317
            ]
          ]
        ]
      }
    },
    {
      "type": "Feature",
      "properties": {},
      "geometry": {
        "type": "Polygon",
        "coordinates": [
          [
            [
              28.15745042065885,
              40.451404330200134
            ],
            [
              28.19371782000011,
              40.485960050802355
            ],
            [
              28.23938002143757,
              40.507530569131234
            ],
            [
              28.287247949259676,
              40.52517458826998
            ],
            [
              28.337330569496935,
              40.54060537516776
            ],
            [
              28.385619383381144,
              40.55365596614516
            ],
            [
              28.43683331111261,
              40.56535556208184
            ],
            [
              28.52080818718479,
              40.56277368877697
            ],
            [
              28.559710936195867,
              40.59529697513456
            ],
            [
              28.61001229175867,
              40.59041042286552
            ],
            [
              28.653724636205474,
              40.564942207189226
            ],
            [
              28.682614125489874,
              40.522050016221456
            ],
            [
              28.712202561744803,
              40.48137993623547
            ],
            [
              28.75253784666127,
              40.4509676070263
            ],
            [
              28.714505642634805,
              40.376736079160736
            ],
            [
              28.665584764119426,
              40.36166752682379
            ],
            [
              28.614560854892147,
              40.366683578557506
            ],
            [
              28.56155671150482,
              40.378916991914515
            ],
            [
              28.507083578222336,
              40.3948409982168
            ],
            [
              28.456468653539957,
              40.39527996262654
            ],
            [
              28.405101978310512,
              40.39397847629096
            ],
            [
              28.333522906945472,
              40.40096365175642
            ],
            [
              28.27963712321388,
              40.39843083028595
            ],
            [
              28.225664539198856,
              40.39898540263306
            ],
            [
              28.172813581998295,
              40.40360925511478
            ],
            [
              28.15745042065885,
              40.451404330200134
            ]
          ]
        ]
      }
    },
    {
      "type": "Feature",
      "properties": {},
      "geometry": {
        "type": "Polygon",
        "coordinates": [
          [
            [
              39.15509999988685,
              41.01894449895991
            ],
            [
              39.161922897875385,
              41.078024993756095
            ],
            [
              39.21544801410556,
              41.06886208476721
            ],
            [
              39.2638022896765,
              41.04826857761397
            ],
            [
              39.31847743762039,
              41.06078848220135
            ],
            [
              39.37007056565983,
              41.080007980878605
            ],
            [
              39.430987635411185,
              41.10110204247923
            ],
            [
              39.48680084702932,
              41.091122451413725
            ],
            [
              39.52784310262564,
              41.05875322437647
            ],
            [
              39.567610840534954,
              41.02542583317219
            ],
            [
              39.62211053925146,
              41.01078816762642
            ],
            [
              39.6751982141245,
              40.9989094023056
            ],
            [
              39.73146874455185,
              41.010368682337536
            ],
            [
              39.782568172598765,
              41.00128251479102
            ],
            [
              39.83327009339962,
              40.979768173431644
            ],
            [
              39.87635188494201,
              40.95410498651049
            ],
            [
              39.93373920837747,
              40.9556638332187
            ],
            [
              39.987558101119156,
              40.96230957756597
            ],
            [
              40.03777931660313,
              40.958289632245126
            ],
            [
              40.078561898243215,
              40.92417679449186
            ],
            [
              40.13438653030604,
              40.912191235433426
            ],
            [
              40.18717907018447,
              40.91690947195755
            ],
            [
              40.23985739826543,
              40.932353744372314
            ],
            [
              40.29173119526292,
              40.95975881997429
            ],
            [
              40.36599349779676,
              40.96523688549061
            ],
            [
              40.408553381970705,
              40.9361252791163
            ],
            [
              40.43620796888701,
              40.88709076871492
            ],
            [
              40.470291000124796,
              40.84152299850417
            ],
            [
              40.436529499799825,
              40.80442000029223
            ],
            [
              40.46346499945959,
              40.758734498715384
            ],
            [
              40.49921599896954,
              40.721557498567265
            ],
            [
              40.46755750060722,
              40.65413299931879
            ],
            [
              40.43881350091374,
              40.608732998521205
            ],
            [
              40.469841501372095,
              40.56875799975997
            ],
            [
              40.4598689995343,
              40.51874999867307
            ],
            [
              40.408853500287215,
              40.51370549894094
            ],
            [
              40.357647499172515,
              40.51913049926301
            ],
            [
              40.30653700159218,
              40.51656099871331
            ],
            [
              40.25333200024428,
              40.52350899843866
            ],
            [
              40.206694499524744,
              40.55377549862483
            ],
            [
              40.15491749973449,
              40.57043199882958
            ],
            [
              40.10808949996387,
              40.59517799920779
            ],
            [
              40.059548499393884,
              40.6073609994412
            ],
            [
              40.02309550016886,
              40.65085749901119
            ],
            [
              40.00805699938922,
              40.60260199917533
            ],
            [
              40.011483501269964,
              40.55130099922774
            ],
            [
              39.95666100079333,
              40.54444799838579
            ],
            [
              39.917922999644446,
              40.57680849875267
            ],
            [
              39.89403349899184,
              40.6222089997063
            ],
            [
              39.8415899994809,
              40.62458849941551
            ],
            [
              39.85110800091427,
              40.67874499880247
            ],
            [
              39.82150750059776,
              40.72414499941831
            ],
            [
              39.76963499999872,
              40.70587049889033
            ],
            [
              39.73997150116982,
              40.66405549885485
            ],
            [
              39.69796600179344,
              40.62649199908971
            ],
            [
              39.648505000704,
              40.610723998521586
            ],
            [
              39.59177850064956,
              40.61081899822503
            ],
            [
              39.53314849980143,
              40.61605399919909
            ],
            [
              39.48232299942909,
              40.617195998874216
            ],
            [
              39.43568600077064,
              40.6384209989946
            ],
            [
              39.39276049986429,
              40.670115498271876
            ],
            [
              39.34298199954667,
              40.68610549875448
            ],
            [
              39.29977100056121,
              40.71170849831024
            ],
            [
              39.2570360013613,
              40.74625799905673
            ],
            [
              39.22220050080953,
              40.78261599946442
            ],
            [
              39.1706140010827,
              40.79851099981005
            ],
            [
              39.115931000259756,
              40.801521998651914
            ],
            [
              39.14681899990478,
              40.867800998595655
            ],
            [
              39.134255501737734,
              40.91634199951397
            ],
            [
              39.14453499933901,
              40.96878549900808
            ],
            [
              39.15509999988685,
              41.01894449895991
            ]
          ]
        ]
      }
    },
    {
      "type": "Feature",
      "properties": {},
      "geometry": {
        "type": "Polygon",
        "coordinates": [
          [
            [
              39.93299150070069,
              39.10323949904146
            ],
            [
              39.93827899932701,
              39.15434799908494
            ],
            [
              39.936280500495684,
              39.205458498943365
            ],
            [
              39.95360300056508,
              39.255427499241584
            ],
            [
              40.00661750022252,
              39.269799498634676
            ],
            [
              39.99548149964601,
              39.31900649935003
            ],
            [
              40.04763200796351,
              39.32685580436136
            ],
            [
              40.09598415128161,
              39.3037600179687
            ],
            [
              40.139586500797265,
              39.3315779989723
            ],
            [
              40.19107799952474,
              39.33871599954401
            ],
            [
              40.232576000134024,
              39.36736499831742
            ],
            [
              40.28302050158527,
              39.36336749890899
            ],
            [
              40.31718999980632,
              39.40565999978068
            ],
            [
              40.28777950005464,
              39.45026549882871
            ],
            [
              40.294156500533084,
              39.50042449815591
            ],
            [
              40.3427924996014,
              39.51365399884399
            ],
            [
              40.39571150028802,
              39.512226499404996
            ],
            [
              40.445908001863636,
              39.5139684989841
            ],
            [
              40.50401449983487,
              39.514825498501835
            ],
            [
              40.55776649951218,
              39.532599999012696
            ],
            [
              40.61086900010783,
              39.52222799901413
            ],
            [
              40.598297500630196,
              39.471740998469166
            ],
            [
              40.621086000876396,
              39.42370749918522
            ],
            [
              40.67064450014988,
              39.4147279992875
            ],
            [
              40.723056000356486,
              39.41088149931082
            ],
            [
              40.778063500927026,
              39.410915500104814
            ],
            [
              40.826944000060955,
              39.42845149919796
            ],
            [
              40.87480849970894,
              39.447173998919986
            ],
            [
              40.92606100119163,
              39.443446499157496
            ],
            [
              40.983667501037914,
              39.44497099942247
            ],
            [
              41.03381850077955,
              39.437092499741475
            ],
            [
              41.0871044997623,
              39.43294149957226
            ],
            [
              41.13895050096347,
              39.42963749927597
            ],
            [
              41.16961750012259,
              39.390075499072296
            ],
            [
              41.14960699932648,
              39.34201099947838
            ],
            [
              41.15046350045721,
              39.288234999456904
            ],
            [
              41.17578100066587,
              39.242739998543215
            ],
            [
              41.17283049948177,
              39.19200949892028
            ],
            [
              41.20671400076333,
              39.150702498986455
            ],
            [
              41.23717099965071,
              39.10711049841458
            ],
            [
              41.279811000109675,
              39.07493999901667
            ],
            [
              41.244023999265536,
              39.032300499403156
            ],
            [
              41.197386500256314,
              39.009266998567846
            ],
            [
              41.16911850024937,
              38.96453299988282
            ],
            [
              41.13371199954007,
              38.9292219986465
            ],
            [
              41.11420049957027,
              38.87658849937948
            ],
            [
              41.132284500666074,
              38.826714998998334
            ],
            [
              41.12931710924121,
              38.7759506605727
            ],
            [
              41.13385851347547,
              38.70589684457758
            ],
            [
              41.08004150066254,
              38.70172249901019
            ],
            [
              41.03347850032239,
              38.683334999491564
            ],
            [
              40.98014600016074,
              38.67500999990688
            ],
            [
              40.931113000529045,
              38.65799499966002
            ],
            [
              40.89168500144079,
              38.62451349849337
            ],
            [
              40.84777499926143,
              38.597343999783845
            ],
            [
              40.80814406241932,
              38.56569199987094
            ],
            [
              40.76489450095697,
              38.59094049901132
            ],
            [
              40.71567850003411,
              38.60146049898654
            ],
            [
              40.66884100003172,
              38.62442199850434
            ],
            [
              40.63270649845284,
              38.58883649891344
            ],
            [
              40.57690399880477,
              38.59139799894694
            ],
            [
              40.522473499637734,
              38.59798449903604
            ],
            [
              40.48011849986257,
              38.62460499955585
            ],
            [
              40.43959350032155,
              38.59386799889476
            ],
            [
              40.399250999696335,
              38.5616669982188
            ],
            [
              40.354883001048165,
              38.53715049965981
            ],
            [
              40.345399999117404,
              38.48769849873501
            ],
            [
              40.29247449924362,
              38.49988149914077
            ],
            [
              40.24869200138125,
              38.527863999115546
            ],
            [
              40.21918700104895,
              38.56898099903489
            ],
            [
              40.173025500039145,
              38.59201449930811
            ],
            [
              40.14780299983905,
              38.63712899904322
            ],
            [
              40.176166001113344,
              38.68129149867078
            ],
            [
              40.22746750021591,
              38.69632999891239
            ],
            [
              40.267917999656234,
              38.72945199862316
            ],
            [
              40.31645949934456,
              38.75372249987279
            ],
            [
              40.33920700059104,
              38.80264399891659
            ],
            [
              40.30065950117531,
              38.83690849910084
            ],
            [
              40.251262000947975,
              38.84518899929293
            ],
            [
              40.23270199998778,
              38.89753699992024
            ],
            [
              40.228799999471285,
              38.95064649882088
            ],
            [
              40.24156600063475,
              38.999897497864616
            ],
            [
              40.24927549891883,
              39.049865998538756
            ],
            [
              40.27954200037369,
              39.09164949912546
            ],
            [
              40.29914900070487,
              39.139809998438956
            ],
            [
              40.223481999923166,
              39.172455999776055
            ],
            [
              40.1694209988149,
              39.17045699966412
            ],
            [
              40.119166500446596,
              39.15751299843168
            ],
            [
              40.078830999208506,
              39.127425998718905
            ],
            [
              40.03348300109385,
              39.10307249949153
            ],
            [
              39.9834735004822,
              39.097364499258546
            ],
            [
              39.93299150070069,
              39.10323949904146
            ]
          ]
        ]
      }
    },
    {
      "type": "Feature",
      "properties": {},
      "geometry": {
        "type": "Polygon",
        "coordinates": [
          [
            [
              40.39571150028802,
              39.512226499404996
            ],
            [
              40.3427924996014,
              39.51365399884399
            ],
            [
              40.294156500533084,
              39.50042449815591
            ],
            [
              40.28777950005464,
              39.45026549882871
            ],
            [
              40.31718999980632,
              39.40565999978068
            ],
            [
              40.28302050158527,
              39.36336749890899
            ],
            [
              40.232576000134024,
              39.36736499831742
            ],
            [
              40.19107799952474,
              39.33871599954401
            ],
            [
              40.139586500797265,
              39.3315779989723
            ],
            [
              40.09598415128161,
              39.3037600179687
            ],
            [
              40.04763200796351,
              39.32685580436136
            ],
            [
              39.99548149964601,
              39.31900649935003
            ],
            [
              40.00661750022252,
              39.269799498634676
            ],
            [
              39.95360300056508,
              39.255427499241584
            ],
            [
              39.936280500495684,
              39.205458498943365
            ],
            [
              39.93827899932701,
              39.15434799908494
            ],
            [
              39.93299150070069,
              39.10323949904146
            ],
            [
              39.87927950054384,
              39.03506249843797
            ],
            [
              39.887589499673446,
              38.98560749811252
            ],
            [
              39.867944499797495,
              38.93869399897955
            ],
            [
              39.85055850081977,
              38.89129599863514
            ],
            [
              39.81328599972225,
              38.857653498616145
            ],
            [
              39.76529799893374,
              38.84062499892189
            ],
            [
              39.72180150086224,
              38.813879999165096
            ],
            [
              39.67173750069922,
              38.80950149923173
            ],
            [
              39.62186400029173,
              38.820637499782855
            ],
            [
              39.57123149980607,
              38.819568498648565
            ],
            [
              39.52215700145756,
              38.80847949880122
            ],
            [
              39.490305999018474,
              38.766128999373834
            ],
            [
              39.43627700104787,
              38.78488599919451
            ],
            [
              39.38751250017842,
              38.77133099951642
            ],
            [
              39.35794649964303,
              38.81355199858452
            ],
            [
              39.29825550001165,
              38.8291234994729
            ],
            [
              39.24988900037644,
              38.859440998788024
            ],
            [
              39.18406300171865,
              38.86180049912364
            ],
            [
              39.13388499931234,
              38.87833199867972
            ],
            [
              39.08116149902521,
              38.889705999225036
            ],
            [
              39.02144349967482,
              38.89240649890046
            ],
            [
              38.9599770004107,
              38.89439899948281
            ],
            [
              38.9081224992133,
              38.88696950012826
            ],
            [
              38.84701600023747,
              38.87706499912131
            ],
            [
              38.79665300114247,
              38.87857599787746
            ],
            [
              38.74931250018148,
              38.92255899860993
            ],
            [
              38.793659499505296,
              38.958204499137054
            ],
            [
              38.7741859996119,
              39.00476199976681
            ],
            [
              38.72339300011962,
              39.015127999520665
            ],
            [
              38.74478999967584,
              39.067753499765644
            ],
            [
              38.733455499436,
              39.11760299905058
            ],
            [
              38.76503049970961,
              39.15762149921704
            ],
            [
              38.78601600055469,
              39.205049998724434
            ],
            [
              38.84483650037017,
              39.20809599958302
            ],
            [
              38.89594700055572,
              39.2054309986967
            ],
            [
              38.94163300052104,
              39.22617999900162
            ],
            [
              38.94163300079925,
              39.27643399980433
            ],
            [
              38.929068999914946,
              39.32659299946936
            ],
            [
              38.98172850083873,
              39.34683549902426
            ],
            [
              39.021868000592875,
              39.381891499789084
            ],
            [
              39.05756000009227,
              39.421390499287234
            ],
            [
              39.09496499935205,
              39.458034498589036
            ],
            [
              39.1469324994043,
              39.47088349917881
            ],
            [
              39.197663001700676,
              39.466980998477844
            ],
            [
              39.25258050101341,
              39.4764039986032
            ],
            [
              39.29912299989479,
              39.45498849895199
            ],
            [
              39.34985299962664,
              39.46593449852767
            ],
            [
              39.398489499274575,
              39.48306649840025
            ],
            [
              39.44836300078932,
              39.49258399811803
            ],
            [
              39.49871199985764,
              39.503624998376104
            ],
            [
              39.54611100113106,
              39.48763499886912
            ],
            [
              39.56885849903213,
              39.442329998887104
            ],
            [
              39.62082600055459,
              39.448421498119906
            ],
            [
              39.66917649983936,
              39.466600498298355
            ],
            [
              39.714576999551575,
              39.49182299840044
            ],
            [
              39.77044650011208,
              39.51875849887299
            ],
            [
              39.78272449998877,
              39.5672994987083
            ],
            [
              39.81041435770804,
              39.611005751809266
            ],
            [
              39.85902521859439,
              39.59743083064478
            ],
            [
              39.914934116919305,
              39.58148564723113
            ],
            [
              39.965689950904526,
              39.56835501264683
            ],
            [
              40.01834755990415,
              39.56202086197559
            ],
            [
              40.0675384772923,
              39.55038711062647
            ],
            [
              40.12114110781861,
              39.56059849187685
            ],
            [
              40.170291000718514,
              39.57843499800261
            ],
            [
              40.2210214998876,
              39.58109999849494
            ],
            [
              40.272513000484295,
              39.58490749886986
            ],
            [
              40.3240994996577,
              39.59413949929595
            ],
            [
              40.37882699884205,
              39.60213449959073
            ],
            [
              40.41299599994766,
              39.56111249891203
            ],
            [
              40.39571150028802,
              39.512226499404996
            ]
          ]
        ]
      }
    },
    {
      "type": "Feature",
      "properties": {},
      "geometry": {
        "type": "Polygon",
        "coordinates": [
          [
            [
              29.327962500209043,
              36.88889349869339
            ],
            [
              29.354245999989438,
              36.94039949886453
            ],
            [
              29.37892150017086,
              36.98633299803951
            ],
            [
              29.349327500656962,
              37.029348499243675
            ],
            [
              29.398178500296915,
              37.05319049908747
            ],
            [
              29.432857500397528,
              37.09312149856785
            ],
            [
              29.460534000207982,
              37.1425554985941
            ],
            [
              29.472040681739944,
              37.19601906850182
            ],
            [
              29.48721371737894,
              37.2482320956214
            ],
            [
              29.534116000502532,
              37.28819149856855
            ],
            [
              29.579048999824185,
              37.31903599917523
            ],
            [
              29.616979499986385,
              37.35321499953962
            ],
            [
              29.63048400028845,
              37.402065499191494
            ],
            [
              29.57810849920064,
              37.42761149932441
            ],
            [
              29.54287499996417,
              37.46524949920332
            ],
            [
              29.53893399951597,
              37.515464499169354
            ],
            [
              29.516444500760528,
              37.56151799884963
            ],
            [
              29.553485999819827,
              37.604925998730124
            ],
            [
              29.599373999554516,
              37.62898599820193
            ],
            [
              29.6494685008506,
              37.6195604985758
            ],
            [
              29.698333000289622,
              37.63456699972153
            ],
            [
              29.673404999265607,
              37.67828499889842
            ],
            [
              29.71910700036996,
              37.70222099918953
            ],
            [
              29.771320000907906,
              37.70488749850393
            ],
            [
              29.830541001035986,
              37.70823649925556
            ],
            [
              29.871064999303304,
              37.743933998790595
            ],
            [
              29.909480998706314,
              37.777026998597236
            ],
            [
              30.00658650068528,
              37.80187906646299
            ],
            [
              30.059576999737313,
              37.79019249869447
            ],
            [
              30.110768500494018,
              37.813278998874715
            ],
            [
              30.156652500388226,
              37.78970949846998
            ],
            [
              30.209406500969564,
              37.77473049918833
            ],
            [
              30.26006029914826,
              37.7852099052164
            ],
            [
              30.312820050596997,
              37.801164386423935
            ],
            [
              30.37131199969172,
              37.828409998722975
            ],
            [
              30.420202999560917,
              37.801583999627496
            ],
            [
              30.434416000043136,
              37.75003949967744
            ],
            [
              30.474248499902426,
              37.71343999906526
            ],
            [
              30.523475000607515,
              37.69995899919375
            ],
            [
              30.573837497887737,
              37.68902499905433
            ],
            [
              30.618717499445626,
              37.662581999502066
            ],
            [
              30.668943000302992,
              37.660812998807856
            ],
            [
              30.719449497530327,
              37.66026825055064
            ],
            [
              30.74439900025473,
              37.61600899826699
            ],
            [
              30.74793700027405,
              37.565531998583474
            ],
            [
              30.781172396624605,
              37.52722839565401
            ],
            [
              30.813139905857938,
              37.48737103737488
            ],
            [
              30.843461499787374,
              37.44701049899084
            ],
            [
              30.860828498966868,
              37.39814199850838
            ],
            [
              30.909851000054218,
              37.384033999379305
            ],
            [
              30.903667499487312,
              37.30462649939427
            ],
            [
              30.868423500418125,
              37.268949498880225
            ],
            [
              30.818975999854352,
              37.24568499887681
            ],
            [
              30.770528499145428,
              37.23170599880899
            ],
            [
              30.720867999508148,
              37.23936549960303
            ],
            [
              30.66673900046052,
              37.244599499191544
            ],
            [
              30.616120999341035,
              37.245173998780935
            ],
            [
              30.565119999472905,
              37.238471998203764
            ],
            [
              30.513161499724557,
              37.23949299911144
            ],
            [
              30.46433050082469,
              37.25257849956911
            ],
            [
              30.418627500444547,
              37.274408998089015
            ],
            [
              30.368775500227013,
              37.29349449868747
            ],
            [
              30.31898749995503,
              37.309962499385264
            ],
            [
              30.269135500694446,
              37.31928199884923
            ],
            [
              30.22202799957624,
              37.34679299900237
            ],
            [
              30.17677950157429,
              37.32371849866978
            ],
            [
              30.13422050016418,
              37.29643049953125
            ],
            [
              30.08309949980464,
              37.29007949901756
            ],
            [
              30.03311999966193,
              37.27475999857282
            ],
            [
              30.00285350099362,
              37.232758998954736
            ],
            [
              29.957501500389363,
              37.20218399895711
            ],
            [
              29.91179850048927,
              37.17977899904183
            ],
            [
              29.867308000706558,
              37.15118299857844
            ],
            [
              29.843754501650917,
              37.10375649893618
            ],
            [
              29.871815500375078,
              37.059783999631385
            ],
            [
              29.843318000524345,
              37.01805249848255
            ],
            [
              29.794891499474044,
              36.992519998742175
            ],
            [
              29.75547499945393,
              36.9543044992233
            ],
            [
              29.71038999906262,
              36.979983498335365
            ],
            [
              29.656798001117906,
              36.99024374981068
            ],
            [
              29.606841000095155,
              36.99610649942467
            ],
            [
              29.567501500436467,
              36.960929499392414
            ],
            [
              29.532442000713914,
              36.92481449939717
            ],
            [
              29.5040075008213,
              36.88236799896446
            ],
            [
              29.46760446708513,
              36.8467821276263
            ],
            [
              29.417707000606672,
              36.84238399917569
            ],
            [
              29.38411364023097,
              36.88073149031648
            ],
            [
              29.327962500209043,
              36.88889349869339
            ]
          ]
        ]
      }
    },
    {
      "type": "Feature",
      "properties": {},
      "geometry": {
        "type": "Polygon",
        "coordinates": [
          [
            [
              29.6494685008506,
              37.6195604985758
            ],
            [
              29.599373999554516,
              37.62898599820193
            ],
            [
              29.553485999819827,
              37.604925998730124
            ],
            [
              29.516444500760528,
              37.56151799884963
            ],
            [
              29.53893399951597,
              37.515464499169354
            ],
            [
              29.54287499996417,
              37.46524949920332
            ],
            [
              29.57810849920064,
              37.42761149932441
            ],
            [
              29.63048400028845,
              37.402065499191494
            ],
            [
              29.616979499986385,
              37.35321499953962
            ],
            [
              29.579048999824185,
              37.31903599917523
            ],
            [
              29.534116000502532,
              37.28819149856855
            ],
            [
              29.48721371737894,
              37.2482320956214
            ],
            [
              29.472040681739944,
              37.19601906850182
            ],
            [
              29.460534000207982,
              37.1425554985941
            ],
            [
              29.432857500397528,
              37.09312149856785
            ],
            [
              29.398178500296915,
              37.05319049908747
            ],
            [
              29.349327500656962,
              37.029348499243675
            ],
            [
              29.37892150017086,
              36.98633299803951
            ],
            [
              29.354245999989438,
              36.94039949886453
            ],
            [
              29.327962500209043,
              36.88889349869339
            ],
            [
              29.282218001225033,
              36.868179998369364
            ],
            [
              29.231387498564644,
              36.855633499518945
            ],
            [
              29.18255049929858,
              36.86653849976334
            ],
            [
              29.131016499367686,
              36.86184849899993
            ],
            [
              29.093436000997947,
              36.89567649829411
            ],
            [
              29.080127500933866,
              36.94709349906265
            ],
            [
              29.0975984992576,
              36.99505099901177
            ],
            [
              29.083937999558874,
              37.04341900012282
            ],
            [
              29.036039000318763,
              37.05801749898379
            ],
            [
              28.997308000765504,
              37.09054149924548
            ],
            [
              28.960357500642022,
              37.125332999356985
            ],
            [
              28.910672498825225,
              37.138514498992876
            ],
            [
              28.86025699914604,
              37.13720699927365
            ],
            [
              28.82139400060321,
              37.17091199864809
            ],
            [
              28.784085998783492,
              37.20525249932223
            ],
            [
              28.7637360010353,
              37.25174649900671
            ],
            [
              28.72957199974097,
              37.28870149846249
            ],
            [
              28.710176000896528,
              37.338162999105215
            ],
            [
              28.669741400973276,
              37.3704044440806
            ],
            [
              28.626684166893916,
              37.398827157823256
            ],
            [
              28.617604499921974,
              37.47889199867029
            ],
            [
              28.606007499136094,
              37.53713649859483
            ],
            [
              28.655770500427842,
              37.545531499169144
            ],
            [
              28.701639000911115,
              37.56604249868112
            ],
            [
              28.747940500641683,
              37.58958249894046
            ],
            [
              28.75555650020637,
              37.63995149816318
            ],
            [
              28.794501499177684,
              37.6722329988867
            ],
            [
              28.83119649994811,
              37.711350999061345
            ],
            [
              28.81830150025179,
              37.772451498933286
            ],
            [
              28.77606749980997,
              37.80075149905784
            ],
            [
              28.7388535006068,
              37.836147998954765
            ],
            [
              28.741276499318392,
              37.887122998866545
            ],
            [
              28.747161498710888,
              37.93783799961716
            ],
            [
              28.77407700028226,
              37.983273999194054
            ],
            [
              28.733920499900716,
              38.02282499912742
            ],
            [
              28.703443499534767,
              38.06374749877543
            ],
            [
              28.6780529993734,
              38.10730049970699
            ],
            [
              28.72141850004349,
              38.13585949904028
            ],
            [
              28.758053500282866,
              38.1729044984116
            ],
            [
              28.802823500557853,
              38.198303498842215
            ],
            [
              28.85193300074407,
              38.26427849957311
            ],
            [
              28.899687999650894,
              38.2414429989838
            ],
            [
              28.951098500801333,
              38.23283799917257
            ],
            [
              29.00349349967137,
              38.23770299897189
            ],
            [
              29.05482599945548,
              38.23289399897301
            ],
            [
              29.10506799960169,
              38.24085299974941
            ],
            [
              29.151740499960656,
              38.220349999971454
            ],
            [
              29.185663999426378,
              38.183518499169196
            ],
            [
              29.209522000634937,
              38.227656498805366
            ],
            [
              29.25447999970462,
              38.24965049937485
            ],
            [
              29.2848990009895,
              38.29058249974462
            ],
            [
              29.334106501041617,
              38.30855049940582
            ],
            [
              29.38488000090713,
              38.32450599926753
            ],
            [
              29.430955999947468,
              38.2978889990065
            ],
            [
              29.476733999041887,
              38.27298699934332
            ],
            [
              29.538541499622127,
              38.27529849915264
            ],
            [
              29.58469249954875,
              38.248233999080284
            ],
            [
              29.629227499645246,
              38.272017999039214
            ],
            [
              29.628630999460434,
              38.32502749870262
            ],
            [
              29.62369550014457,
              38.37662299915516
            ],
            [
              29.649134499431305,
              38.42224999902885
            ],
            [
              29.721976499854566,
              38.450432499153955
            ],
            [
              29.74822050021416,
              38.496433999239855
            ],
            [
              29.785871500195874,
              38.531177499635774
            ],
            [
              29.818820000708335,
              38.47939949981473
            ],
            [
              29.873268499998108,
              38.464980498845
            ],
            [
              29.90086999996897,
              38.42316549863615
            ],
            [
              29.9500314989485,
              38.410119998882095
            ],
            [
              29.99857500086193,
              38.39487699870684
            ],
            [
              30.04360550104476,
              38.36498649826234
            ],
            [
              30.074457499812823,
              38.324705498787154
            ],
            [
              30.097584999638407,
              38.27586399947871
            ],
            [
              30.098683500156675,
              38.221003998728555
            ],
            [
              30.04753049974962,
              38.1926464985877
            ],
            [
              30.00839400088826,
              38.15989549937551
            ],
            [
              29.969113998183186,
              38.12704449895347
            ],
            [
              29.917074000025284,
              38.136962499297155
            ],
            [
              29.871139999824525,
              38.115127998883494
            ],
            [
              29.80364549988834,
              38.07757049932001
            ],
            [
              29.780538500286177,
              38.03231700002545
            ],
            [
              29.725783999973167,
              38.00945849893834
            ],
            [
              29.685753999712805,
              37.97656949886641
            ],
            [
              29.675935498111254,
              37.92685849871339
            ],
            [
              29.67942899979005,
              37.87444099879207
            ],
            [
              29.72914800111115,
              37.85421499920359
            ],
            [
              29.78092800015505,
              37.8468514992363
            ],
            [
              29.83177741582844,
              37.82090765284106
            ],
            [
              29.88516426511061,
              37.82297283664913
            ],
            [
              29.909480998706314,
              37.777026998597236
            ],
            [
              29.871064999303304,
              37.743933998790595
            ],
            [
              29.830541001035986,
              37.70823649925556
            ],
            [
              29.771320000907906,
              37.70488749850393
            ],
            [
              29.71910700036996,
              37.70222099918953
            ],
            [
              29.673404999265607,
              37.67828499889842
            ],
            [
              29.6494685008506,
              37.6195604985758
            ]
          ]
        ]
      }
    },
    {
      "type": "Feature",
      "properties": {},
      "geometry": {
        "type": "Polygon",
        "coordinates": [
          [
            [
              27.09659519032823,
              42.086763742164685
            ],
            [
              27.14258280616004,
              42.06699928943058
            ],
            [
              27.19353886736068,
              42.06066396475777
            ],
            [
              27.231465010055036,
              42.09988607324352
            ],
            [
              27.28414945588834,
              42.095563659839414
            ],
            [
              27.328812241609,
              42.0717388865044
            ],
            [
              27.376081390919268,
              42.04620057779289
            ],
            [
              27.407193010239542,
              42.00259003137744
            ],
            [
              27.446440464774863,
              41.96953455736029
            ],
            [
              27.495524775033612,
              41.95382341220279
            ],
            [
              27.537881772805157,
              41.92155894173795
            ],
            [
              27.586340470173308,
              41.934410562738655
            ],
            [
              27.634671663921875,
              41.955218424409196
            ],
            [
              27.6892893513291,
              41.97183333021259
            ],
            [
              27.74008941968084,
              41.978303683568875
            ],
            [
              27.789834724120073,
              41.95386375985213
            ],
            [
              27.826027835704902,
              41.994162058396704
            ],
            [
              27.87720799960156,
              41.998376433487145
            ],
            [
              27.928669637073465,
              41.97780390317353
            ],
            [
              27.98124023518928,
              41.98727327480154
            ],
            [
              28.0296240055978,
              41.97238920071289
            ],
            [
              28.04660099299702,
              41.922832853900076
            ],
            [
              28.003040614079207,
              41.891095317363835
            ],
            [
              27.97836794632398,
              41.845233337053415
            ],
            [
              27.99917872403609,
              41.79568073674441
            ],
            [
              28.03676691058926,
              41.757639544338325
            ],
            [
              28.06073734719318,
              41.712878982233676
            ],
            [
              28.0991882400051,
              41.6794497230233
            ],
            [
              28.103122584355244,
              41.6263616717209
            ],
            [
              28.075067999546373,
              41.58452100041413
            ],
            [
              28.025624000328545,
              41.59373099973511
            ],
            [
              27.97544400000938,
              41.59201700011755
            ],
            [
              27.947845999828033,
              41.55031700009056
            ],
            [
              27.916686000303567,
              41.51077399998002
            ],
            [
              27.87405999974211,
              41.484552000156974
            ],
            [
              27.832522000435116,
              41.513125000429646
            ],
            [
              27.78775199989969,
              41.4894740000923
            ],
            [
              27.746396000127277,
              41.46052399970536
            ],
            [
              27.695897999914845,
              41.45505700029663
            ],
            [
              27.652591999998098,
              41.42948799990261
            ],
            [
              27.604907000161823,
              41.413153000317266
            ],
            [
              27.60017200050653,
              41.36330999980235
            ],
            [
              27.57185899959146,
              41.32154600032636
            ],
            [
              27.58736599993516,
              41.27358999956614
            ],
            [
              27.53955200040391,
              41.256956000427174
            ],
            [
              27.49316100015221,
              41.23777299977741
            ],
            [
              27.444117999451834,
              41.22768100003984
            ],
            [
              27.39420600055709,
              41.231255000329874
            ],
            [
              27.34417300043154,
              41.236861999997835
            ],
            [
              27.303222999703994,
              41.26632599975196
            ],
            [
              27.26535599957527,
              41.29905399978816
            ],
            [
              27.2230129998366,
              41.32659199991485
            ],
            [
              27.17988799973589,
              41.35287599995138
            ],
            [
              27.162677742843776,
              41.328723125327606
            ],
            [
              27.11993100051607,
              41.33023299987572
            ],
            [
              27.072557000203126,
              41.34665600043279
            ],
            [
              27.02238400007899,
              41.34564100013818
            ],
            [
              26.974516999511646,
              41.3606270002363
            ],
            [
              26.917451999884896,
              41.335934999990656
            ],
            [
              26.892885999996224,
              41.37959899958099
            ],
            [
              26.879828999520733,
              41.42791700015774
            ],
            [
              26.913590000565055,
              41.4649060002781
            ],
            [
              26.948351999683425,
              41.500892000187996
            ],
            [
              26.95871399997297,
              41.549949000140536
            ],
            [
              26.992982999960056,
              41.586531999617435
            ],
            [
              26.981796999620816,
              41.63536299969033
            ],
            [
              26.939698000054506,
              41.66256300014813
            ],
            [
              26.96942600006807,
              41.702980000012694
            ],
            [
              26.990796000533113,
              41.74841399981242
            ],
            [
              27.013046000293603,
              41.79348800019635
            ],
            [
              26.98569300004957,
              41.83604200039139
            ],
            [
              26.95266100049496,
              41.873642999933494
            ],
            [
              26.974692000017484,
              41.91874199961218
            ],
            [
              26.986771000265342,
              41.96815700037141
            ],
            [
              26.98420705537546,
              42.02134740359945
            ],
            [
              27.02382013930767,
              42.055590651655756
            ],
            [
              27.09659519032823,
              42.086763742164685
            ]
          ]
        ]
      }
    },
    {
      "type": "Feature",
      "properties": {},
      "geometry": {
        "type": "Polygon",
        "coordinates": [
          [
            [
              39.1706140010827,
              40.79851099981005
            ],
            [
              39.22220050080953,
              40.78261599946442
            ],
            [
              39.2570360013613,
              40.74625799905673
            ],
            [
              39.29977100056121,
              40.71170849831024
            ],
            [
              39.34298199954667,
              40.68610549875448
            ],
            [
              39.39276049986429,
              40.670115498271876
            ],
            [
              39.43568600077064,
              40.6384209989946
            ],
            [
              39.48232299942909,
              40.617195998874216
            ],
            [
              39.53314849980143,
              40.61605399919909
            ],
            [
              39.59177850064956,
              40.61081899822503
            ],
            [
              39.648505000704,
              40.610723998521586
            ],
            [
              39.69796600179344,
              40.62649199908971
            ],
            [
              39.73997150116982,
              40.66405549885485
            ],
            [
              39.76963499999872,
              40.70587049889033
            ],
            [
              39.82150750059776,
              40.72414499941831
            ],
            [
              39.85110800091427,
              40.67874499880247
            ],
            [
              39.8415899994809,
              40.62458849941551
            ],
            [
              39.89403349899184,
              40.6222089997063
            ],
            [
              39.917922999644446,
              40.57680849875267
            ],
            [
              39.95666100079333,
              40.54444799838579
            ],
            [
              40.011483501269964,
              40.55130099922774
            ],
            [
              40.00805699938922,
              40.60260199917533
            ],
            [
              40.059548499393884,
              40.6073609994412
            ],
            [
              40.10808949996387,
              40.59517799920779
            ],
            [
              40.082873998741995,
              40.515581998692774
            ],
            [
              40.034618499998984,
              40.49664149853314
            ],
            [
              39.98360300120062,
              40.49407199896329
            ],
            [
              39.9325874999201,
              40.479699999575836
            ],
            [
              39.89032800101132,
              40.45143199904149
            ],
            [
              39.86634300103806,
              40.40622199895853
            ],
            [
              39.85139999856509,
              40.35501599822274
            ],
            [
              39.817897500418674,
              40.315516998881485
            ],
            [
              39.83226950042992,
              40.26697599885606
            ],
            [
              39.831698500163625,
              40.215960498581666
            ],
            [
              39.80771349990897,
              40.171226498570974
            ],
            [
              39.75936249926872,
              40.15504649816671
            ],
            [
              39.70625299995007,
              40.14600449921815
            ],
            [
              39.66256600081711,
              40.11726049838783
            ],
            [
              39.65952049969373,
              40.06462699941841
            ],
            [
              39.67465399942007,
              40.01675199835775
            ],
            [
              39.71995900049333,
              39.9897214982575
            ],
            [
              39.76850000099927,
              39.96744949952447
            ],
            [
              39.698561500414876,
              39.891214498763574
            ],
            [
              39.64916349989538,
              39.874367498717994
            ],
            [
              39.60043250102248,
              39.84771799969403
            ],
            [
              39.551415499903726,
              39.862184998694524
            ],
            [
              39.50154050131769,
              39.874236999001084
            ],
            [
              39.4475759994187,
              39.874653499607
            ],
            [
              39.39893950078534,
              39.886740999188454
            ],
            [
              39.34935149987462,
              39.90615749934369
            ],
            [
              39.286058000076615,
              39.921576498300226
            ],
            [
              39.23075949963579,
              39.93309299911988
            ],
            [
              39.18631100068152,
              39.95869599793684
            ],
            [
              39.153395999902614,
              39.99718549927165
            ],
            [
              39.10017450021344,
              40.00247799158872
            ],
            [
              39.050871999289214,
              40.0233219989242
            ],
            [
              39.00328299988055,
              40.05149499884583
            ],
            [
              38.95983800000056,
              40.08425699906424
            ],
            [
              38.93651949957225,
              40.128609998906036
            ],
            [
              38.88740749936249,
              40.14602799872845
            ],
            [
              38.888169001692276,
              40.19789999860652
            ],
            [
              38.91367650036455,
              40.24139649923031
            ],
            [
              38.95222400030964,
              40.27784999862547
            ],
            [
              38.99200849921241,
              40.313065999197875
            ],
            [
              39.03750399953854,
              40.34495099891463
            ],
            [
              39.04930599963941,
              40.39406299910274
            ],
            [
              39.01675500017414,
              40.43517999912895
            ],
            [
              38.97687500002355,
              40.46735049941146
            ],
            [
              38.92919049973796,
              40.483911499417246
            ],
            [
              38.88081149988332,
              40.49959549870901
            ],
            [
              38.82582699846279,
              40.506468498222624
            ],
            [
              38.789944499856546,
              40.54691949854425
            ],
            [
              38.80326949879937,
              40.59726899966034
            ],
            [
              38.84257849996676,
              40.63305599808951
            ],
            [
              38.8606625004954,
              40.6796934991952
            ],
            [
              38.89854350039625,
              40.71481399902127
            ],
            [
              38.922432999309436,
              40.760594998477515
            ],
            [
              38.974216372719404,
              40.754974140914335
            ],
            [
              39.02284650007329,
              40.77001749892586
            ],
            [
              39.065866999730716,
              40.80228299893198
            ],
            [
              39.115931000259756,
              40.801521998651914
            ],
            [
              39.1706140010827,
              40.79851099981005
            ]
          ]
        ]
      }
    },
    {
      "type": "Feature",
      "properties": {},
      "geometry": {
        "type": "Polygon",
        "coordinates": [
          [
            [
              41.81037085965084,
              37.69076232376582
            ],
            [
              41.773696262670704,
              37.73069251804192
            ],
            [
              41.759057530187704,
              37.67388706385976
            ],
            [
              41.72115151368332,
              37.71381725788773
            ],
            [
              41.67538650036104,
              37.73532249876454
            ],
            [
              41.69111099988591,
              37.78643699844929
            ],
            [
              41.69753549894289,
              37.83644149889187
            ],
            [
              41.65791749980624,
              37.86867099906679
            ],
            [
              41.608448499275376,
              37.880877499470806
            ],
            [
              41.557159501165906,
              37.88151999867141
            ],
            [
              41.5021225002964,
              37.88034249880512
            ],
            [
              41.44173199876407,
              37.89351249939088
            ],
            [
              41.40372000045078,
              37.92991849860745
            ],
            [
              41.39429362093248,
              37.98477205278268
            ],
            [
              41.43787699957437,
              38.01033249910973
            ],
            [
              41.478970451316165,
              38.04027820366335
            ],
            [
              41.52993393469973,
              38.041381334223175
            ],
            [
              41.57055600056815,
              38.076504999201326
            ],
            [
              41.619287000159254,
              38.09258999955771
            ],
            [
              41.64707900034084,
              38.135800999016865
            ],
            [
              41.64479500128338,
              38.18910099953167
            ],
            [
              41.64298650055866,
              38.24458999935159
            ],
            [
              41.69514450004229,
              38.24658899823826
            ],
            [
              41.74768699988415,
              38.23555699959624
            ],
            [
              41.80278249964341,
              38.227257499969454
            ],
            [
              41.8464340003116,
              38.19691699934736
            ],
            [
              41.895671001180965,
              38.18549849835757
            ],
            [
              41.9460950007978,
              38.174810499374665
            ],
            [
              41.99606249820415,
              38.169238499507124
            ],
            [
              42.044868111536864,
              38.19250041503213
            ],
            [
              42.102209000830356,
              38.20815249983904
            ],
            [
              42.14788299966861,
              38.2367444987415
            ],
            [
              42.20278349996522,
              38.2366529995245
            ],
            [
              42.23990399977566,
              38.20148699938491
            ],
            [
              42.27019800060786,
              38.1610169990376
            ],
            [
              42.30226150068216,
              38.119453498547514
            ],
            [
              42.35177200046306,
              38.10757849881815
            ],
            [
              42.391965498652496,
              38.072957499464934
            ],
            [
              42.434990500809896,
              38.04217299838128
            ],
            [
              42.48413549958238,
              38.02536499861638
            ],
            [
              42.505328500566954,
              37.979599498403566
            ],
            [
              42.55547850020781,
              37.96827249942615
            ],
            [
              42.610926999822354,
              37.97576299896233
            ],
            [
              42.65497549915336,
              38.00024849943429
            ],
            [
              42.70510649916195,
              38.01622999810796
            ],
            [
              42.75699250089314,
              37.99001349967493
            ],
            [
              42.76996399941392,
              37.938766998143045
            ],
            [
              42.817281999646006,
              37.89071799913091
            ],
            [
              42.83573449978965,
              37.84065899871059
            ],
            [
              42.86834599923669,
              37.79416299898777
            ],
            [
              42.87457199961509,
              37.74177349909597
            ],
            [
              42.86687349967895,
              37.691450999426
            ],
            [
              42.81663200055566,
              37.67573049848365
            ],
            [
              42.764931999910964,
              37.675649498741066
            ],
            [
              42.71396100071456,
              37.673461498980544
            ],
            [
              42.66177449928043,
              37.68310449986189
            ],
            [
              42.59889150088201,
              37.7006889990906
            ],
            [
              42.54159999904509,
              37.71276299978034
            ],
            [
              42.487225500303104,
              37.7079009990583
            ],
            [
              42.435200999553786,
              37.692180498524266
            ],
            [
              42.386310000080414,
              37.67208399857112
            ],
            [
              42.3516540010588,
              37.63388949921402
            ],
            [
              42.30392449957243,
              37.60965999890044
            ],
            [
              42.25724849946893,
              37.57756999881237
            ],
            [
              42.209491638232265,
              37.6033940886573
            ],
            [
              42.157494999620795,
              37.61249599831229
            ],
            [
              42.10728049980263,
              37.623476998929675
            ],
            [
              42.05117699906435,
              37.62270649973645
            ],
            [
              41.99518199957893,
              37.615332498530194
            ],
            [
              41.94437299946991,
              37.62538049937383
            ],
            [
              41.8955899999107,
              37.65819999915209
            ],
            [
              41.82925850134559,
              37.642232498873824
            ],
            [
              41.81037085965084,
              37.69076232376582
            ]
          ]
        ]
      }
    },
    {
      "type": "Feature",
      "properties": {},
      "geometry": {
        "type": "Polygon",
        "coordinates": [
          [
            [
              41.72115151368332,
              37.71381725788773
            ],
            [
              41.759057530187704,
              37.67388706385976
            ],
            [
              41.81037085965084,
              37.69076232376582
            ],
            [
              41.82925850134559,
              37.642232498873824
            ],
            [
              41.86867700000158,
              37.60950549906145
            ],
            [
              41.892822500457,
              37.56535999846285
            ],
            [
              41.855440499826386,
              37.53154199856756
            ],
            [
              41.85507700010034,
              37.48099649907552
            ],
            [
              41.85820400015658,
              37.431032998582495
            ],
            [
              41.81755349928981,
              37.40188649956896
            ],
            [
              41.76860850126784,
              37.41306949845354
            ],
            [
              41.718449000016,
              37.42932649888207
            ],
            [
              41.66122849957712,
              37.41762999882788
            ],
            [
              41.613589000363746,
              37.43835249929225
            ],
            [
              41.591061499609964,
              37.39264849896803
            ],
            [
              41.573477000435815,
              37.3432984997474
            ],
            [
              41.55621650043466,
              37.2921654986919
            ],
            [
              41.589359499789644,
              37.250594498983716
            ],
            [
              41.63862900013062,
              37.22960649929186
            ],
            [
              41.671772000176,
              37.19108799869347
            ],
            [
              41.66734199875785,
              37.139225498585
            ],
            [
              41.62238716874474,
              37.11044539228982
            ],
            [
              41.57110713149231,
              37.092690387679106
            ],
            [
              41.51589022675277,
              37.07803076002144
            ],
            [
              41.46134684788108,
              37.07975972044701
            ],
            [
              41.401846219822225,
              37.07929149154625
            ],
            [
              41.34747995541652,
              37.07900463032131
            ],
            [
              41.294254087620736,
              37.08013766387132
            ],
            [
              41.243015490474995,
              37.07588928560401
            ],
            [
              41.19335873465389,
              37.0823108083689
            ],
            [
              41.14460620558396,
              37.097397893730594
            ],
            [
              41.093540602209,
              37.10113959994233
            ],
            [
              41.04145909355881,
              37.11068748875168
            ],
            [
              40.98658105552353,
              37.115836931138055
            ],
            [
              40.92929983961303,
              37.12821828803889
            ],
            [
              40.87583366290518,
              37.129071813643485
            ],
            [
              40.82707743342296,
              37.10903003529879
            ],
            [
              40.77483826595482,
              37.12327904233967
            ],
            [
              40.7259600098787,
              37.10857589199798
            ],
            [
              40.675563751592,
              37.09104044366481
            ],
            [
              40.62489163103637,
              37.06839874788276
            ],
            [
              40.571865258214814,
              37.049648135083906
            ],
            [
              40.519893227039994,
              37.02688434396414
            ],
            [
              40.467206111596894,
              37.02139220697646
            ],
            [
              40.417819919430556,
              37.01186698376312
            ],
            [
              40.37713830802934,
              36.978280298065386
            ],
            [
              40.32445215197841,
              36.94983740527872
            ],
            [
              40.278042756066654,
              36.926682166729485
            ],
            [
              40.228772379674076,
              36.96097003353736
            ],
            [
              40.18000264158725,
              36.97686247847031
            ],
            [
              40.15750763019934,
              37.02386452713942
            ],
            [
              40.15133829880893,
              37.07753113486297
            ],
            [
              40.119908403331294,
              37.11860802686311
            ],
            [
              40.1019516938235,
              37.16601122420893
            ],
            [
              40.05292231105201,
              37.179752367473625
            ],
            [
              40.014912577179786,
              37.21889006121515
            ],
            [
              40.00361167817277,
              37.275714830857574
            ],
            [
              39.97807881521699,
              37.32761670354177
            ],
            [
              39.95163258485708,
              37.38413982684245
            ],
            [
              39.922546500539134,
              37.435450998565486
            ],
            [
              39.883489499294974,
              37.48132799854113
            ],
            [
              39.931484500894854,
              37.5180604990868
            ],
            [
              39.994564998688006,
              37.51062099968658
            ],
            [
              40.04416150011454,
              37.53820899944722
            ],
            [
              40.094300499806046,
              37.539835998345545
            ],
            [
              40.15156900148894,
              37.55153799940552
            ],
            [
              40.21154950012704,
              37.53138949868635
            ],
            [
              40.25579899943578,
              37.50790849848322
            ],
            [
              40.30345799952166,
              37.52697199951318
            ],
            [
              40.35165949974148,
              37.54053349884058
            ],
            [
              40.403581000448916,
              37.56099199865057
            ],
            [
              40.437213499645964,
              37.60020449953137
            ],
            [
              40.487322568129755,
              37.601034085158346
            ],
            [
              40.539274000532785,
              37.598189497994944
            ],
            [
              40.595534999832154,
              37.60679149853353
            ],
            [
              40.63993950105784,
              37.63639449902152
            ],
            [
              40.64001699997873,
              37.69079549933546
            ],
            [
              40.694185499380204,
              37.71342399937922
            ],
            [
              40.73448250027668,
              37.68382099888614
            ],
            [
              40.789116000713335,
              37.66615249840103
            ],
            [
              40.83925500079962,
              37.650885998477506
            ],
            [
              40.896911000798106,
              37.64918099799524
            ],
            [
              40.953249499921135,
              37.67514149930267
            ],
            [
              40.99153199955926,
              37.71117649875849
            ],
            [
              41.01599749958611,
              37.776334998459205
            ],
            [
              41.04438299976616,
              37.734424998987585
            ],
            [
              41.08326450076631,
              37.671349498865986
            ],
            [
              41.10681350086008,
              37.62658099864267
            ],
            [
              41.120615000811135,
              37.576895498394876
            ],
            [
              41.146751500322694,
              37.52884899856667
            ],
            [
              41.19358999912137,
              37.501849999244
            ],
            [
              41.250349000198405,
              37.51047599945202
            ],
            [
              41.30227699998132,
              37.51133849937184
            ],
            [
              41.35938049927827,
              37.50650799890426
            ],
            [
              41.41268899924125,
              37.505817999143595
            ],
            [
              41.46478949963724,
              37.50642199931303
            ],
            [
              41.5134395000899,
              37.5243639987076
            ],
            [
              41.56260749989271,
              37.535232498615926
            ],
            [
              41.603580499284426,
              37.57042599877107
            ],
            [
              41.643345999683575,
              37.60432599829646
            ],
            [
              41.69277249979081,
              37.61519499930913
            ],
            [
              41.70898949996739,
              37.66272349942306
            ],
            [
              41.72115151368332,
              37.71381725788773
            ]
          ]
        ]
      }
    },
    {
      "type": "Feature",
      "properties": {},
      "geometry": {
        "type": "Polygon",
        "coordinates": [
          [
            [
              28.145773000284247,
              41.58377400026167
            ],
            [
              28.187694494667987,
              41.55333891665386
            ],
            [
              28.22944467683275,
              41.52227757482824
            ],
            [
              28.27367949005444,
              41.49594217017833
            ],
            [
              28.32499036045349,
              41.475484086838215
            ],
            [
              28.390051513704083,
              41.448496412062546
            ],
            [
              28.450018530915585,
              41.42503385403066
            ],
            [
              28.513559179542902,
              41.39934335462259
            ],
            [
              28.56449040342539,
              41.381981486091554
            ],
            [
              28.618958344649666,
              41.35608343411849
            ],
            [
              28.667665473802423,
              41.343999158858225
            ],
            [
              28.71630369427255,
              41.330105589545894
            ],
            [
              28.766107067852648,
              41.320317795741715
            ],
            [
              28.813449223551235,
              41.29402469424467
            ],
            [
              28.86277679164633,
              41.282931140506065
            ],
            [
              28.921648850972467,
              41.270145677839416
            ],
            [
              28.97018798788945,
              41.25386488051483
            ],
            [
              29.024562563924633,
              41.245548738050765
            ],
            [
              29.07873889856496,
              41.25243911721205
            ],
            [
              29.10696300942276,
              41.20914385525784
            ],
            [
              29.068492229147594,
              41.17266652643893
            ],
            [
              29.069315210379177,
              41.119804404065825
            ],
            [
              29.04351420496544,
              41.070755802760395
            ],
            [
              29.00011980553898,
              41.03874786278642
            ],
            [
              28.94927738431124,
              41.040583273326604
            ],
            [
              28.928549429899594,
              40.99211184706032
            ],
            [
              28.86984918281804,
              40.97346931082439
            ],
            [
              28.816281950589378,
              40.95584312487126
            ],
            [
              28.76997960235781,
              40.98043413439087
            ],
            [
              28.716583385719066,
              40.97142607448356
            ],
            [
              28.663635133034806,
              40.96251462038687
            ],
            [
              28.60917640021255,
              40.96399432598184
            ],
            [
              28.59361465518562,
              41.014691000107796
            ],
            [
              28.545390389721554,
              40.994261862310616
            ],
            [
              28.495661649511522,
              41.00778809297808
            ],
            [
              28.441552449996433,
              41.034462551357606
            ],
            [
              28.39183500360323,
              41.04868878399783
            ],
            [
              28.334189577598746,
              41.05770892582907
            ],
            [
              28.280124040969966,
              41.063765125071804
            ],
            [
              28.228773139070952,
              41.07841036822347
            ],
            [
              28.17535762039083,
              41.07343338932644
            ],
            [
              28.121883792950733,
              41.06264023191062
            ],
            [
              28.06911293917439,
              41.055278228705056
            ],
            [
              28.013245778895794,
              41.033972425170816
            ],
            [
              27.981615999617787,
              41.07323899999636
            ],
            [
              27.975704999774088,
              41.12334499993431
            ],
            [
              28.007518000062717,
              41.16211499968568
            ],
            [
              28.00735000044641,
              41.212147999671934
            ],
            [
              28.030904000354177,
              41.2565229997131
            ],
            [
              28.07201900028574,
              41.28503899971497
            ],
            [
              28.083039000485055,
              41.33425100036064
            ],
            [
              28.09691699994993,
              41.38253799963057
            ],
            [
              28.111404999933562,
              41.43043500029895
            ],
            [
              28.096068999853497,
              41.47880600021326
            ],
            [
              28.11579200007576,
              41.52544299960859
            ],
            [
              28.145773000284247,
              41.58377400026167
            ]
          ]
        ]
      }
    },
    {
      "type": "Feature",
      "properties": {},
      "geometry": {
        "type": "Polygon",
        "coordinates": [
          [
            [
              38.67296499863944,
              39.04901649976066
            ],
            [
              38.72339300011962,
              39.015127999520665
            ],
            [
              38.7741859996119,
              39.00476199976681
            ],
            [
              38.793659499505296,
              38.958204499137054
            ],
            [
              38.74931250018148,
              38.92255899860993
            ],
            [
              38.79665300114247,
              38.87857599787746
            ],
            [
              38.84701600023747,
              38.87706499912131
            ],
            [
              38.9081224992133,
              38.88696950012826
            ],
            [
              38.9599770004107,
              38.89439899948281
            ],
            [
              39.02144349967482,
              38.89240649890046
            ],
            [
              39.08116149902521,
              38.889705999225036
            ],
            [
              39.13388499931234,
              38.87833199867972
            ],
            [
              39.18406300171865,
              38.86180049912364
            ],
            [
              39.24988900037644,
              38.859440998788024
            ],
            [
              39.29825550001165,
              38.8291234994729
            ],
            [
              39.35794649964303,
              38.81355199858452
            ],
            [
              39.38751250017842,
              38.77133099951642
            ],
            [
              39.43627700104787,
              38.78488599919451
            ],
            [
              39.490305999018474,
              38.766128999373834
            ],
            [
              39.52215700145756,
              38.80847949880122
            ],
            [
              39.57123149980607,
              38.819568498648565
            ],
            [
              39.62186400029173,
              38.820637499782855
            ],
            [
              39.67173750069922,
              38.80950149923173
            ],
            [
              39.72180150086224,
              38.813879999165096
            ],
            [
              39.76529799893374,
              38.84062499892189
            ],
            [
              39.81328599972225,
              38.857653498616145
            ],
            [
              39.85055850081977,
              38.89129599863514
            ],
            [
              39.867944499797495,
              38.93869399897955
            ],
            [
              39.887589499673446,
              38.98560749811252
            ],
            [
              39.87927950054384,
              39.03506249843797
            ],
            [
              39.93299150070069,
              39.10323949904146
            ],
            [
              39.9834735004822,
              39.097364499258546
            ],
            [
              40.03348300109385,
              39.10307249949153
            ],
            [
              40.078830999208506,
              39.127425998718905
            ],
            [
              40.119166500446596,
              39.15751299843168
            ],
            [
              40.1694209988149,
              39.17045699966412
            ],
            [
              40.223481999923166,
              39.172455999776055
            ],
            [
              40.29914900070487,
              39.139809998438956
            ],
            [
              40.27954200037369,
              39.09164949912546
            ],
            [
              40.24927549891883,
              39.049865998538756
            ],
            [
              40.24156600063475,
              38.999897497864616
            ],
            [
              40.228799999471285,
              38.95064649882088
            ],
            [
              40.23270199998778,
              38.89753699992024
            ],
            [
              40.251262000947975,
              38.84518899929293
            ],
            [
              40.30065950117531,
              38.83690849910084
            ],
            [
              40.33920700059104,
              38.80264399891659
            ],
            [
              40.31645949934456,
              38.75372249987279
            ],
            [
              40.267917999656234,
              38.72945199862316
            ],
            [
              40.22746750021591,
              38.69632999891239
            ],
            [
              40.176166001113344,
              38.68129149867078
            ],
            [
              40.14780299983905,
              38.63712899904322
            ],
            [
              40.173025500039145,
              38.59201449930811
            ],
            [
              40.21918700104895,
              38.56898099903489
            ],
            [
              40.24869200138125,
              38.527863999115546
            ],
            [
              40.29247449924362,
              38.49988149914077
            ],
            [
              40.25846799894847,
              38.46204749868842
            ],
            [
              40.208323499379965,
              38.46586949880514
            ],
            [
              40.15719600026402,
              38.45994199946597
            ],
            [
              40.10990100020631,
              38.476865499580356
            ],
            [
              40.055927999520456,
              38.47686549826415
            ],
            [
              40.0015894998467,
              38.46918149880762
            ],
            [
              39.94779950000428,
              38.455642498558184
            ],
            [
              39.90462100053431,
              38.428015498343655
            ],
            [
              39.87598799967676,
              38.386392499152095
            ],
            [
              39.826575999189586,
              38.373961499142936
            ],
            [
              39.77631299867295,
              38.373303499154574
            ],
            [
              39.731674151141426,
              38.350090090693705
            ],
            [
              39.6809014587637,
              38.34558096052867
            ],
            [
              39.63301850134632,
              38.32574149831146
            ],
            [
              39.58892499972319,
              38.29729149883403
            ],
            [
              39.54848999948781,
              38.26602549911095
            ],
            [
              39.493054499986634,
              38.26893249896629
            ],
            [
              39.45124849931249,
              38.30506699854036
            ],
            [
              39.4021240000662,
              38.31723399938572
            ],
            [
              39.34778499881134,
              38.33772499976553
            ],
            [
              39.29701399995468,
              38.34357999913042
            ],
            [
              39.256570717702765,
              38.313842683837464
            ],
            [
              39.20651875804615,
              38.30518950282934
            ],
            [
              39.15193450012951,
              38.30058299895812
            ],
            [
              39.11381949942243,
              38.339487999012015
            ],
            [
              39.058161999458086,
              38.33869849940322
            ],
            [
              39.00737300041736,
              38.332514499484766
            ],
            [
              38.95618950130038,
              38.32527799914986
            ],
            [
              38.913557998932525,
              38.35685649913186
            ],
            [
              38.87263749962376,
              38.39040899908126
            ],
            [
              38.83092750015346,
              38.41856649910764
            ],
            [
              38.77461200051571,
              38.43290849853297
            ],
            [
              38.7234284990831,
              38.41698749881269
            ],
            [
              38.66224499965385,
              38.433829499551784
            ],
            [
              38.60514000027592,
              38.44856599959387
            ],
            [
              38.55435100034835,
              38.46382899896017
            ],
            [
              38.484353499675436,
              38.47280999888102
            ],
            [
              38.43934189533646,
              38.50017644742719
            ],
            [
              38.39079999955443,
              38.52290749972713
            ],
            [
              38.359616000386936,
              38.56816999988089
            ],
            [
              38.36343199955537,
              38.63316949861971
            ],
            [
              38.40277349980314,
              38.6751429995489
            ],
            [
              38.45803600024476,
              38.694352999609734
            ],
            [
              38.467114998992386,
              38.744484498269486
            ],
            [
              38.51829899953587,
              38.756983998975535
            ],
            [
              38.56921950114611,
              38.75343149839521
            ],
            [
              38.62198199889007,
              38.745273998813396
            ],
            [
              38.636379500257,
              38.79320199947747
            ],
            [
              38.62533399915078,
              38.84691149866372
            ],
            [
              38.593258499756,
              38.887076499953025
            ],
            [
              38.5900225003128,
              38.94313699887241
            ],
            [
              38.617433999082806,
              38.98729949945746
            ],
            [
              38.67296499863944,
              39.04901649976066
            ]
          ]
        ]
      }
    },
    {
      "type": "Feature",
      "properties": {},
      "geometry": {
        "type": "Polygon",
        "coordinates": [
          [
            [
              41.01599749958611,
              37.776334998459205
            ],
            [
              40.99153199955926,
              37.71117649875849
            ],
            [
              40.953249499921135,
              37.67514149930267
            ],
            [
              40.896911000798106,
              37.64918099799524
            ],
            [
              40.83925500079962,
              37.650885998477506
            ],
            [
              40.789116000713335,
              37.66615249840103
            ],
            [
              40.73448250027668,
              37.68382099888614
            ],
            [
              40.694185499380204,
              37.71342399937922
            ],
            [
              40.652028500212886,
              37.74085699932769
            ],
            [
              40.64001699997873,
              37.69079549933546
            ],
            [
              40.63993950105784,
              37.63639449902152
            ],
            [
              40.595534999832154,
              37.60679149853353
            ],
            [
              40.539274000532785,
              37.598189497994944
            ],
            [
              40.487322568129755,
              37.601034085158346
            ],
            [
              40.437213499645964,
              37.60020449953137
            ],
            [
              40.403581000448916,
              37.56099199865057
            ],
            [
              40.35165949974148,
              37.54053349884058
            ],
            [
              40.30345799952166,
              37.52697199951318
            ],
            [
              40.25579899943578,
              37.50790849848322
            ],
            [
              40.21154950012704,
              37.53138949868635
            ],
            [
              40.15156900148894,
              37.55153799940552
            ],
            [
              40.094300499806046,
              37.539835998345545
            ],
            [
              40.04416150011454,
              37.53820899944722
            ],
            [
              39.994564998688006,
              37.51062099968658
            ],
            [
              39.931484500894854,
              37.5180604990868
            ],
            [
              39.883489499294974,
              37.48132799854113
            ],
            [
              39.87377650080352,
              37.53216449910182
            ],
            [
              39.85926649972577,
              37.58176049893688
            ],
            [
              39.83675749904732,
              37.63205199832491
            ],
            [
              39.82833250031084,
              37.6851094989663
            ],
            [
              39.82241600009178,
              37.73546549924428
            ],
            [
              39.81189000005632,
              37.794632498757046
            ],
            [
              39.81139149951901,
              37.845376998815745
            ],
            [
              39.759213999990514,
              37.8619929988843
            ],
            [
              39.710363498942066,
              37.83724949943524
            ],
            [
              39.66808899904632,
              37.80680849884125
            ],
            [
              39.62247049993927,
              37.8274739991233
            ],
            [
              39.577281000898886,
              37.85722899921889
            ],
            [
              39.52891849969106,
              37.87815199934452
            ],
            [
              39.48612999943577,
              37.911507999767515
            ],
            [
              39.43279399940106,
              37.93397449902118
            ],
            [
              39.38365949922591,
              37.95978499903768
            ],
            [
              39.32509300034933,
              37.9641579992499
            ],
            [
              39.27595899911774,
              37.94580799899397
            ],
            [
              39.22305199967135,
              37.969216998466926
            ],
            [
              39.18232100116881,
              38.00257349993666
            ],
            [
              39.220651501732455,
              38.07019599885593
            ],
            [
              39.23759150113143,
              38.12024699990468
            ],
            [
              39.257611998542785,
              38.16747449882452
            ],
            [
              39.224597500509375,
              38.20558999916849
            ],
            [
              39.17596650009649,
              38.192547499021344
            ],
            [
              39.13759850049869,
              38.22935949928722
            ],
            [
              39.15193450012951,
              38.30058299895812
            ],
            [
              39.20651875804615,
              38.30518950282934
            ],
            [
              39.256570717702765,
              38.313842683837464
            ],
            [
              39.29701399995468,
              38.34357999913042
            ],
            [
              39.34778499881134,
              38.33772499976553
            ],
            [
              39.4021240000662,
              38.31723399938572
            ],
            [
              39.45124849931249,
              38.30506699854036
            ],
            [
              39.493054499986634,
              38.26893249896629
            ],
            [
              39.54848999948781,
              38.26602549911095
            ],
            [
              39.58892499972319,
              38.29729149883403
            ],
            [
              39.63301850134632,
              38.32574149831146
            ],
            [
              39.6809014587637,
              38.34558096052867
            ],
            [
              39.731674151141426,
              38.350090090693705
            ],
            [
              39.77631299867295,
              38.373303499154574
            ],
            [
              39.826575999189586,
              38.373961499142936
            ],
            [
              39.87598799967676,
              38.386392499152095
            ],
            [
              39.90462100053431,
              38.428015498343655
            ],
            [
              39.94779950000428,
              38.455642498558184
            ],
            [
              40.0015894998467,
              38.46918149880762
            ],
            [
              40.055927999520456,
              38.47686549826415
            ],
            [
              40.10990100020631,
              38.476865499580356
            ],
            [
              40.15719600026402,
              38.45994199946597
            ],
            [
              40.208323499379965,
              38.46586949880514
            ],
            [
              40.25846799894847,
              38.46204749868842
            ],
            [
              40.29247449924362,
              38.49988149914077
            ],
            [
              40.345399999117404,
              38.48769849873501
            ],
            [
              40.354883001048165,
              38.53715049965981
            ],
            [
              40.399250999696335,
              38.5616669982188
            ],
            [
              40.43959350032155,
              38.59386799889476
            ],
            [
              40.48011849986257,
              38.62460499955585
            ],
            [
              40.522473499637734,
              38.59798449903604
            ],
            [
              40.57690399880477,
              38.59139799894694
            ],
            [
              40.63270649845284,
              38.58883649891344
            ],
            [
              40.66884100003172,
              38.62442199850434
            ],
            [
              40.71567850003411,
              38.60146049898654
            ],
            [
              40.76489450095697,
              38.59094049901132
            ],
            [
              40.80814406241932,
              38.56569199987094
            ],
            [
              40.84777499926143,
              38.597343999783845
            ],
            [
              40.89168500144079,
              38.62451349849337
            ],
            [
              40.931113000529045,
              38.65799499966002
            ],
            [
              40.98014600016074,
              38.67500999990688
            ],
            [
              41.03347850032239,
              38.683334999491564
            ],
            [
              41.08004150066254,
              38.70172249901019
            ],
            [
              41.12066878441178,
              38.65740431406547
            ],
            [
              41.166341841449864,
              38.63701778074911
            ],
            [
              41.21232283301345,
              38.65671012286593
            ],
            [
              41.24589399986525,
              38.61792699843518
            ],
            [
              41.283034499968885,
              38.580145999022704
            ],
            [
              41.29593299889725,
              38.53074699882198
            ],
            [
              41.338013499518105,
              38.4977229995628
            ],
            [
              41.31263325938851,
              38.45176736191623
            ],
            [
              41.268117391982294,
              38.42715331621645
            ],
            [
              41.23193153808387,
              38.391075689508256
            ],
            [
              41.20977002204047,
              38.34323991629195
            ],
            [
              41.183647184452,
              38.29393274805126
            ],
            [
              41.19802613372525,
              38.24553779994729
            ],
            [
              41.23160170195499,
              38.20106350784425
            ],
            [
              41.207836607822564,
              38.152459703423695
            ],
            [
              41.20557843453258,
              38.10240833774361
            ],
            [
              41.17554562316164,
              38.05920769126414
            ],
            [
              41.15531343064812,
              38.01241570525845
            ],
            [
              41.12256016790613,
              37.97268549215272
            ],
            [
              41.06916323346814,
              37.9554220700655
            ],
            [
              41.03008044546206,
              37.924048346361815
            ],
            [
              41.019465248454374,
              37.87381674527076
            ],
            [
              40.99664915214613,
              37.82528237873733
            ],
            [
              41.01599749958611,
              37.776334998459205
            ]
          ]
        ]
      }
    },
    {
      "type": "Feature",
      "properties": {},
      "geometry": {
        "type": "Polygon",
        "coordinates": [
          [
            [
              31.241413000645554,
              38.42793599980307
            ],
            [
              31.193079000088133,
              38.44572499799368
            ],
            [
              31.14861250048251,
              38.476640498599814
            ],
            [
              31.105100000630483,
              38.50444449894786
            ],
            [
              31.052704500190366,
              38.50650249850418
            ],
            [
              31.00879000001594,
              38.479651998601035
            ],
            [
              30.969995500157847,
              38.44723099955063
            ],
            [
              30.935366000421812,
              38.41114599891971
            ],
            [
              30.883672999774017,
              38.398649499338404
            ],
            [
              30.845630499790072,
              38.360155498970414
            ],
            [
              30.812356501248377,
              38.3226149991869
            ],
            [
              30.76683650021678,
              38.29380750001167
            ],
            [
              30.72186800069685,
              38.26856349897852
            ],
            [
              30.66902100097908,
              38.25215199940155
            ],
            [
              30.61958600145293,
              38.227359498708246
            ],
            [
              30.57947049943822,
              38.196106499686785
            ],
            [
              30.540417910542327,
              38.164166699718876
            ],
            [
              30.490995500637293,
              38.1803094983133
            ],
            [
              30.44237400009151,
              38.16557849925976
            ],
            [
              30.406740998410537,
              38.130246499196495
            ],
            [
              30.36920049932765,
              38.09652049903172
            ],
            [
              30.338335499941678,
              38.055115998968155
            ],
            [
              30.287394999983547,
              38.04347249872459
            ],
            [
              30.239114499517495,
              38.01903099957744
            ],
            [
              30.19996849953816,
              37.983949998695536
            ],
            [
              30.171469999289684,
              37.942662498560956
            ],
            [
              30.151369999639254,
              37.895485999509134
            ],
            [
              30.110768500494018,
              37.813278998874715
            ],
            [
              30.059576999737313,
              37.79019249869447
            ],
            [
              30.00658650068528,
              37.80187906646299
            ],
            [
              29.909480998706314,
              37.777026998597236
            ],
            [
              29.88516426511061,
              37.82297283664913
            ],
            [
              29.83177741582844,
              37.82090765284106
            ],
            [
              29.78092800015505,
              37.8468514992363
            ],
            [
              29.72914800111115,
              37.85421499920359
            ],
            [
              29.67942899979005,
              37.87444099879207
            ],
            [
              29.675935498111254,
              37.92685849871339
            ],
            [
              29.685753999712805,
              37.97656949886641
            ],
            [
              29.725783999973167,
              38.00945849893834
            ],
            [
              29.780538500286177,
              38.03231700002545
            ],
            [
              29.80364549988834,
              38.07757049932001
            ],
            [
              29.871139999824525,
              38.115127998883494
            ],
            [
              29.917074000025284,
              38.136962499297155
            ],
            [
              29.969113998183186,
              38.12704449895347
            ],
            [
              30.00839400088826,
              38.15989549937551
            ],
            [
              30.04753049974962,
              38.1926464985877
            ],
            [
              30.098683500156675,
              38.221003998728555
            ],
            [
              30.097584999638407,
              38.27586399947871
            ],
            [
              30.074457499812823,
              38.324705498787154
            ],
            [
              30.04360550104476,
              38.36498649826234
            ],
            [
              29.99857500086193,
              38.39487699870684
            ],
            [
              29.9500314989485,
              38.410119998882095
            ],
            [
              29.90086999996897,
              38.42316549863615
            ],
            [
              29.873268499998108,
              38.464980498845
            ],
            [
              29.818820000708335,
              38.47939949981473
            ],
            [
              29.785871500195874,
              38.531177499635774
            ],
            [
              29.827250499750335,
              38.56413149908151
            ],
            [
              29.868480500481947,
              38.59693649911217
            ],
            [
              29.90203099994978,
              38.63824099960307
            ],
            [
              29.897026499484937,
              38.6891074983717
            ],
            [
              29.93298149952745,
              38.72405599894109
            ],
            [
              29.980343999655002,
              38.745584499089624
            ],
            [
              30.013348500692935,
              38.80636199974787
            ],
            [
              30.063770498838732,
              38.82854799857417
            ],
            [
              30.107204000533212,
              38.85606549958959
            ],
            [
              30.14895199988267,
              38.888640498786195
            ],
            [
              30.191239000839182,
              38.91575299952813
            ],
            [
              30.226984500019725,
              38.956353998366765
            ],
            [
              30.246921999887757,
              39.003239499116546
            ],
            [
              30.23838250069605,
              39.05610349890348
            ],
            [
              30.268260000861464,
              39.106011998841055
            ],
            [
              30.302341499782102,
              39.14609599929977
            ],
            [
              30.35245199973239,
              39.15054749932196
            ],
            [
              30.400944500182156,
              39.173275999119085
            ],
            [
              30.43837549925038,
              39.2255449988131
            ],
            [
              30.489565499517443,
              39.22001449927838
            ],
            [
              30.517554500492867,
              39.176108498571224
            ],
            [
              30.545779998520292,
              39.128897999801296
            ],
            [
              30.58832550089461,
              39.09850299852129
            ],
            [
              30.64007180944589,
              39.09708699892888
            ],
            [
              30.680993499912457,
              39.06822099889399
            ],
            [
              30.731930499348568,
              39.058727999115035
            ],
            [
              30.785143499604708,
              39.071879998352955
            ],
            [
              30.82022149960606,
              39.10805849888919
            ],
            [
              30.87301249870375,
              39.11823099886082
            ],
            [
              30.914560499550095,
              39.14810699962892
            ],
            [
              30.933835000519895,
              39.201326498778855
            ],
            [
              30.985255000624544,
              39.19674299947388
            ],
            [
              31.021930499364313,
              39.160941998820626
            ],
            [
              31.056731999571603,
              39.20131149901891
            ],
            [
              31.094531500596386,
              39.235791999347775
            ],
            [
              31.136079499515013,
              39.26727399873416
            ],
            [
              31.188656499622645,
              39.259456998458575
            ],
            [
              31.236949999198167,
              39.238254498995694
            ],
            [
              31.28802800003486,
              39.232793499092054
            ],
            [
              31.328290499273727,
              39.185998998776334
            ],
            [
              31.37642350211194,
              39.16176299890894
            ],
            [
              31.42668050095147,
              39.14191699903068
            ],
            [
              31.460233000412316,
              39.10108349879351
            ],
            [
              31.514916000012292,
              39.097370999187426
            ],
            [
              31.56549549968408,
              39.07867049837706
            ],
            [
              31.59978850015989,
              39.036025499291895
            ],
            [
              31.65544399959466,
              39.015545999517165
            ],
            [
              31.67273706794762,
              38.9583269433759
            ],
            [
              31.629503498772763,
              38.926882498463414
            ],
            [
              31.63119000036472,
              38.872832998950585
            ],
            [
              31.627174500820566,
              38.818542498436685
            ],
            [
              31.597539499606036,
              38.7731669991448
            ],
            [
              31.558669000221403,
              38.74007849903388
            ],
            [
              31.57071549988307,
              38.689241998722615
            ],
            [
              31.622074500407265,
              38.66785199878235
            ],
            [
              31.59327000009866,
              38.622342499989145
            ],
            [
              31.53062799999711,
              38.59466349949918
            ],
            [
              31.48580129727477,
              38.56767343575065
            ],
            [
              31.382115498698397,
              38.50668349887841
            ],
            [
              31.33331099978495,
              38.478982999499806
            ],
            [
              31.28740599914906,
              38.45455799840618
            ],
            [
              31.241413000645554,
              38.42793599980307
            ]
          ]
        ]
      }
    },
    {
      "type": "Feature",
      "properties": {},
      "geometry": {
        "type": "Polygon",
        "coordinates": [
          [
            [
              28.152156003306004,
              36.42179702284698
            ],
            [
              28.20444490829947,
              36.433606026775294
            ],
            [
              28.215134259147202,
              36.358192518549664
            ],
            [
              28.197251311809257,
              36.310845910610155
            ],
            [
              28.16926585455575,
              36.267867266537046
            ],
            [
              28.14604584618648,
              36.22269065708511
            ],
            [
              28.11380400504847,
              36.182965954228784
            ],
            [
              28.078433678118287,
              36.14571958594852
            ],
            [
              28.097219523452544,
              36.09866075265363
            ],
            [
              28.05669930613617,
              36.06207161061058
            ],
            [
              28.007233979713646,
              36.069766634035894
            ],
            [
              27.95892336631391,
              36.04682690343443
            ],
            [
              27.92342649258797,
              36.01156663972518
            ],
            [
              27.894194640744256,
              35.96808046100603
            ],
            [
              27.854954512659052,
              35.92727068663838
            ],
            [
              27.80868717998051,
              35.898791067091146
            ],
            [
              27.7573584250696,
              35.90414590299169
            ],
            [
              27.72826943012152,
              35.951441406668174
            ],
            [
              27.749589555687724,
              35.99902640822996
            ],
            [
              27.760196298546216,
              36.048610775748294
            ],
            [
              27.75719478406454,
              36.09947107983446
            ],
            [
              27.7097715866254,
              36.11566304139911
            ],
            [
              27.719165387636533,
              36.16493766742963
            ],
            [
              27.76698229811074,
              36.187228208658134
            ],
            [
              27.789133194193248,
              36.23212697370265
            ],
            [
              27.820978270134514,
              36.27190760224272
            ],
            [
              27.86359370291798,
              36.29849549534705
            ],
            [
              27.904809542083996,
              36.334239674767765
            ],
            [
              27.952919607057517,
              36.34815384835551
            ],
            [
              28.000132451199953,
              36.370224911802644
            ],
            [
              28.04749204641701,
              36.39318996831888
            ],
            [
              28.10196671542403,
              36.41147834963152
            ],
            [
              28.152156003306004,
              36.42179702284698
            ]
          ]
        ]
      }
    },
    {
      "type": "Feature",
      "properties": {},
      "geometry": {
        "type": "Polygon",
        "coordinates": [
          [
            [
              29.11391349872136,
              38.83981049947015
            ],
            [
              29.08030049992627,
              38.80244799892012
            ],
            [
              29.055493499854073,
              38.758904500048004
            ],
            [
              29.020125999316573,
              38.722677998731676
            ],
            [
              28.968455000688657,
              38.70950899975878
            ],
            [
              28.920459999735016,
              38.69012699831067
            ],
            [
              28.873427000009496,
              38.670350998527674
            ],
            [
              28.838644498406552,
              38.63394999911681
            ],
            [
              28.821248499492462,
              38.586522999046835
            ],
            [
              28.81891500003517,
              38.53565499873966
            ],
            [
              28.81675649910089,
              38.48472799915508
            ],
            [
              28.810339500247963,
              38.433976499100105
            ],
            [
              28.77755500062457,
              38.39413299940937
            ],
            [
              28.79237250084832,
              38.34530649946721
            ],
            [
              28.827082000279077,
              38.30896349890277
            ],
            [
              28.85193300074407,
              38.26427849957311
            ],
            [
              28.802823500557853,
              38.198303498842215
            ],
            [
              28.758053500282866,
              38.1729044984116
            ],
            [
              28.72141850004349,
              38.13585949904028
            ],
            [
              28.6780529993734,
              38.10730049970699
            ],
            [
              28.629591000004375,
              38.085662499123615
            ],
            [
              28.532790500345744,
              38.10132099842939
            ],
            [
              28.484066000794908,
              38.121312499020156
            ],
            [
              28.455529500090016,
              38.17886499825898
            ],
            [
              28.498638999856464,
              38.20924349906798
            ],
            [
              28.47592600027475,
              38.254350498067225
            ],
            [
              28.42441100151701,
              38.26376449833361
            ],
            [
              28.374203000820696,
              38.25461199953106
            ],
            [
              28.349011999638712,
              38.29810799905193
            ],
            [
              28.297845500131416,
              38.316412998779384
            ],
            [
              28.247725001137834,
              38.3271344987601
            ],
            [
              28.197248000165747,
              38.345594498784266
            ],
            [
              28.150273000096423,
              38.366533498489744
            ],
            [
              28.098496499521573,
              38.37551149882149
            ],
            [
              28.04785300061496,
              38.3976519981374
            ],
            [
              27.997994000396485,
              38.40436349966684
            ],
            [
              27.947873500559517,
              38.396257499185445
            ],
            [
              27.898275500298784,
              38.40697849903027
            ],
            [
              27.888585499433358,
              38.355027498560005
            ],
            [
              27.84848950080386,
              38.325042499821926
            ],
            [
              27.797119500338855,
              38.334456499301375
            ],
            [
              27.746795500305357,
              38.329807498777974
            ],
            [
              27.701221499712272,
              38.35065049864412
            ],
            [
              27.71066499897153,
              38.400353999697764
            ],
            [
              27.695061998974662,
              38.44794699960742
            ],
            [
              27.65156650009434,
              38.47366099862976
            ],
            [
              27.60005100017155,
              38.481505999359655
            ],
            [
              27.55237100020877,
              38.46555449877122
            ],
            [
              27.501640499816762,
              38.48917649873869
            ],
            [
              27.470086000372653,
              38.53031899867299
            ],
            [
              27.421186000349984,
              38.54705499953644
            ],
            [
              27.368276000238165,
              38.53833799958798
            ],
            [
              27.314581499606366,
              38.542086498605954
            ],
            [
              27.2651584995377,
              38.55951949863597
            ],
            [
              27.239270001002634,
              38.60231799866424
            ],
            [
              27.23857300029884,
              38.65522799846156
            ],
            [
              27.223144500142514,
              38.70325649870211
            ],
            [
              27.18043300013473,
              38.73306749966374
            ],
            [
              27.1330144997287,
              38.75119799902601
            ],
            [
              27.10041449995773,
              38.78946399908592
            ],
            [
              27.134321998806637,
              38.82912449899194
            ],
            [
              27.165527499783188,
              38.869395498803115
            ],
            [
              27.218785999628622,
              38.873666498356855
            ],
            [
              27.257661999198216,
              38.91245549923529
            ],
            [
              27.310223499580164,
              38.917162498665824
            ],
            [
              27.362610500975244,
              38.927970999002
            ],
            [
              27.41491000100548,
              38.92422299927248
            ],
            [
              27.46197999957525,
              38.94130749932342
            ],
            [
              27.474096000576797,
              38.99195099978041
            ],
            [
              27.51645850020141,
              39.01993149953419
            ],
            [
              27.513059000377503,
              39.07083649858751
            ],
            [
              27.50388350010916,
              39.121854999276984
            ],
            [
              27.45971349906602,
              39.155997998707136
            ],
            [
              27.470435000550502,
              39.20794899848398
            ],
            [
              27.487170999136982,
              39.25519299963896
            ],
            [
              27.446290000812755,
              39.28622449957998
            ],
            [
              27.415642999282316,
              39.326320498672956
            ],
            [
              27.388996499713368,
              39.37232299879843
            ],
            [
              27.427455000470932,
              39.40653599831794
            ],
            [
              27.477750000551485,
              39.40465149903523
            ],
            [
              27.553110999996072,
              39.37606400013197
            ],
            [
              27.596688998549737,
              39.3500969991722
            ],
            [
              27.647885000802496,
              39.33477899846786
            ],
            [
              27.69670600068413,
              39.34763949841133
            ],
            [
              27.747984000537638,
              39.35329149873844
            ],
            [
              27.787957998709796,
              39.32290149910996
            ],
            [
              27.840137000752293,
              39.318969999423814
            ],
            [
              27.88797499996442,
              39.34493649926346
            ],
            [
              27.940890999510337,
              39.33420599953346
            ],
            [
              27.972100499518806,
              39.29390399811118
            ],
            [
              27.968578000137626,
              39.243444999288826
            ],
            [
              27.99413500122795,
              39.196016998720324
            ],
            [
              28.042956000807365,
              39.183975499187824
            ],
            [
              28.090465999758262,
              39.16251449898447
            ],
            [
              28.123641000727506,
              39.11991899909577
            ],
            [
              28.151081998890387,
              39.07773349819263
            ],
            [
              28.206538000944864,
              39.07945349944555
            ],
            [
              28.257652000302816,
              39.0708524990635
            ],
            [
              28.312698499427484,
              39.06683899876081
            ],
            [
              28.36053600020025,
              39.09108549897867
            ],
            [
              28.41238749957069,
              39.09968649821413
            ],
            [
              28.46194549876609,
              39.11778949948492
            ],
            [
              28.51289599972757,
              39.13949649918349
            ],
            [
              28.57056350071487,
              39.16333349791413
            ],
            [
              28.61938400061651,
              39.18045349883072
            ],
            [
              28.657883499911314,
              39.138267998948706
            ],
            [
              28.706131001117516,
              39.11705199817057
            ],
            [
              28.758964999953776,
              39.104764998492136
            ],
            [
              28.820482500722978,
              39.102143498565425
            ],
            [
              28.868975500240023,
              39.089037498769706
            ],
            [
              28.913700500005575,
              39.05905699864311
            ],
            [
              28.937128000097406,
              39.013594999218306
            ],
            [
              28.91722300060764,
              38.96395499879087
            ],
            [
              28.95056199953316,
              38.92512799882142
            ],
            [
              28.983013499777645,
              38.88491949859832
            ],
            [
              29.030751999770203,
              38.868698498731604
            ],
            [
              29.081022499855127,
              38.87752549958709
            ],
            [
              29.11391349872136,
              38.83981049947015
            ]
          ]
        ]
      }
    },
    {
      "type": "Feature",
      "properties": {},
      "geometry": {
        "type": "Polygon",
        "coordinates": [
          [
            [
              28.85193300074407,
              38.26427849957311
            ],
            [
              28.827082000279077,
              38.30896349890277
            ],
            [
              28.79237250084832,
              38.34530649946721
            ],
            [
              28.77755500062457,
              38.39413299940937
            ],
            [
              28.810339500247963,
              38.433976499100105
            ],
            [
              28.81675649910089,
              38.48472799915508
            ],
            [
              28.81891500003517,
              38.53565499873966
            ],
            [
              28.821248499492462,
              38.586522999046835
            ],
            [
              28.838644498406552,
              38.63394999911681
            ],
            [
              28.873427000009496,
              38.670350998527674
            ],
            [
              28.920459999735016,
              38.69012699831067
            ],
            [
              28.968455000688657,
              38.70950899975878
            ],
            [
              29.020125999316573,
              38.722677998731676
            ],
            [
              29.055493499854073,
              38.758904500048004
            ],
            [
              29.08030049992627,
              38.80244799892012
            ],
            [
              29.11391349872136,
              38.83981049947015
            ],
            [
              29.197338499844985,
              38.84797849818793
            ],
            [
              29.245652999788593,
              38.83486699892425
            ],
            [
              29.248281000476183,
              38.78474349875182
            ],
            [
              29.297385500196523,
              38.80000549872791
            ],
            [
              29.342082000173374,
              38.824274999180474
            ],
            [
              29.372755001075404,
              38.86384849900581
            ],
            [
              29.41890999940059,
              38.884335998730705
            ],
            [
              29.467030500338208,
              38.8665859990392
            ],
            [
              29.51390400050095,
              38.88560449884436
            ],
            [
              29.562806999619813,
              38.897288998561
            ],
            [
              29.607261500856506,
              38.922954998235205
            ],
            [
              29.652051499473664,
              38.95158499870454
            ],
            [
              29.703159999966807,
              38.937437998554415
            ],
            [
              29.752591499325263,
              38.92384999897077
            ],
            [
              29.84955249953499,
              38.90590049929093
            ],
            [
              29.899878499720227,
              38.90606799952109
            ],
            [
              29.94410949985489,
              38.8812964995262
            ],
            [
              29.966532499990137,
              38.835835499138184
            ],
            [
              30.013348500692935,
              38.80636199974787
            ],
            [
              29.980343999655002,
              38.745584499089624
            ],
            [
              29.93298149952745,
              38.72405599894109
            ],
            [
              29.897026499484937,
              38.6891074983717
            ],
            [
              29.90203099994978,
              38.63824099960307
            ],
            [
              29.868480500481947,
              38.59693649911217
            ],
            [
              29.827250499750335,
              38.56413149908151
            ],
            [
              29.785871500195874,
              38.531177499635774
            ],
            [
              29.74822050021416,
              38.496433999239855
            ],
            [
              29.721976499854566,
              38.450432499153955
            ],
            [
              29.649134499431305,
              38.42224999902885
            ],
            [
              29.62369550014457,
              38.37662299915516
            ],
            [
              29.628630999460434,
              38.32502749870262
            ],
            [
              29.629227499645246,
              38.272017999039214
            ],
            [
              29.58469249954875,
              38.248233999080284
            ],
            [
              29.538541499622127,
              38.27529849915264
            ],
            [
              29.476733999041887,
              38.27298699934332
            ],
            [
              29.430955999947468,
              38.2978889990065
            ],
            [
              29.38488000090713,
              38.32450599926753
            ],
            [
              29.334106501041617,
              38.30855049940582
            ],
            [
              29.2848990009895,
              38.29058249974462
            ],
            [
              29.25447999970462,
              38.24965049937485
            ],
            [
              29.209522000634937,
              38.227656498805366
            ],
            [
              29.151740499960656,
              38.220349999971454
            ],
            [
              29.10506799960169,
              38.24085299974941
            ],
            [
              29.05482599945548,
              38.23289399897301
            ],
            [
              29.00349349967137,
              38.23770299897189
            ],
            [
              28.951098500801333,
              38.23283799917257
            ],
            [
              28.899687999650894,
              38.2414429989838
            ],
            [
              28.85193300074407,
              38.26427849957311
            ]
          ]
        ]
      }
    },
    {
      "type": "Feature",
      "properties": {},
      "geometry": {
        "type": "Polygon",
        "coordinates": [
          [
            [
              32.570316710429054,
              40.797374188679186
            ],
            [
              32.60892199994704,
              40.829336498705864
            ],
            [
              32.6590155002781,
              40.851222498451975
            ],
            [
              32.70849999934233,
              40.86739649925153
            ],
            [
              32.75962099961843,
              40.89618199902217
            ],
            [
              32.78417049887373,
              40.94268199882023
            ],
            [
              32.83875700053306,
              40.95683399969059
            ],
            [
              32.899505001151546,
              40.95770049931243
            ],
            [
              32.949471001007524,
              40.96569099908302
            ],
            [
              33.000206501251064,
              40.97791749933826
            ],
            [
              33.044106999141846,
              41.00689599835996
            ],
            [
              33.07905399992519,
              41.04347949874911
            ],
            [
              33.130120826010696,
              41.05899599525047
            ],
            [
              33.186151182491095,
              41.07209234856437
            ],
            [
              33.23723885246679,
              41.05307168808044
            ],
            [
              33.287561285276254,
              41.03769981419984
            ],
            [
              33.325431979117916,
              41.00415236401748
            ],
            [
              33.36834199849065,
              40.97618499897229
            ],
            [
              33.4181130012802,
              40.983944999036915
            ],
            [
              33.440835000376765,
              41.029399499510625
            ],
            [
              33.48740699902223,
              41.05546549884849
            ],
            [
              33.54033299969296,
              41.03625899848166
            ],
            [
              33.59650849936355,
              41.04160199839086
            ],
            [
              33.65261149994913,
              41.048461498596396
            ],
            [
              33.704165500320585,
              41.05647649867403
            ],
            [
              33.75521399976374,
              41.05163849885005
            ],
            [
              33.81030599931367,
              41.03611449831292
            ],
            [
              33.794908499734596,
              40.98392849920914
            ],
            [
              33.79555850092903,
              40.933096498063314
            ],
            [
              33.78234500041718,
              40.881470499104196
            ],
            [
              33.80206900099234,
              40.83318949876086
            ],
            [
              33.85396000083908,
              40.836558998561124
            ],
            [
              33.90421450013198,
              40.85042249938533
            ],
            [
              33.95514249853107,
              40.85446599848061
            ],
            [
              34.00366400049185,
              40.84060249940817
            ],
            [
              34.08707049995475,
              40.82691349948853
            ],
            [
              34.104074000645774,
              40.775903998521976
            ],
            [
              34.061560000088015,
              40.747004499352634
            ],
            [
              34.08248699898881,
              40.69680249914331
            ],
            [
              34.11982000086996,
              40.66161349984209
            ],
            [
              34.09971199934312,
              40.61489149946749
            ],
            [
              34.11516300019074,
              40.565877999569466
            ],
            [
              34.13733590340347,
              40.51895960824728
            ],
            [
              34.14173949946596,
              40.4689849992502
            ],
            [
              34.16404349998478,
              40.4241914993197
            ],
            [
              34.1316084992845,
              40.384880998502226
            ],
            [
              34.08964349939015,
              40.35049599882337
            ],
            [
              34.04948749942611,
              40.31400449930186
            ],
            [
              33.97126549957269,
              40.25040999927977
            ],
            [
              33.9189370002708,
              40.2706029995692
            ],
            [
              33.865714000842715,
              40.26899199892968
            ],
            [
              33.817742999085645,
              40.28972099923166
            ],
            [
              33.77887650002122,
              40.322705499545485
            ],
            [
              33.704504500473206,
              40.32872799942757
            ],
            [
              33.646381749547174,
              40.2860249977585
            ],
            [
              33.63620099949016,
              40.335673498660455
            ],
            [
              33.58396375772991,
              40.347940820617
            ],
            [
              33.53107100093771,
              40.34414549951028
            ],
            [
              33.47995048962135,
              40.358875407024684
            ],
            [
              33.42511049875988,
              40.3897309993993
            ],
            [
              33.3758669988531,
              40.398539999118405
            ],
            [
              33.3214992507419,
              40.38439224978349
            ],
            [
              33.290304499785286,
              40.33846549876387
            ],
            [
              33.237450998747256,
              40.340053998331804
            ],
            [
              33.20893000059856,
              40.38922549959581
            ],
            [
              33.176365500275566,
              40.4321149989334
            ],
            [
              33.141923999792695,
              40.47529349879652
            ],
            [
              33.088131499616324,
              40.489517498065
            ],
            [
              33.03816600038573,
              40.479408999312234
            ],
            [
              32.98522489012626,
              40.48999480800476
            ],
            [
              32.94645399963345,
              40.52184149925768
            ],
            [
              32.89552600011889,
              40.54619849892143
            ],
            [
              32.90559899998118,
              40.59716249894181
            ],
            [
              32.866556499926176,
              40.630790499220545
            ],
            [
              32.81600449966882,
              40.64998049866803
            ],
            [
              32.76719449979547,
              40.66576899935435
            ],
            [
              32.72473800038265,
              40.693302998498694
            ],
            [
              32.69479699949489,
              40.73691499796121
            ],
            [
              32.63617050553221,
              40.74985838718206
            ],
            [
              32.585237499928716,
              40.7488384991562
            ],
            [
              32.570316710429054,
              40.797374188679186
            ]
          ]
        ]
      }
    },
    {
      "type": "Feature",
      "properties": {},
      "geometry": {
        "type": "Polygon",
        "coordinates": [
          [
            [
              32.60892199994704,
              40.829336498705864
            ],
            [
              32.570316710429054,
              40.797374188679186
            ],
            [
              32.585237499928716,
              40.7488384991562
            ],
            [
              32.527390999991134,
              40.7157414982306
            ],
            [
              32.48974774979118,
              40.68264624902139
            ],
            [
              32.440798996065475,
              40.65983649503099
            ],
            [
              32.438797501408246,
              40.604800499050924
            ],
            [
              32.40573250080818,
              40.56070949887317
            ],
            [
              32.35326849915755,
              40.572209999367615
            ],
            [
              32.30137400067565,
              40.57753299891176
            ],
            [
              32.249290001113664,
              40.5610909994409
            ],
            [
              32.199100750281936,
              40.547778999570845
            ],
            [
              32.16202749869991,
              40.50766499935321
            ],
            [
              32.1185919999011,
              40.46945699846798
            ],
            [
              32.09071500087357,
              40.426635498936506
            ],
            [
              32.03138775095041,
              40.41106912364778
            ],
            [
              31.99658449980545,
              40.374201998588
            ],
            [
              31.950303500449337,
              40.35521299860032
            ],
            [
              31.9003334998099,
              40.335467498653884
            ],
            [
              31.852146001172127,
              40.31187249912796
            ],
            [
              31.79469150064959,
              40.320212998588815
            ],
            [
              31.739446499258705,
              40.3261294987443
            ],
            [
              31.69147399911175,
              40.309806499872344
            ],
            [
              31.64384349995871,
              40.29169949903387
            ],
            [
              31.5960671674823,
              40.270414930557635
            ],
            [
              31.543951500250397,
              40.27478149846387
            ],
            [
              31.492971998976234,
              40.302059498614305
            ],
            [
              31.448786681615257,
              40.33015441178544
            ],
            [
              31.414702500275453,
              40.37042049960603
            ],
            [
              31.361394500142126,
              40.36611949934586
            ],
            [
              31.31096150030089,
              40.358824998662485
            ],
            [
              31.259776170149486,
              40.34606399980229
            ],
            [
              31.20945349969041,
              40.33936449859287
            ],
            [
              31.155776998697966,
              40.34977199948737
            ],
            [
              31.105236999687932,
              40.35996549887978
            ],
            [
              31.066315999693295,
              40.325606499184445
            ],
            [
              31.051132999691095,
              40.26886499919492
            ],
            [
              31.04101049844963,
              40.2177544987595
            ],
            [
              30.98975750014931,
              40.21461799876336
            ],
            [
              30.9403225011123,
              40.201620998982406
            ],
            [
              30.895176500748192,
              40.179190499608346
            ],
            [
              30.846133499422614,
              40.15828049923852
            ],
            [
              30.795438998343972,
              40.147350498918314
            ],
            [
              30.743900999695228,
              40.1532669984207
            ],
            [
              30.6529430001432,
              40.1494174993004
            ],
            [
              30.59723950012613,
              40.14673199860482
            ],
            [
              30.60653749881531,
              40.22533449922953
            ],
            [
              30.574106249701043,
              40.26596149938996
            ],
            [
              30.573176499135002,
              40.316292498846224
            ],
            [
              30.577183647223247,
              40.3703665879608
            ],
            [
              30.576161949409716,
              40.42645897239456
            ],
            [
              30.569311410770048,
              40.48064998090304
            ],
            [
              30.625182500597163,
              40.499802499035546
            ],
            [
              30.679754499180063,
              40.498581999078326
            ],
            [
              30.732575499659774,
              40.49681799905934
            ],
            [
              30.78325800033984,
              40.50553249858912
            ],
            [
              30.838806791137145,
              40.51392514312113
            ],
            [
              30.87216649877359,
              40.552525999152856
            ],
            [
              30.874091000953122,
              40.60390349849963
            ],
            [
              30.910757800734636,
              40.649479699860635
            ],
            [
              30.93618999956706,
              40.69254649928764
            ],
            [
              30.96383149954336,
              40.637791498502736
            ],
            [
              31.015246999844567,
              40.65267699868082
            ],
            [
              31.064790500011572,
              40.663617498997176
            ],
            [
              31.119959500814957,
              40.6580664989886
            ],
            [
              31.169407000778808,
              40.64942599898362
            ],
            [
              31.213710000340257,
              40.626045999036
            ],
            [
              31.26436699894102,
              40.63368499869574
            ],
            [
              31.317150998061386,
              40.63898899917128
            ],
            [
              31.361722499649677,
              40.663627498999276
            ],
            [
              31.39303350088965,
              40.716068999568506
            ],
            [
              31.405096000099892,
              40.76688549959298
            ],
            [
              31.432385998604964,
              40.81299699890016
            ],
            [
              31.4786685003558,
              40.83789149913375
            ],
            [
              31.51733700091006,
              40.87228249976962
            ],
            [
              31.568923499966235,
              40.887424998949015
            ],
            [
              31.60690750003523,
              40.92361249855415
            ],
            [
              31.653673961274865,
              40.95595442494768
            ],
            [
              31.70323600083935,
              40.97006549856088
            ],
            [
              31.75020650050629,
              40.98844949854979
            ],
            [
              31.805625207818622,
              41.01409383014548
            ],
            [
              31.85596601487014,
              41.005429996744056
            ],
            [
              31.911063500572677,
              41.01227749969947
            ],
            [
              31.964747000450984,
              41.02584549860172
            ],
            [
              32.01927300043,
              41.02550849833883
            ],
            [
              32.079950999886215,
              41.01135049892238
            ],
            [
              32.130853499273265,
              41.00924349896085
            ],
            [
              32.18351300064398,
              41.01315099868321
            ],
            [
              32.23268749872075,
              41.02767349863045
            ],
            [
              32.28379200079709,
              41.02859249966851
            ],
            [
              32.320281998969605,
              40.98870199857789
            ],
            [
              32.36412549944802,
              40.96186249847571
            ],
            [
              32.35236000087183,
              40.91048249923548
            ],
            [
              32.368322501615026,
              40.86130799907896
            ],
            [
              32.426105499780185,
              40.86632349893597
            ],
            [
              32.47816199961146,
              40.88486099906073
            ],
            [
              32.524880001039335,
              40.866309999522564
            ],
            [
              32.60892199994704,
              40.829336498705864
            ]
          ]
        ]
      }
    },
    {
      "type": "Feature",
      "properties": {},
      "geometry": {
        "type": "Polygon",
        "coordinates": [
          [
            [
              26.937781941285692,
              42.001076963133514
            ],
            [
              26.986771000265342,
              41.96815700037141
            ],
            [
              26.974692000017484,
              41.91874199961218
            ],
            [
              26.95266100049496,
              41.873642999933494
            ],
            [
              26.98569300004957,
              41.83604200039139
            ],
            [
              27.013046000293603,
              41.79348800019635
            ],
            [
              26.990796000533113,
              41.74841399981242
            ],
            [
              26.96942600006807,
              41.702980000012694
            ],
            [
              26.939698000054506,
              41.66256300014813
            ],
            [
              26.981796999620816,
              41.63536299969033
            ],
            [
              26.992982999960056,
              41.586531999617435
            ],
            [
              26.95871399997297,
              41.549949000140536
            ],
            [
              26.948351999683425,
              41.500892000187996
            ],
            [
              26.913590000565055,
              41.4649060002781
            ],
            [
              26.879828999520733,
              41.42791700015774
            ],
            [
              26.892885999996224,
              41.37959899958099
            ],
            [
              26.917451999884896,
              41.335934999990656
            ],
            [
              26.924072999798767,
              41.28613299971491
            ],
            [
              26.95635799980836,
              41.247781999653405
            ],
            [
              26.941847000455066,
              41.199624000144944
            ],
            [
              26.912681999679936,
              41.15859200028813
            ],
            [
              26.870736999589457,
              41.12941799976203
            ],
            [
              26.823701000427654,
              41.11148800004486
            ],
            [
              26.79708800053306,
              41.068861000234754
            ],
            [
              26.74698599970647,
              41.07310599969086
            ],
            [
              26.699099999989393,
              41.05826400028809
            ],
            [
              26.73895600039435,
              41.0235789999143
            ],
            [
              26.737107999499138,
              40.97356300000248
            ],
            [
              26.73977700016059,
              40.923589000131734
            ],
            [
              26.713915000169003,
              40.88058399973102
            ],
            [
              26.72495800043198,
              40.83176199999961
            ],
            [
              26.77020899996747,
              40.80863999996397
            ],
            [
              26.804765999410215,
              40.72640400020428
            ],
            [
              26.754501999624267,
              40.71193000016506
            ],
            [
              26.70890399957537,
              40.69091900013386
            ],
            [
              26.67563616177109,
              40.63917047830867
            ],
            [
              26.6225436008181,
              40.63575184947729
            ],
            [
              26.574318056280216,
              40.61788049342494
            ],
            [
              26.52622482241179,
              40.59574871405227
            ],
            [
              26.477291549103455,
              40.61278202192456
            ],
            [
              26.424301455724112,
              40.6017524228774
            ],
            [
              26.36679120311151,
              40.60763101227526
            ],
            [
              26.31576260125619,
              40.59265601823332
            ],
            [
              26.26086031267562,
              40.59546020253353
            ],
            [
              26.20516291370644,
              40.59755470682015
            ],
            [
              26.152487165432824,
              40.58993077206123
            ],
            [
              26.10072346521406,
              40.601905208469105
            ],
            [
              26.0622113106357,
              40.638187220376984
            ],
            [
              26.054989289184697,
              40.6961253017456
            ],
            [
              26.089574870753005,
              40.7348701813054
            ],
            [
              26.127030338042186,
              40.77003645587121
            ],
            [
              26.15722368783277,
              40.811584457262406
            ],
            [
              26.20762634574184,
              40.82974002606878
            ],
            [
              26.221729020149123,
              40.88021406279585
            ],
            [
              26.262529864903158,
              40.91310333528671
            ],
            [
              26.310438924683094,
              40.931492263288504
            ],
            [
              26.3587942847961,
              40.94795011514938
            ],
            [
              26.327917850526475,
              40.98813257643009
            ],
            [
              26.36535597288423,
              41.02273700056765
            ],
            [
              26.325696924368152,
              41.05773031243992
            ],
            [
              26.33065489014551,
              41.110156829416965
            ],
            [
              26.312921316157368,
              41.16004391215225
            ],
            [
              26.322496067809357,
              41.21120620632856
            ],
            [
              26.345066568611664,
              41.25598130841075
            ],
            [
              26.398794810838343,
              41.253633386464
            ],
            [
              26.441684469501965,
              41.28174311848451
            ],
            [
              26.486341706504422,
              41.30711646037073
            ],
            [
              26.525327524673752,
              41.33917881789331
            ],
            [
              26.575731160549445,
              41.322629643564674
            ],
            [
              26.624960991413037,
              41.34205107746334
            ],
            [
              26.633610279957065,
              41.39261001225455
            ],
            [
              26.61179185380729,
              41.440544482151644
            ],
            [
              26.604822270686643,
              41.49423986630236
            ],
            [
              26.602678425794746,
              41.546262565904534
            ],
            [
              26.599348556541845,
              41.60146558826417
            ],
            [
              26.548408693447552,
              41.61606820130149
            ],
            [
              26.502923171321346,
              41.64254371444296
            ],
            [
              26.462178330474938,
              41.67311746931948
            ],
            [
              26.410751188428602,
              41.6838909607884
            ],
            [
              26.36565125605746,
              41.70987040044575
            ],
            [
              26.330428767657562,
              41.74711837023987
            ],
            [
              26.35280799656615,
              41.795943931108674
            ],
            [
              26.408758128661827,
              41.822693595468756
            ],
            [
              26.46070186623896,
              41.823023397163595
            ],
            [
              26.51072529515037,
              41.823148246224676
            ],
            [
              26.55766134269809,
              41.85115281947178
            ],
            [
              26.5794443365968,
              41.898673523672116
            ],
            [
              26.595640462097595,
              41.9526506716624
            ],
            [
              26.648041625061612,
              41.972547800967675
            ],
            [
              26.702403592730825,
              41.96597917584446
            ],
            [
              26.754873086365535,
              41.9592648458271
            ],
            [
              26.80023545645467,
              41.98135722356552
            ],
            [
              26.853522830465455,
              41.982473089311554
            ],
            [
              26.937781941285692,
              42.001076963133514
            ]
          ]
        ]
      }
    },
    {
      "type": "Feature",
      "properties": {},
      "geometry": {
        "type": "Polygon",
        "coordinates": [
          [
            [
              36.46784250051357,
              36.896344499257104
            ],
            [
              36.51902299934293,
              36.8797044983416
            ],
            [
              36.57391499921202,
              36.87488550013375
            ],
            [
              36.6238230001549,
              36.86382899882385
            ],
            [
              36.66359757996337,
              36.82955939310973
            ],
            [
              36.64380016061722,
              36.783022488832955
            ],
            [
              36.615080313627615,
              36.741213858983606
            ],
            [
              36.6128395876752,
              36.68941477517216
            ],
            [
              36.574318214910186,
              36.64920351987488
            ],
            [
              36.587340313681196,
              36.592072626178116
            ],
            [
              36.577059168123114,
              36.54106656300201
            ],
            [
              36.54558402611955,
              36.50056787853146
            ],
            [
              36.55534162504179,
              36.44775823274109
            ],
            [
              36.58381357712734,
              36.39756678049854
            ],
            [
              36.61865416763661,
              36.35751085923426
            ],
            [
              36.66407183193227,
              36.33033207595908
            ],
            [
              36.69651053187705,
              36.28948691248403
            ],
            [
              36.68211117889233,
              36.23874273491091
            ],
            [
              36.63006190094585,
              36.23959600166164
            ],
            [
              36.57719274853882,
              36.23188505913969
            ],
            [
              36.52524286860864,
              36.24238174654248
            ],
            [
              36.479556720875536,
              36.21523112699479
            ],
            [
              36.430126617892846,
              36.207244181804235
            ],
            [
              36.382040688361904,
              36.18645957090447
            ],
            [
              36.383199857866046,
              36.136231412373164
            ],
            [
              36.38887966602557,
              36.083172367956976
            ],
            [
              36.37855348273232,
              36.030650065541806
            ],
            [
              36.34418210046947,
              35.98997872018502
            ],
            [
              36.29638122038748,
              36.01062063952748
            ],
            [
              36.29743054292613,
              35.959269988731265
            ],
            [
              36.2426467545127,
              35.96132006162094
            ],
            [
              36.193429397815606,
              35.94403633089572
            ],
            [
              36.17442096426521,
              35.895268969401414
            ],
            [
              36.17025217284387,
              35.840246831445114
            ],
            [
              36.11648451314865,
              35.85731879772562
            ],
            [
              36.06761503283447,
              35.86892820939543
            ],
            [
              36.014262219270776,
              35.8803065590264
            ],
            [
              36.011931209561226,
              35.930301275365395
            ],
            [
              35.949931495168045,
              35.97731300606694
            ],
            [
              35.978539875392606,
              36.019995029123734
            ],
            [
              35.953356506849765,
              36.06621183463537
            ],
            [
              35.928359476329206,
              36.11014444171582
            ],
            [
              35.901089749522626,
              36.152501881385696
            ],
            [
              35.860972564639944,
              36.19795139689526
            ],
            [
              35.80261523897285,
              36.269788508628444
            ],
            [
              35.781285504520305,
              36.318939045705605
            ],
            [
              35.816881315539156,
              36.35787975440119
            ],
            [
              35.8606014838761,
              36.384164451772705
            ],
            [
              35.89896195843655,
              36.42048176477761
            ],
            [
              35.93216120615375,
              36.45870561107015
            ],
            [
              35.981506202920876,
              36.47430177616872
            ],
            [
              36.01858252598199,
              36.50965631789555
            ],
            [
              36.058064064982155,
              36.54110744972222
            ],
            [
              36.11334040803075,
              36.56792684795024
            ],
            [
              36.15844900195819,
              36.594669123782424
            ],
            [
              36.19782813862173,
              36.62873005737312
            ],
            [
              36.209675690025975,
              36.67803486876472
            ],
            [
              36.196134357067066,
              36.728488949592496
            ],
            [
              36.20407245915464,
              36.7821943957338
            ],
            [
              36.17404659236886,
              36.82248642806232
            ],
            [
              36.140454212301805,
              36.86273293997072
            ],
            [
              36.09911066725536,
              36.892463818043915
            ],
            [
              36.043493040583144,
              36.91956171674005
            ],
            [
              36.029217498769206,
              36.98182649888359
            ],
            [
              36.04973449971503,
              37.02824799843064
            ],
            [
              36.097534476131514,
              37.000190993291284
            ],
            [
              36.14915650048911,
              36.9976209966408
            ],
            [
              36.226215500439864,
              36.99896999846698
            ],
            [
              36.273215000121574,
              36.9786269982217
            ],
            [
              36.311796499185895,
              36.94411349928354
            ],
            [
              36.36321904564299,
              36.9267194305927
            ],
            [
              36.41402253103169,
              36.92652060627458
            ],
            [
              36.47214449935682,
              36.94682349959671
            ],
            [
              36.46784250051357,
              36.896344499257104
            ]
          ]
        ]
      }
    },
    {
      "type": "Feature",
      "properties": {},
      "geometry": {
        "type": "Polygon",
        "coordinates": [
          [
            [
              41.16239849983366,
              40.84498599974277
            ],
            [
              41.20008900078087,
              40.879154998313744
            ],
            [
              41.22407400058841,
              40.92560199888999
            ],
            [
              41.25181349850222,
              40.96924899877389
            ],
            [
              41.29661100031056,
              40.99663049923839
            ],
            [
              41.347302501747514,
              41.02732349917869
            ],
            [
              41.387371999771936,
              41.05962849895651
            ],
            [
              41.39206050036,
              41.110466498465755
            ],
            [
              41.370157499292446,
              41.15778849939387
            ],
            [
              41.3434930000414,
              41.205842998455765
            ],
            [
              41.31309299970706,
              41.245839499356826
            ],
            [
              41.2725835003169,
              41.28341849877914
            ],
            [
              41.25344088905575,
              41.33007702693703
            ],
            [
              41.305315825326716,
              41.35454170073275
            ],
            [
              41.3559643544177,
              41.376114175355156
            ],
            [
              41.40930780594359,
              41.38642608220486
            ],
            [
              41.44386588381098,
              41.4262246902198
            ],
            [
              41.490401196214194,
              41.46896676843128
            ],
            [
              41.53183062925736,
              41.49990721974401
            ],
            [
              41.58186759912997,
              41.51263687286489
            ],
            [
              41.628349057831436,
              41.49142231098555
            ],
            [
              41.68070534996065,
              41.48707934907507
            ],
            [
              41.73392158693329,
              41.47235965945725
            ],
            [
              41.78626862125173,
              41.461069107982965
            ],
            [
              41.831735842924964,
              41.435329133189235
            ],
            [
              41.881067327161155,
              41.46064823176178
            ],
            [
              41.9144348630901,
              41.50029343390899
            ],
            [
              41.961381012757435,
              41.5245184819894
            ],
            [
              42.01132039819869,
              41.50255403536403
            ],
            [
              42.063717537866175,
              41.50182769115911
            ],
            [
              42.11751043385169,
              41.50938262903024
            ],
            [
              42.196601347667304,
              41.50428068864126
            ],
            [
              42.24835704551224,
              41.49425690506477
            ],
            [
              42.302126132192264,
              41.48383850211118
            ],
            [
              42.354401001610334,
              41.46969632956723
            ],
            [
              42.409471444205096,
              41.460613534345235
            ],
            [
              42.4573785706764,
              41.43894308719415
            ],
            [
              42.517193609696946,
              41.4583633845956
            ],
            [
              42.54546099904191,
              41.416145498087225
            ],
            [
              42.5542114987987,
              41.36557749903377
            ],
            [
              42.60144000026706,
              41.32231799981283
            ],
            [
              42.60104300071006,
              41.26953349791956
            ],
            [
              42.554012999399596,
              41.23976749842923
            ],
            [
              42.5142260014536,
              41.20861249905622
            ],
            [
              42.47344699981733,
              41.17458049919735
            ],
            [
              42.42820300100828,
              41.135785998970526
            ],
            [
              42.38206599902532,
              41.07218649847324
            ],
            [
              42.38117299960756,
              41.01741749882376
            ],
            [
              42.37581550098943,
              40.9627474992455
            ],
            [
              42.34158454186902,
              40.92107552662667
            ],
            [
              42.28255350029041,
              40.92993299954427
            ],
            [
              42.20641050027529,
              40.958581498924744
            ],
            [
              42.15472899922311,
              40.962673998707935
            ],
            [
              42.10342749942788,
              40.966481500009586
            ],
            [
              42.042989499362214,
              40.965529499061105
            ],
            [
              41.985311139402846,
              40.96029498554045
            ],
            [
              41.9390544990495,
              40.93659549980803
            ],
            [
              41.89612900055407,
              40.9049959988963
            ],
            [
              41.85720099901127,
              40.86492599919503
            ],
            [
              41.88135250008799,
              40.817907999030375
            ],
            [
              41.847373999923036,
              40.77907499887936
            ],
            [
              41.82574449992811,
              40.729534499545295
            ],
            [
              41.82752899897753,
              40.677995499653726
            ],
            [
              41.78153399975673,
              40.65596149910597
            ],
            [
              41.72880499948302,
              40.66386149837048
            ],
            [
              41.67931250148219,
              40.68422949925149
            ],
            [
              41.6289632855231,
              40.70069546130395
            ],
            [
              41.57737649953909,
              40.68603799976637
            ],
            [
              41.53402699900571,
              40.659803998727945
            ],
            [
              41.4861000010963,
              40.63235749979331
            ],
            [
              41.442222999593184,
              40.6068494985535
            ],
            [
              41.402404000812645,
              40.57005999837472
            ],
            [
              41.35275549991943,
              40.56192550632594
            ],
            [
              41.323915999554174,
              40.60313749881606
            ],
            [
              41.311447999776846,
              40.65320149943279
            ],
            [
              41.34466499975837,
              40.694413998834605
            ],
            [
              41.33076900042224,
              40.74676199879832
            ],
            [
              41.281086000597256,
              40.762466498565395
            ],
            [
              41.236066500045986,
              40.78559499933652
            ],
            [
              41.16239849983366,
              40.84498599974277
            ]
          ]
        ]
      }
    },
    {
      "type": "Feature",
      "properties": {},
      "geometry": {
        "type": "Polygon",
        "coordinates": [
          [
            [
              28.992016413855364,
              39.608571100436016
            ],
            [
              28.97200589833262,
              39.562194988769825
            ],
            [
              28.942243052229575,
              39.62147479296086
            ],
            [
              28.89213396251771,
              39.621767529300946
            ],
            [
              28.837664341217558,
              39.61552985475441
            ],
            [
              28.790140778233003,
              39.640075516997584
            ],
            [
              28.7579680010285,
              39.683620498174655
            ],
            [
              28.72509445841966,
              39.72326525419033
            ],
            [
              28.70886649987322,
              39.778277999052705
            ],
            [
              28.662516999607323,
              39.75209949909633
            ],
            [
              28.612765499972017,
              39.73544349946448
            ],
            [
              28.561929000230847,
              39.748138999202325
            ],
            [
              28.504256499308447,
              39.7688099997943
            ],
            [
              28.463673999283106,
              39.80071199851359
            ],
            [
              28.44470300045421,
              39.85156649939785
            ],
            [
              28.395005999622356,
              39.85843849923338
            ],
            [
              28.33843649996686,
              39.872110998069466
            ],
            [
              28.29090949954882,
              39.89352349883202
            ],
            [
              28.267471499228563,
              39.94271399863272
            ],
            [
              28.23260349943143,
              39.98069249896898
            ],
            [
              28.192237999649866,
              40.0165729984666
            ],
            [
              28.202401999580776,
              40.0669574994065
            ],
            [
              28.162205500368774,
              40.105875999270815
            ],
            [
              28.143686499677276,
              40.157574498385536
            ],
            [
              28.12603549986396,
              40.20975549930363
            ],
            [
              28.127771500572795,
              40.26425099933701
            ],
            [
              28.176673000648076,
              40.29212599904612
            ],
            [
              28.19065900004777,
              40.34604299901454
            ],
            [
              28.225664539198856,
              40.39898540263306
            ],
            [
              28.27963712321388,
              40.39843083028595
            ],
            [
              28.333522906945472,
              40.40096365175642
            ],
            [
              28.405101978310512,
              40.39397847629096
            ],
            [
              28.456468653539957,
              40.39527996262654
            ],
            [
              28.507083578222336,
              40.3948409982168
            ],
            [
              28.56155671150482,
              40.378916991914515
            ],
            [
              28.614560854892147,
              40.366683578557506
            ],
            [
              28.665584764119426,
              40.36166752682379
            ],
            [
              28.714505642634805,
              40.376736079160736
            ],
            [
              28.75253784666127,
              40.4509676070263
            ],
            [
              28.79733265675478,
              40.428550456339806
            ],
            [
              28.846730317784214,
              40.41469110089908
            ],
            [
              28.89676092942895,
              40.40707185127934
            ],
            [
              28.91764169169417,
              40.35893573771527
            ],
            [
              28.971508165915512,
              40.35651725029642
            ],
            [
              29.023410649070858,
              40.36161538564766
            ],
            [
              29.070304582976284,
              40.38005072437144
            ],
            [
              29.11448413883512,
              40.417410225446545
            ],
            [
              29.09974821559388,
              40.46816552297437
            ],
            [
              29.04779063921577,
              40.47952576685718
            ],
            [
              29.001275999601035,
              40.51616499869067
            ],
            [
              29.02454900029539,
              40.56073349896644
            ],
            [
              29.076570999494514,
              40.560352998404596
            ],
            [
              29.126995500643982,
              40.55495299864333
            ],
            [
              29.174758499739383,
              40.536243499491654
            ],
            [
              29.231724000434244,
              40.526203998295
            ],
            [
              29.287852999673675,
              40.5410349997274
            ],
            [
              29.33835350096677,
              40.55829949849382
            ],
            [
              29.390375499540195,
              40.553279998848424
            ],
            [
              29.479132000777565,
              40.556093999013925
            ],
            [
              29.525935000324502,
              40.5339744985047
            ],
            [
              29.580711499930608,
              40.539302999670035
            ],
            [
              29.630942999991728,
              40.55035249908292
            ],
            [
              29.674382500938027,
              40.580313498813894
            ],
            [
              29.709802999473478,
              40.61636099794556
            ],
            [
              29.765285000078027,
              40.60204649974087
            ],
            [
              29.82264699959463,
              40.59504599826029
            ],
            [
              29.875621000541287,
              40.58626949882357
            ],
            [
              29.915638999421393,
              40.555550499293176
            ],
            [
              29.864995500034542,
              40.47484849856142
            ],
            [
              29.895217999803474,
              40.43293349950397
            ],
            [
              29.854038499981147,
              40.40153449906773
            ],
            [
              29.8149919995193,
              40.355722498768635
            ],
            [
              29.833816499833777,
              40.307483499275314
            ],
            [
              29.82293349994369,
              40.25630349903859
            ],
            [
              29.788740000114025,
              40.21512399908532
            ],
            [
              29.75726699956403,
              40.1753419991222
            ],
            [
              29.71167600006897,
              40.14666349854213
            ],
            [
              29.7228529989794,
              40.095041999089325
            ],
            [
              29.746972499908097,
              40.048274498963686
            ],
            [
              29.751972500928137,
              39.99775599924135
            ],
            [
              29.758737999191997,
              39.942898998591325
            ],
            [
              29.74175150075715,
              39.895322498393895
            ],
            [
              29.704456001362935,
              39.8611694998161
            ],
            [
              29.647954498790135,
              39.87242499795843
            ],
            [
              29.595741500576047,
              39.87037449913118
            ],
            [
              29.54053750019912,
              39.86994699832658
            ],
            [
              29.488068001000904,
              39.8695194992776
            ],
            [
              29.436452999341736,
              39.83849949865565
            ],
            [
              29.39116200030385,
              39.80483049845956
            ],
            [
              29.34672549920761,
              39.768597498293055
            ],
            [
              29.306846499206255,
              39.73420649921296
            ],
            [
              29.262230499938497,
              39.70517399894585
            ],
            [
              29.234403500753036,
              39.65888849937529
            ],
            [
              29.213347999292267,
              39.613344499143054
            ],
            [
              29.167711499584193,
              39.58171449915269
            ],
            [
              29.115954999279577,
              39.59044849936561
            ],
            [
              29.052373500236445,
              39.600056998860055
            ],
            [
              28.992016413855364,
              39.608571100436016
            ]
          ]
        ]
      }
    },
    {
      "type": "Feature",
      "properties": {},
      "geometry": {
        "type": "Polygon",
        "coordinates": [
          [
            [
              27.275705670121305,
              37.92351499429617
            ],
            [
              27.254401939300315,
              37.97430022917957
            ],
            [
              27.207586573726918,
              37.992171454220625
            ],
            [
              27.15690224442723,
              37.98244589766027
            ],
            [
              27.11015492965402,
              38.00603720981977
            ],
            [
              27.06695615796962,
              38.035107038307494
            ],
            [
              27.018571574384897,
              38.054737219470155
            ],
            [
              26.973175347951926,
              38.07591523931333
            ],
            [
              26.91244557900632,
              38.06656381428556
            ],
            [
              26.87197668759408,
              38.03146564542221
            ],
            [
              26.845403717533205,
              38.07465836187825
            ],
            [
              26.83644098742338,
              38.12685863917028
            ],
            [
              26.805358933284705,
              38.17035056691677
            ],
            [
              26.766702000156116,
              38.21494716099182
            ],
            [
              26.712292579296836,
              38.20979422903592
            ],
            [
              26.65827734461828,
              38.21029050323189
            ],
            [
              26.632688869764767,
              38.166621246134596
            ],
            [
              26.61347114932767,
              38.12030515670863
            ],
            [
              26.56436149411309,
              38.143195919309626
            ],
            [
              26.52059413394919,
              38.16922894330623
            ],
            [
              26.46968872717842,
              38.19096687109306
            ],
            [
              26.42442493930604,
              38.22184916069165
            ],
            [
              26.38619837799222,
              38.25496030514396
            ],
            [
              26.341832007862354,
              38.22854721431609
            ],
            [
              26.297571985666085,
              38.25894013849536
            ],
            [
              26.280312312411404,
              38.30937137246028
            ],
            [
              26.327551826242143,
              38.32838315802005
            ],
            [
              26.374725826866428,
              38.308532303989445
            ],
            [
              26.41668200690775,
              38.337121220147765
            ],
            [
              26.471416683955646,
              38.3676453492637
            ],
            [
              26.460891323203445,
              38.41828582768514
            ],
            [
              26.453931317502985,
              38.46798791153417
            ],
            [
              26.402566545220797,
              38.44814642662619
            ],
            [
              26.405414492818853,
              38.500186991465874
            ],
            [
              26.38028856486052,
              38.54358541901832
            ],
            [
              26.361235681594103,
              38.59159906413086
            ],
            [
              26.355335276767427,
              38.6474313343955
            ],
            [
              26.40196382230875,
              38.66999409545101
            ],
            [
              26.452085739130453,
              38.671238833609706
            ],
            [
              26.500804340633568,
              38.653533551012146
            ],
            [
              26.537884671971273,
              38.619647935228194
            ],
            [
              26.566823247460317,
              38.57253905322381
            ],
            [
              26.604446793785602,
              38.53360318799102
            ],
            [
              26.634727875230595,
              38.492660590053795
            ],
            [
              26.58814792717313,
              38.469208756190355
            ],
            [
              26.59554021324257,
              38.41790007584985
            ],
            [
              26.63289303046815,
              38.382373483534025
            ],
            [
              26.6503698412861,
              38.33395526882811
            ],
            [
              26.679863675563865,
              38.40251472159609
            ],
            [
              26.72663810382548,
              38.47092165099614
            ],
            [
              26.766679447314228,
              38.436740928964014
            ],
            [
              26.753751035169618,
              38.38841608931406
            ],
            [
              26.796174949850148,
              38.35623718604873
            ],
            [
              26.85098587270064,
              38.37282152255687
            ],
            [
              26.903767726806958,
              38.379666355546554
            ],
            [
              26.958151448521775,
              38.39194605777887
            ],
            [
              27.00952537236841,
              38.40880450520024
            ],
            [
              27.059256115652975,
              38.41438374835182
            ],
            [
              27.03166622189741,
              38.4675486190036
            ],
            [
              26.982058591425005,
              38.45315491248268
            ],
            [
              26.93148633801194,
              38.45321457085388
            ],
            [
              26.898879212791527,
              38.49361544057474
            ],
            [
              26.873407916617197,
              38.541583646342694
            ],
            [
              26.843457147100814,
              38.58311508486746
            ],
            [
              26.79948418146506,
              38.60987723379887
            ],
            [
              26.758745905095754,
              38.63902675023022
            ],
            [
              26.734545294678085,
              38.68830730359359
            ],
            [
              26.73914285768625,
              38.739289048894996
            ],
            [
              26.796333545214136,
              38.74771694222513
            ],
            [
              26.846654023097052,
              38.74729520633641
            ],
            [
              26.896751448618996,
              38.735670096805066
            ],
            [
              26.93862268686969,
              38.764062694710375
            ],
            [
              26.935689700944334,
              38.834410315483844
            ],
            [
              26.993981458044058,
              38.855961697381105
            ],
            [
              27.042968236170864,
              38.866381463687965
            ],
            [
              27.05685766600294,
              38.914965601564695
            ],
            [
              27.006428315887263,
              38.91337177952496
            ],
            [
              26.957787428143618,
              38.93792426694178
            ],
            [
              26.903849213310206,
              38.933364616815865
            ],
            [
              26.853933750551345,
              38.91800839365811
            ],
            [
              26.81001027740116,
              38.95303107637297
            ],
            [
              26.800082040397324,
              39.0074897745287
            ],
            [
              26.835064376886223,
              39.044170073989065
            ],
            [
              26.88515053773537,
              39.06825433824436
            ],
            [
              26.854512057539786,
              39.12335416272371
            ],
            [
              26.803084561352684,
              39.20649247101624
            ],
            [
              26.84815800080121,
              39.23669499915379
            ],
            [
              26.893449000179686,
              39.2600524986042
            ],
            [
              26.93872099968692,
              39.28160449896601
            ],
            [
              26.986923999399064,
              39.29494099834716
            ],
            [
              27.036434500446976,
              39.31551199870412
            ],
            [
              27.08149950033719,
              39.33956999912651
            ],
            [
              27.129527999770286,
              39.36179749895731
            ],
            [
              27.184878499162284,
              39.364673998975526
            ],
            [
              27.235260500515,
              39.36092549909615
            ],
            [
              27.288432000937448,
              39.374436498629194
            ],
            [
              27.340121499837053,
              39.387685499532246
            ],
            [
              27.388996499713368,
              39.37232299879843
            ],
            [
              27.415642999282316,
              39.326320498672956
            ],
            [
              27.446290000812755,
              39.28622449957998
            ],
            [
              27.487170999136982,
              39.25519299963896
            ],
            [
              27.470435000550502,
              39.20794899848398
            ],
            [
              27.45971349906602,
              39.155997998707136
            ],
            [
              27.50388350010916,
              39.121854999276984
            ],
            [
              27.513059000377503,
              39.07083649858751
            ],
            [
              27.51645850020141,
              39.01993149953419
            ],
            [
              27.474096000576797,
              38.99195099978041
            ],
            [
              27.46197999957525,
              38.94130749932342
            ],
            [
              27.41491000100548,
              38.92422299927248
            ],
            [
              27.362610500975244,
              38.927970999002
            ],
            [
              27.310223499580164,
              38.917162498665824
            ],
            [
              27.257661999198216,
              38.91245549923529
            ],
            [
              27.218785999628622,
              38.873666498356855
            ],
            [
              27.165527499783188,
              38.869395498803115
            ],
            [
              27.134321998806637,
              38.82912449899194
            ],
            [
              27.10041449995773,
              38.78946399908592
            ],
            [
              27.1330144997287,
              38.75119799902601
            ],
            [
              27.18043300013473,
              38.73306749966374
            ],
            [
              27.223144500142514,
              38.70325649870211
            ],
            [
              27.23857300029884,
              38.65522799846156
            ],
            [
              27.239270001002634,
              38.60231799866424
            ],
            [
              27.2651584995377,
              38.55951949863597
            ],
            [
              27.314581499606366,
              38.542086498605954
            ],
            [
              27.368276000238165,
              38.53833799958798
            ],
            [
              27.421186000349984,
              38.54705499953644
            ],
            [
              27.470086000372653,
              38.53031899867299
            ],
            [
              27.501640499816762,
              38.48917649873869
            ],
            [
              27.55237100020877,
              38.46555449877122
            ],
            [
              27.60005100017155,
              38.481505999359655
            ],
            [
              27.65156650009434,
              38.47366099862976
            ],
            [
              27.695061998974662,
              38.44794699960742
            ],
            [
              27.71066499897153,
              38.400353999697764
            ],
            [
              27.701221499712272,
              38.35065049864412
            ],
            [
              27.746795500305357,
              38.329807498777974
            ],
            [
              27.797119500338855,
              38.334456499301375
            ],
            [
              27.84848950080386,
              38.325042499821926
            ],
            [
              27.888585499433358,
              38.355027498560005
            ],
            [
              27.898275500298784,
              38.40697849903027
            ],
            [
              27.947873500559517,
              38.396257499185445
            ],
            [
              27.997994000396485,
              38.40436349966684
            ],
            [
              28.04785300061496,
              38.3976519981374
            ],
            [
              28.098496499521573,
              38.37551149882149
            ],
            [
              28.150273000096423,
              38.366533498489744
            ],
            [
              28.197248000165747,
              38.345594498784266
            ],
            [
              28.247725001137834,
              38.3271344987601
            ],
            [
              28.297845500131416,
              38.316412998779384
            ],
            [
              28.349011999638712,
              38.29810799905193
            ],
            [
              28.374203000820696,
              38.25461199953106
            ],
            [
              28.42441100151701,
              38.26376449833361
            ],
            [
              28.47592600027475,
              38.254350498067225
            ],
            [
              28.498638999856464,
              38.20924349906798
            ],
            [
              28.455529500090016,
              38.17886499825898
            ],
            [
              28.484066000794908,
              38.121312499020156
            ],
            [
              28.443563501353,
              38.091021998554346
            ],
            [
              28.395271500026475,
              38.10833099951333
            ],
            [
              28.346200500506146,
              38.12235099949753
            ],
            [
              28.307601500879617,
              38.08963749915243
            ],
            [
              28.28579249943185,
              38.04420149922895
            ],
            [
              28.234817499287235,
              38.03225849901399
            ],
            [
              28.18349699873013,
              38.033469998566275
            ],
            [
              28.131916000004832,
              38.027498499327486
            ],
            [
              28.081460499636393,
              38.023776998388364
            ],
            [
              28.033169000707908,
              38.00162149919853
            ],
            [
              27.981414998890457,
              37.98552399906747
            ],
            [
              27.93069999993284,
              38.002400499151925
            ],
            [
              27.87929249998945,
              38.0058619987123
            ],
            [
              27.838443500257153,
              37.97635049927866
            ],
            [
              27.78738200097134,
              37.96717649854406
            ],
            [
              27.736234500695527,
              37.978513999531245
            ],
            [
              27.683961500944672,
              37.98370699923651
            ],
            [
              27.6336790002594,
              37.996515499680534
            ],
            [
              27.584262000488607,
              38.007246998967965
            ],
            [
              27.53458550071873,
              37.9978134981771
            ],
            [
              27.485514501240246,
              37.9780814991755
            ],
            [
              27.457647499883308,
              37.934635998600704
            ],
            [
              27.426318001301933,
              37.8955179986408
            ],
            [
              27.428568500782276,
              37.844802499797204
            ],
            [
              27.379584000642012,
              37.831993999230306
            ],
            [
              27.363647961077685,
              37.88108423149658
            ],
            [
              27.3105214991723,
              37.887295999800955
            ],
            [
              27.275705670121305,
              37.92351499429617
            ]
          ],
          [
            [
              27.08935347173031,
              38.457331214155566
            ],
            [
              27.110494511575205,
              38.40953012434969
            ],
            [
              27.151468275397683,
              38.44524095629319
            ],
            [
              27.08935347173031,
              38.457331214155566
            ]
          ]
        ]
      }
    },
    {
      "type": "Feature",
      "properties": {},
      "geometry": {
        "type": "Polygon",
        "coordinates": [
          [
            [
              41.66734199875785,
              37.139225498585
            ],
            [
              41.671772000176,
              37.19108799869347
            ],
            [
              41.63862900013062,
              37.22960649929186
            ],
            [
              41.589359499789644,
              37.250594498983716
            ],
            [
              41.55621650043466,
              37.2921654986919
            ],
            [
              41.573477000435815,
              37.3432984997474
            ],
            [
              41.591061499609964,
              37.39264849896803
            ],
            [
              41.613589000363746,
              37.43835249929225
            ],
            [
              41.66122849957712,
              37.41762999882788
            ],
            [
              41.718449000016,
              37.42932649888207
            ],
            [
              41.76860850126784,
              37.41306949845354
            ],
            [
              41.81755349928981,
              37.40188649956896
            ],
            [
              41.85820400015658,
              37.431032998582495
            ],
            [
              41.85507700010034,
              37.48099649907552
            ],
            [
              41.855440499826386,
              37.53154199856756
            ],
            [
              41.892822500457,
              37.56535999846285
            ],
            [
              41.86867700000158,
              37.60950549906145
            ],
            [
              41.82925850134559,
              37.642232498873824
            ],
            [
              41.8955899999107,
              37.65819999915209
            ],
            [
              41.94437299946991,
              37.62538049937383
            ],
            [
              41.99518199957893,
              37.615332498530194
            ],
            [
              42.05117699906435,
              37.62270649973645
            ],
            [
              42.10728049980263,
              37.623476998929675
            ],
            [
              42.157494999620795,
              37.61249599831229
            ],
            [
              42.209491638232265,
              37.6033940886573
            ],
            [
              42.25724849946893,
              37.57756999881237
            ],
            [
              42.30392449957243,
              37.60965999890044
            ],
            [
              42.3516540010588,
              37.63388949921402
            ],
            [
              42.386310000080414,
              37.67208399857112
            ],
            [
              42.435200999553786,
              37.692180498524266
            ],
            [
              42.487225500303104,
              37.7079009990583
            ],
            [
              42.54159999904509,
              37.71276299978034
            ],
            [
              42.59889150088201,
              37.7006889990906
            ],
            [
              42.66177449928043,
              37.68310449986189
            ],
            [
              42.71396100071456,
              37.673461498980544
            ],
            [
              42.764931999910964,
              37.675649498741066
            ],
            [
              42.81663200055566,
              37.67573049848365
            ],
            [
              42.86687349967895,
              37.691450999426
            ],
            [
              42.87457199961509,
              37.74177349909597
            ],
            [
              42.919302999422094,
              37.78285849997551
            ],
            [
              42.96525000010447,
              37.754739499108915
            ],
            [
              43.02205550090502,
              37.75028249934656
            ],
            [
              43.07416099961106,
              37.74712199978452
            ],
            [
              43.13120949966421,
              37.74866149891775
            ],
            [
              43.18128899865986,
              37.735695998308906
            ],
            [
              43.2322599997826,
              37.734723498264685
            ],
            [
              43.28387899997362,
              37.742097999622004
            ],
            [
              43.33387750002409,
              37.73683049900352
            ],
            [
              43.38136399963472,
              37.75619799992491
            ],
            [
              43.43217249994523,
              37.753280498869934
            ],
            [
              43.49392099989161,
              37.73804599842045
            ],
            [
              43.49286500019937,
              37.67047199885444
            ],
            [
              43.462124500230715,
              37.63069849869243
            ],
            [
              43.412643500503464,
              37.59065499915142
            ],
            [
              43.365026999206435,
              37.57229599847523
            ],
            [
              43.31181550065715,
              37.52600549820634
            ],
            [
              43.31127650056015,
              37.47441199915298
            ],
            [
              43.322871500660554,
              37.42425649828311
            ],
            [
              43.342465999596236,
              37.37688749916252
            ],
            [
              43.33520982020264,
              37.32693826599424
            ],
            [
              43.2854159815287,
              37.31228807194793
            ],
            [
              43.241716303173604,
              37.343916727209496
            ],
            [
              43.19267685311268,
              37.35754428334054
            ],
            [
              43.14152735432727,
              37.37232837605005
            ],
            [
              43.09121513970585,
              37.36723004551266
            ],
            [
              43.040804796587345,
              37.35424312747021
            ],
            [
              42.99680430702561,
              37.32899928181537
            ],
            [
              42.94337149927414,
              37.31854037877629
            ],
            [
              42.88890933342665,
              37.332726035290825
            ],
            [
              42.836180662415444,
              37.3434427319659
            ],
            [
              42.79834877203569,
              37.378594559462265
            ],
            [
              42.75431194564428,
              37.34870428171986
            ],
            [
              42.71896259544554,
              37.31234033982474
            ],
            [
              42.682293137108466,
              37.27159481847028
            ],
            [
              42.6460122084173,
              37.23656435141308
            ],
            [
              42.60869306854395,
              37.19657667464802
            ],
            [
              42.580257863077506,
              37.15191822641468
            ],
            [
              42.52921650995761,
              37.14485283710549
            ],
            [
              42.47672645683479,
              37.137380489892
            ],
            [
              42.42420382196494,
              37.12503533280739
            ],
            [
              42.34956134090448,
              37.100831644926345
            ],
            [
              42.33340898477105,
              37.14940918121314
            ],
            [
              42.32855112764426,
              37.199478597570526
            ],
            [
              42.31415972064825,
              37.25005812693788
            ],
            [
              42.27021321270662,
              37.2740766298535
            ],
            [
              42.21612034989507,
              37.27683034628808
            ],
            [
              42.162462230598955,
              37.271378457333064
            ],
            [
              42.1201125120511,
              37.24108717333292
            ],
            [
              42.07752553865132,
              37.20699252651278
            ],
            [
              42.03104506294728,
              37.18110580498994
            ],
            [
              41.978255703319974,
              37.16988359700994
            ],
            [
              41.929416450423645,
              37.15817943270439
            ],
            [
              41.88009683718716,
              37.14645021360313
            ],
            [
              41.82570721115433,
              37.13812779290254
            ],
            [
              41.77689205357035,
              37.12579802095752
            ],
            [
              41.72377539574288,
              37.118543741461885
            ],
            [
              41.66734199875785,
              37.139225498585
            ]
          ]
        ]
      }
    },
    {
      "type": "Feature",
      "properties": {},
      "geometry": {
        "type": "Polygon",
        "coordinates": [
          [
            [
              34.99316664901252,
              36.76090049881436
            ],
            [
              34.9614009830011,
              36.722051819617846
            ],
            [
              34.90884301735535,
              36.726487739281374
            ],
            [
              34.87203556544556,
              36.76658389865591
            ],
            [
              34.827559489269944,
              36.7911313751497
            ],
            [
              34.77314471383015,
              36.80831988954322
            ],
            [
              34.71686726925953,
              36.80892809447215
            ],
            [
              34.66016292044462,
              36.80560313891862
            ],
            [
              34.614502495948535,
              36.78289212789495
            ],
            [
              34.5639835915178,
              36.769128808569484
            ],
            [
              34.524394389819186,
              36.734852122451564
            ],
            [
              34.474830215688385,
              36.70932937892022
            ],
            [
              34.433986823663005,
              36.671760792203635
            ],
            [
              34.38569513803473,
              36.6483893446171
            ],
            [
              34.338649825657924,
              36.62280064583889
            ],
            [
              34.290646958947775,
              36.5928531912105
            ],
            [
              34.25104270510233,
              36.561973610438045
            ],
            [
              34.21987725636937,
              36.52227711599653
            ],
            [
              34.18042969065335,
              36.487622867015624
            ],
            [
              34.135455606896066,
              36.45762411072306
            ],
            [
              34.09823278914625,
              36.42048799284871
            ],
            [
              34.07830633422918,
              36.3666773819894
            ],
            [
              34.07062100507621,
              36.317064959110155
            ],
            [
              34.019139367622095,
              36.29990301203977
            ],
            [
              33.980190180292816,
              36.26802151963739
            ],
            [
              33.933252325688656,
              36.29054265972575
            ],
            [
              33.885794990105694,
              36.317109224807204
            ],
            [
              33.83923092993463,
              36.292127678133674
            ],
            [
              33.80995312185317,
              36.249879814899025
            ],
            [
              33.77324102363591,
              36.18288487911778
            ],
            [
              33.72286337018667,
              36.19211639051798
            ],
            [
              33.69894659222847,
              36.14461092370358
            ],
            [
              33.65886216188851,
              36.17666511032303
            ],
            [
              33.609267219630674,
              36.185062988462974
            ],
            [
              33.575097985003794,
              36.14715763469903
            ],
            [
              33.52494253472128,
              36.14247450769313
            ],
            [
              33.47375516075769,
              36.158899751025295
            ],
            [
              33.420393932072365,
              36.14461861054086
            ],
            [
              33.365229651704304,
              36.139893858098816
            ],
            [
              33.30987358878392,
              36.131127383573535
            ],
            [
              33.2384526267991,
              36.12692642837224
            ],
            [
              33.18222251417682,
              36.13169071414828
            ],
            [
              33.131505619366145,
              36.13073118515145
            ],
            [
              33.094384001535445,
              36.09233353712797
            ],
            [
              33.03931140391522,
              36.0953386217952
            ],
            [
              32.986305051559114,
              36.0969001942114
            ],
            [
              32.93629265411116,
              36.097555139563475
            ],
            [
              32.88413835619998,
              36.07685090747073
            ],
            [
              32.84044560372284,
              36.04484016758282
            ],
            [
              32.79172825843667,
              36.0250028639302
            ],
            [
              32.74089195516985,
              36.03383331817317
            ],
            [
              32.68929920516704,
              36.03880028262763
            ],
            [
              32.63306488261758,
              36.06610219978393
            ],
            [
              32.584102265729136,
              36.08831553318222
            ],
            [
              32.56442449955304,
              36.16031799897844
            ],
            [
              32.56238800026259,
              36.21510399914122
            ],
            [
              32.5983689996517,
              36.252102999085025
            ],
            [
              32.63143799995541,
              36.29100349933424
            ],
            [
              32.65244449846782,
              36.34145099938451
            ],
            [
              32.655880499287775,
              36.39986399912594
            ],
            [
              32.628730500283176,
              36.449972999606935
            ],
            [
              32.581793000983524,
              36.483831499019914
            ],
            [
              32.63741800070719,
              36.50939549866606
            ],
            [
              32.694621500870895,
              36.495035499936876
            ],
            [
              32.74714550002604,
              36.48610049948618
            ],
            [
              32.80053247936611,
              36.48247083586282
            ],
            [
              32.853300499756436,
              36.478051999288844
            ],
            [
              32.90295284560211,
              36.46251843457996
            ],
            [
              32.95070399977038,
              36.44603799883623
            ],
            [
              33.00201500082438,
              36.43698424918419
            ],
            [
              33.049823000592546,
              36.459589499490725
            ],
            [
              33.03981500095247,
              36.51363149923856
            ],
            [
              33.05989750026568,
              36.56157849860594
            ],
            [
              33.10773946408445,
              36.576331037767126
            ],
            [
              33.0981770000757,
              36.63102099869949
            ],
            [
              33.068840500513716,
              36.67309499892549
            ],
            [
              33.02601199997391,
              36.699013999185304
            ],
            [
              32.97929650003122,
              36.72546049899104
            ],
            [
              32.96445400043688,
              36.77362199815629
            ],
            [
              32.94482600071826,
              36.82584199824962
            ],
            [
              32.98546550010061,
              36.856677498720046
            ],
            [
              33.037241499064336,
              36.86919749913538
            ],
            [
              33.087725000706335,
              36.869681999126335
            ],
            [
              33.13110050026811,
              36.84423849892462
            ],
            [
              33.17019499997217,
              36.88050599891963
            ],
            [
              33.20727050001331,
              36.917661998501
            ],
            [
              33.25759249985061,
              36.92501249902732
            ],
            [
              33.30880299981773,
              36.933332000097195
            ],
            [
              33.35387500117996,
              36.9590989997496
            ],
            [
              33.40548949991577,
              36.96168349961752
            ],
            [
              33.46478737287051,
              36.976464911218045
            ],
            [
              33.523257501020936,
              36.976626999175394
            ],
            [
              33.57357999919283,
              36.97751549919413
            ],
            [
              33.60815100083247,
              37.01580199906189
            ],
            [
              33.6599270009429,
              37.036803499159575
            ],
            [
              33.709845499197655,
              37.02581799907027
            ],
            [
              33.7617829979422,
              37.01071349908455
            ],
            [
              33.816709000135674,
              37.0128134984707
            ],
            [
              33.86347699994983,
              37.03591499943932
            ],
            [
              33.896271500623705,
              37.07541299898437
            ],
            [
              33.945947499979454,
              37.097060497892215
            ],
            [
              33.98996900082402,
              37.124038999418055
            ],
            [
              34.018892000757056,
              37.16846474845996
            ],
            [
              34.06823900146943,
              37.18348849867666
            ],
            [
              34.11775950000399,
              37.19043549868267
            ],
            [
              34.17446849882334,
              37.183246499111064
            ],
            [
              34.22639399958521,
              37.19697799874679
            ],
            [
              34.25406199986495,
              37.24020249886985
            ],
            [
              34.31507900137191,
              37.22389949845774
            ],
            [
              34.36414550047598,
              37.246770998926515
            ],
            [
              34.41060049998927,
              37.26616049827782
            ],
            [
              34.44899649992391,
              37.298563499257135
            ],
            [
              34.42093126154336,
              37.340243622382054
            ],
            [
              34.4650709991231,
              37.36891699896145
            ],
            [
              34.516947998904136,
              37.37803399879328
            ],
            [
              34.56632999930714,
              37.3888449990482
            ],
            [
              34.61465149911536,
              37.402802499511644
            ],
            [
              34.66547950092683,
              37.42579649900337
            ],
            [
              34.716314000750145,
              37.43555824855819
            ],
            [
              34.775256749889934,
              37.42131374947786
            ],
            [
              34.76545199878971,
              37.32771149945566
            ],
            [
              34.80667350045855,
              37.29489199919633
            ],
            [
              34.85984100001776,
              37.29620499907679
            ],
            [
              34.915232500337055,
              37.29209199900685
            ],
            [
              34.96446950089032,
              37.268242498194766
            ],
            [
              34.963812999020924,
              37.21468149880342
            ],
            [
              34.927842998628826,
              37.17700449851365
            ],
            [
              34.96079350026386,
              37.13565199926339
            ],
            [
              35.01382999932669,
              37.12291799905694
            ],
            [
              35.02401746720948,
              37.06843749898087
            ],
            [
              35.07749999949685,
              37.064630499236955
            ],
            [
              35.123775500628035,
              37.03850599844875
            ],
            [
              35.10767200011052,
              36.9910709986793
            ],
            [
              35.103295998676465,
              36.937859499571005
            ],
            [
              35.14005400114158,
              36.90022649855779
            ],
            [
              35.144955001066535,
              36.84421449857865
            ],
            [
              35.13198300003508,
              36.78829349958442
            ],
            [
              35.08220049884555,
              36.79668299970696
            ],
            [
              35.043284000038604,
              36.7650949989636
            ],
            [
              34.99316664901252,
              36.76090049881436
            ]
          ]
        ]
      }
    },
    {
      "type": "Feature",
      "properties": {},
      "geometry": {
        "type": "Polygon",
        "coordinates": [
          [
            [
              43.26029349953079,
              40.019206498712904
            ],
            [
              43.20983199914685,
              40.01181749895646
            ],
            [
              43.14972849988026,
              40.008122999478935
            ],
            [
              43.10260099900908,
              39.98802849980225
            ],
            [
              43.04685600038793,
              39.981034997947916
            ],
            [
              42.9942179996211,
              39.993073498874224
            ],
            [
              42.93352700007048,
              39.992325999573566
            ],
            [
              42.88728199903604,
              39.9718189993082
            ],
            [
              42.83157200001989,
              39.96235399838211
            ],
            [
              42.75917399928404,
              39.95363649925261
            ],
            [
              42.70089049998058,
              39.94085049861361
            ],
            [
              42.633224998211666,
              39.931136498502404
            ],
            [
              42.564983601256145,
              39.92101050483872
            ],
            [
              42.55001950031253,
              40.01106149954642
            ],
            [
              42.49688750160179,
              40.039487998842255
            ],
            [
              42.45848950059891,
              40.07252799954027
            ],
            [
              42.42329149938362,
              40.11025599858687
            ],
            [
              42.38772150052867,
              40.14790949876424
            ],
            [
              42.33726849937488,
              40.16346249892732
            ],
            [
              42.289792500794185,
              40.18392649902109
            ],
            [
              42.23554400011977,
              40.19977649829459
            ],
            [
              42.19029999959035,
              40.22403549897472
            ],
            [
              42.14624700059025,
              40.25469449947924
            ],
            [
              42.130099000870786,
              40.31199349951281
            ],
            [
              42.15093499945558,
              40.36378599916214
            ],
            [
              42.192100500487705,
              40.395107498430534
            ],
            [
              42.24006900019011,
              40.37562899867861
            ],
            [
              42.295894000600384,
              40.36832499800453
            ],
            [
              42.35090400036188,
              40.37425849207077
            ],
            [
              42.40609300126767,
              40.37519149936487
            ],
            [
              42.45070600097817,
              40.40060599825266
            ],
            [
              42.5038824997418,
              40.416322499309985
            ],
            [
              42.534392628693034,
              40.45613401122204
            ],
            [
              42.52851350040762,
              40.50837299933862
            ],
            [
              42.53044849922392,
              40.56730949903472
            ],
            [
              42.558428500536486,
              40.6087579993123
            ],
            [
              42.57081160719161,
              40.6598879008605
            ],
            [
              42.65199499906758,
              40.644048999529545
            ],
            [
              42.697941499532895,
              40.66578049930499
            ],
            [
              42.74796799911927,
              40.684673499474876
            ],
            [
              42.79719649997138,
              40.71190399903764
            ],
            [
              42.84988449992018,
              40.73248249825561
            ],
            [
              42.86008500051449,
              40.78481549976481
            ],
            [
              42.893879499315545,
              40.824464498875436
            ],
            [
              42.94692200011047,
              40.82020649824592
            ],
            [
              42.943984498989316,
              40.875983499552454
            ],
            [
              42.97814450042923,
              40.916002498806236
            ],
            [
              43.01637399955714,
              40.95343399913718
            ],
            [
              43.0717415013361,
              40.97241149956428
            ],
            [
              43.116950000571634,
              41.00460200017051
            ],
            [
              43.17202050005277,
              41.00570649921014
            ],
            [
              43.229142000346314,
              41.01785649889636
            ],
            [
              43.28260249938029,
              41.05004649858212
            ],
            [
              43.32568400026566,
              41.09294049883259
            ],
            [
              43.37778349970727,
              41.08317149943825
            ],
            [
              43.42443100043483,
              41.044611998708376
            ],
            [
              43.488742720864636,
              41.01637975211469
            ],
            [
              43.538545489721535,
              41.00451802303741
            ],
            [
              43.58665270369551,
              40.9867565191863
            ],
            [
              43.63561436054378,
              40.96023883007625
            ],
            [
              43.67570079864631,
              40.92928535800069
            ],
            [
              43.67556323180304,
              40.87802633495073
            ],
            [
              43.69786206682302,
              40.82863488467852
            ],
            [
              43.72473920905121,
              40.78316507323785
            ],
            [
              43.745720960792134,
              40.737058318301855
            ],
            [
              43.74578546338263,
              40.684593731806864
            ],
            [
              43.71858096402278,
              40.6417463906317
            ],
            [
              43.688658526481625,
              40.595754923832935
            ],
            [
              43.64529184334617,
              40.5625457776031
            ],
            [
              43.61588821617651,
              40.520121559107515
            ],
            [
              43.56865816394646,
              40.4988437742714
            ],
            [
              43.58450160410394,
              40.44900540182599
            ],
            [
              43.614517622104806,
              40.40741385080617
            ],
            [
              43.594798296326786,
              40.3605251538575
            ],
            [
              43.61691613329999,
              40.312700522047614
            ],
            [
              43.6442754800231,
              40.27076276679292
            ],
            [
              43.68147396044148,
              40.23563480353576
            ],
            [
              43.69562588341426,
              40.18747663666605
            ],
            [
              43.66860186533829,
              40.11001470878391
            ],
            [
              43.6211655008519,
              40.126159998060885
            ],
            [
              43.54492478825091,
              40.11633825912328
            ],
            [
              43.49511236285694,
              40.10952091850232
            ],
            [
              43.44493232136101,
              40.11074713620688
            ],
            [
              43.394453786569564,
              40.12452532208385
            ],
            [
              43.34299349969496,
              40.11483649909613
            ],
            [
              43.35195799981195,
              40.05979349888013
            ],
            [
              43.30889550076244,
              40.031141499431
            ],
            [
              43.26029349953079,
              40.019206498712904
            ]
          ]
        ]
      }
    },
    {
      "type": "Feature",
      "properties": {},
      "geometry": {
        "type": "Polygon",
        "coordinates": [
          [
            [
              38.54107995800955,
              39.12259898418815
            ],
            [
              38.59226892155058,
              39.1117754595403
            ],
            [
              38.63358145142405,
              39.08202172949314
            ],
            [
              38.67296499863944,
              39.04901649976066
            ],
            [
              38.617433999082806,
              38.98729949945746
            ],
            [
              38.5900225003128,
              38.94313699887241
            ],
            [
              38.54852499944955,
              38.90944349866781
            ],
            [
              38.593258499756,
              38.887076499953025
            ],
            [
              38.62533399915078,
              38.84691149866372
            ],
            [
              38.636379500257,
              38.79320199947747
            ],
            [
              38.62198199889007,
              38.745273998813396
            ],
            [
              38.56921950114611,
              38.75343149839521
            ],
            [
              38.51829899953587,
              38.756983998975535
            ],
            [
              38.467114998992386,
              38.744484498269486
            ],
            [
              38.45803600024476,
              38.694352999609734
            ],
            [
              38.40277349980314,
              38.6751429995489
            ],
            [
              38.36343199955537,
              38.63316949861971
            ],
            [
              38.359616000386936,
              38.56816999988089
            ],
            [
              38.39079999955443,
              38.52290749972713
            ],
            [
              38.43934189533646,
              38.50017644742719
            ],
            [
              38.484353499675436,
              38.47280999888102
            ],
            [
              38.55435100034835,
              38.46382899896017
            ],
            [
              38.60514000027592,
              38.44856599959387
            ],
            [
              38.66224499965385,
              38.433829499551784
            ],
            [
              38.7234284990831,
              38.41698749881269
            ],
            [
              38.77461200051571,
              38.43290849853297
            ],
            [
              38.83092750015346,
              38.41856649910764
            ],
            [
              38.87263749962376,
              38.39040899908126
            ],
            [
              38.913557998932525,
              38.35685649913186
            ],
            [
              38.95618950130038,
              38.32527799914986
            ],
            [
              39.00737300041736,
              38.332514499484766
            ],
            [
              39.058161999458086,
              38.33869849940322
            ],
            [
              39.11381949942243,
              38.339487999012015
            ],
            [
              39.15193450012951,
              38.30058299895812
            ],
            [
              39.13759850049869,
              38.22935949928722
            ],
            [
              39.127894500733944,
              38.17849349941782
            ],
            [
              39.08296999984943,
              38.153651999343346
            ],
            [
              39.05289350031509,
              38.10977499883449
            ],
            [
              39.015583498780025,
              38.07560599826747
            ],
            [
              38.964663500730566,
              38.069990499547636
            ],
            [
              38.91440899921087,
              38.05123999825488
            ],
            [
              38.866153500599125,
              38.038010499287466
            ],
            [
              38.82103899958752,
              38.008124499127454
            ],
            [
              38.76992799927783,
              38.00717249930069
            ],
            [
              38.73404599947873,
              38.04590999874034
            ],
            [
              38.683982000928665,
              38.04905099887521
            ],
            [
              38.631063000344845,
              38.070561499340656
            ],
            [
              38.59936849883283,
              38.109489499107625
            ],
            [
              38.56016399962354,
              38.14059849849337
            ],
            [
              38.512755999464545,
              38.156507498549225
            ],
            [
              38.46526199929912,
              38.173924999581686
            ],
            [
              38.43118799918467,
              38.134045499202806
            ],
            [
              38.385407498749316,
              38.106824499490926
            ],
            [
              38.33486750036462,
              38.11634199885739
            ],
            [
              38.284327999606845,
              38.13937550001361
            ],
            [
              38.23416849941026,
              38.14004149865255
            ],
            [
              38.18343850027991,
              38.122052999275994
            ],
            [
              38.132898999127235,
              38.10891799924555
            ],
            [
              38.08312050010364,
              38.09435599880313
            ],
            [
              38.0898780005053,
              38.044767998713766
            ],
            [
              38.13375550021734,
              38.01697599936053
            ],
            [
              38.145557499071934,
              37.966340999473026
            ],
            [
              38.09996700072726,
              37.94168949862881
            ],
            [
              38.05114050044401,
              37.923605998642984
            ],
            [
              38.004027499165915,
              37.903713498732635
            ],
            [
              37.95186950081408,
              37.90637849869333
            ],
            [
              37.90075850002516,
              37.89714599847051
            ],
            [
              37.84803000000212,
              37.892862999738036
            ],
            [
              37.7919694994909,
              37.896860498761406
            ],
            [
              37.738003500807125,
              37.916276999034636
            ],
            [
              37.68660700043472,
              37.91532549885302
            ],
            [
              37.64407826622278,
              37.94357087461529
            ],
            [
              37.59591399975823,
              37.967102498824836
            ],
            [
              37.5887754995177,
              38.01688049909509
            ],
            [
              37.6219930005846,
              38.055237499318004
            ],
            [
              37.667008498784774,
              38.080459999188854
            ],
            [
              37.708030499729006,
              38.11139299967306
            ],
            [
              37.734109000493575,
              38.15593649897386
            ],
            [
              37.72849350037479,
              38.20695199862749
            ],
            [
              37.691461499519576,
              38.24321499950775
            ],
            [
              37.66148000079541,
              38.28718749912643
            ],
            [
              37.62512200082979,
              38.324687998976
            ],
            [
              37.576961500172075,
              38.34800649863267
            ],
            [
              37.52642200016989,
              38.36390149908695
            ],
            [
              37.48073599910475,
              38.38636349900978
            ],
            [
              37.434295001670556,
              38.40825424942716
            ],
            [
              37.377187999733685,
              38.41739199909821
            ],
            [
              37.32549999982812,
              38.4357609980958
            ],
            [
              37.28190850082142,
              38.46697949911073
            ],
            [
              37.277625500165186,
              38.5187564995337
            ],
            [
              37.31541437608428,
              38.55663849893613
            ],
            [
              37.351722000344296,
              38.59123249794723
            ],
            [
              37.393220000377276,
              38.62130899889465
            ],
            [
              37.42139300061692,
              38.66318749852022
            ],
            [
              37.43881050044696,
              38.71315599895654
            ],
            [
              37.48421050047383,
              38.7424709993085
            ],
            [
              37.534654999726015,
              38.75056099889364
            ],
            [
              37.562066500328136,
              38.7943434982356
            ],
            [
              37.533037000175604,
              38.8372684984659
            ],
            [
              37.51285900097305,
              38.88333499824852
            ],
            [
              37.54264999942831,
              38.92511849896427
            ],
            [
              37.50829049947271,
              38.963284998702434
            ],
            [
              37.507528999681256,
              39.013824499925995
            ],
            [
              37.56025799901365,
              39.007637999008374
            ],
            [
              37.61203499966061,
              39.014871499349546
            ],
            [
              37.668381000973774,
              39.00126099912534
            ],
            [
              37.70911700047726,
              38.97089949958013
            ],
            [
              37.74138250015471,
              39.00973199905297
            ],
            [
              37.747950000450096,
              39.06236549890837
            ],
            [
              37.79706199987553,
              39.084827999130134
            ],
            [
              37.84817299997093,
              39.08178199922163
            ],
            [
              37.89766549973606,
              39.06817149946614
            ],
            [
              37.950109000779655,
              39.067219998549675
            ],
            [
              37.999696999556114,
              39.08102049894854
            ],
            [
              38.0499509999638,
              39.07778449832768
            ],
            [
              38.09392349902661,
              39.10186499894883
            ],
            [
              38.14284550004724,
              39.081781999131806
            ],
            [
              38.190339500887305,
              39.09805749770157
            ],
            [
              38.23126599945957,
              39.12708699920425
            ],
            [
              38.31433800025215,
              39.147510498247264
            ],
            [
              38.38958476916204,
              39.11873019878523
            ],
            [
              38.44614492082096,
              39.13886999907848
            ],
            [
              38.499981073930755,
              39.15333460316567
            ],
            [
              38.54107995800955,
              39.12259898418815
            ]
          ]
        ]
      }
    },
    {
      "type": "Feature",
      "properties": {},
      "geometry": {
        "type": "Polygon",
        "coordinates": [
          [
            [
              30.38986380867428,
              41.17211867325201
            ],
            [
              30.46741881190286,
              41.151374987319144
            ],
            [
              30.519293888224297,
              41.141980322079306
            ],
            [
              30.56902465481157,
              41.136149730309455
            ],
            [
              30.624897295796075,
              41.129288874395996
            ],
            [
              30.67692388064373,
              41.11804115800804
            ],
            [
              30.730638025208243,
              41.0972250988052
            ],
            [
              30.779377441671368,
              41.084340570418334
            ],
            [
              30.84095176142807,
              41.078860301579404
            ],
            [
              30.891867313374064,
              41.07520448768953
            ],
            [
              30.95295941806082,
              41.07331766466867
            ],
            [
              30.990492613196412,
              41.02790597337043
            ],
            [
              30.96063614704001,
              40.985901085171626
            ],
            [
              30.91995900045025,
              40.955584999044724
            ],
            [
              30.878339500231835,
              40.92745349794083
            ],
            [
              30.826923098031674,
              40.91845603952742
            ],
            [
              30.82703353746603,
              40.85199310685347
            ],
            [
              30.870786589095975,
              40.820381702985024
            ],
            [
              30.861768251674462,
              40.76951824136165
            ],
            [
              30.895195498554727,
              40.72712385815175
            ],
            [
              30.93618999956706,
              40.69254649928764
            ],
            [
              30.910757800734636,
              40.649479699860635
            ],
            [
              30.874091000953122,
              40.60390349849963
            ],
            [
              30.87216649877359,
              40.552525999152856
            ],
            [
              30.838806791137145,
              40.51392514312113
            ],
            [
              30.78325800033984,
              40.50553249858912
            ],
            [
              30.732575499659774,
              40.49681799905934
            ],
            [
              30.679754499180063,
              40.498581999078326
            ],
            [
              30.625182500597163,
              40.499802499035546
            ],
            [
              30.569311410770048,
              40.48064998090304
            ],
            [
              30.576161949409716,
              40.42645897239456
            ],
            [
              30.577183647223247,
              40.3703665879608
            ],
            [
              30.573176499135002,
              40.316292498846224
            ],
            [
              30.574106249701043,
              40.26596149938996
            ],
            [
              30.522170000329503,
              40.295013499280934
            ],
            [
              30.479680999433924,
              40.3219494984341
            ],
            [
              30.47598015636381,
              40.373456424483365
            ],
            [
              30.421409422964164,
              40.393175210412124
            ],
            [
              30.365250577604545,
              40.37822483073308
            ],
            [
              30.31490007829444,
              40.38115706745565
            ],
            [
              30.266505275706127,
              40.36616997894895
            ],
            [
              30.212596527805793,
              40.34836219854085
            ],
            [
              30.1575728156896,
              40.34551004105374
            ],
            [
              30.10675730812276,
              40.37331856945651
            ],
            [
              30.106010935335544,
              40.42608346922945
            ],
            [
              30.066653999428716,
              40.45741049969757
            ],
            [
              30.029340287191555,
              40.421329874862906
            ],
            [
              29.997444523411836,
              40.460927317798706
            ],
            [
              29.987388923602293,
              40.51369221726761
            ],
            [
              30.025198469566497,
              40.55314705162913
            ],
            [
              30.082139994697233,
              40.576201985412254
            ],
            [
              30.132215261698427,
              40.62563936862637
            ],
            [
              30.15639499961452,
              40.6781819987664
            ],
            [
              30.189589498822226,
              40.71585199840441
            ],
            [
              30.248509499157826,
              40.72310649915898
            ],
            [
              30.243518499837826,
              40.77551049894565
            ],
            [
              30.21304449957332,
              40.819595998685394
            ],
            [
              30.244577501012426,
              40.85884199835502
            ],
            [
              30.258945001501516,
              40.90844799871199
            ],
            [
              30.281025499766205,
              40.95820499942835
            ],
            [
              30.23784749923625,
              40.988930294169826
            ],
            [
              30.257810498837287,
              41.03641879413871
            ],
            [
              30.245938500249558,
              41.085570794400915
            ],
            [
              30.293199999968735,
              41.10576129380231
            ],
            [
              30.32511443125273,
              41.14719501489187
            ],
            [
              30.38986380867428,
              41.17211867325201
            ]
          ]
        ]
      }
    },
    {
      "type": "Feature",
      "properties": {},
      "geometry": {
        "type": "Polygon",
        "coordinates": [
          [
            [
              30.59723950012613,
              40.14673199860482
            ],
            [
              30.54985299975747,
              40.1232294991814
            ],
            [
              30.521828501223148,
              40.0806194991218
            ],
            [
              30.492211498865437,
              40.03769149936297
            ],
            [
              30.448518999612276,
              40.0133609999211
            ],
            [
              30.398266001104034,
              40.013679499514346
            ],
            [
              30.374732000305322,
              39.96764149936134
            ],
            [
              30.324319499758225,
              39.941006999033185
            ],
            [
              30.295980050876796,
              39.89835789830851
            ],
            [
              30.275319001277598,
              39.850648999639816
            ],
            [
              30.219666498860178,
              39.84951699934837
            ],
            [
              30.16891342299146,
              39.856394060449425
            ],
            [
              30.117872500586003,
              39.845213998915526
            ],
            [
              30.067371500936776,
              39.8274369987779
            ],
            [
              30.030119000138285,
              39.79227899843986
            ],
            [
              30.00277400001603,
              39.74599599920396
            ],
            [
              29.98958150020503,
              39.695363498389085
            ],
            [
              29.95022199920778,
              39.66420299942867
            ],
            [
              29.914263500583274,
              39.70398549912637
            ],
            [
              29.860435999426112,
              39.72038349851395
            ],
            [
              29.809109000072368,
              39.70972099948624
            ],
            [
              29.759105500090506,
              39.71692749950521
            ],
            [
              29.745133998118106,
              39.76568099955658
            ],
            [
              29.722485499474843,
              39.8107574991096
            ],
            [
              29.704456001362935,
              39.8611694998161
            ],
            [
              29.74175150075715,
              39.895322498393895
            ],
            [
              29.758737999191997,
              39.942898998591325
            ],
            [
              29.751972500928137,
              39.99775599924135
            ],
            [
              29.746972499908097,
              40.048274498963686
            ],
            [
              29.7228529989794,
              40.095041999089325
            ],
            [
              29.71167600006897,
              40.14666349854213
            ],
            [
              29.75726699956403,
              40.1753419991222
            ],
            [
              29.788740000114025,
              40.21512399908532
            ],
            [
              29.82293349994369,
              40.25630349903859
            ],
            [
              29.833816499833777,
              40.307483499275314
            ],
            [
              29.8149919995193,
              40.355722498768635
            ],
            [
              29.854038499981147,
              40.40153449906773
            ],
            [
              29.895217999803474,
              40.43293349950397
            ],
            [
              29.864995500034542,
              40.47484849856142
            ],
            [
              29.915638999421393,
              40.555550499293176
            ],
            [
              29.987388923602293,
              40.51369221726761
            ],
            [
              29.997444523411836,
              40.460927317798706
            ],
            [
              30.029340287191555,
              40.421329874862906
            ],
            [
              30.066653999428716,
              40.45741049969757
            ],
            [
              30.106010935335544,
              40.42608346922945
            ],
            [
              30.10675730812276,
              40.37331856945651
            ],
            [
              30.1575728156896,
              40.34551004105374
            ],
            [
              30.212596527805793,
              40.34836219854085
            ],
            [
              30.266505275706127,
              40.36616997894895
            ],
            [
              30.31490007829444,
              40.38115706745565
            ],
            [
              30.365250577604545,
              40.37822483073308
            ],
            [
              30.421409422964164,
              40.393175210412124
            ],
            [
              30.47598015636381,
              40.373456424483365
            ],
            [
              30.479680999433924,
              40.3219494984341
            ],
            [
              30.522170000329503,
              40.295013499280934
            ],
            [
              30.574106249701043,
              40.26596149938996
            ],
            [
              30.60653749881531,
              40.22533449922953
            ],
            [
              30.59723950012613,
              40.14673199860482
            ]
          ]
        ]
      }
    },
    {
      "type": "Feature",
      "properties": {},
      "geometry": {
        "type": "Polygon",
        "coordinates": [
          [
            [
              36.04973449971503,
              37.02824799843064
            ],
            [
              36.08347699965891,
              37.0675089992593
            ],
            [
              36.08906699959558,
              37.11829949987738
            ],
            [
              36.08182836031211,
              37.16805960737644
            ],
            [
              36.0460254996776,
              37.207919499355306
            ],
            [
              35.99470300080549,
              37.21809749938976
            ],
            [
              35.945091500189015,
              37.203951498027244
            ],
            [
              35.89693650030574,
              37.22181599864339
            ],
            [
              35.91168650079358,
              37.26968849957435
            ],
            [
              35.89728150040998,
              37.31876799876233
            ],
            [
              35.913497501026356,
              37.371901499392365
            ],
            [
              35.92834600105219,
              37.422188998466176
            ],
            [
              35.93403850016231,
              37.47670299930471
            ],
            [
              35.93955899945523,
              37.528715498712145
            ],
            [
              35.98441200039664,
              37.56977299832916
            ],
            [
              36.023905499100486,
              37.60168799863995
            ],
            [
              36.048747500699285,
              37.64576499890976
            ],
            [
              36.0940840011039,
              37.673060998968104
            ],
            [
              36.13930400110361,
              37.69672199873681
            ],
            [
              36.19031356951674,
              37.70792646725858
            ],
            [
              36.222991999590135,
              37.66356849931977
            ],
            [
              36.27014800032369,
              37.64493499901469
            ],
            [
              36.25531600002946,
              37.59510449978687
            ],
            [
              36.24651450118949,
              37.54510049864534
            ],
            [
              36.25110550029695,
              37.495048499477754
            ],
            [
              36.25780750046067,
              37.44495049836333
            ],
            [
              36.26191649875924,
              37.39507899876793
            ],
            [
              36.28813650070916,
              37.34657399850719
            ],
            [
              36.3443624995329,
              37.35793099879625
            ],
            [
              36.39568100081751,
              37.352602998454394
            ],
            [
              36.44459155796307,
              37.36760840097276
            ],
            [
              36.47873649983363,
              37.40698499878879
            ],
            [
              36.52617000161533,
              37.42341899928878
            ],
            [
              36.5689014998607,
              37.396305998724245
            ],
            [
              36.59430800057831,
              37.35320749929763
            ],
            [
              36.64378749901024,
              37.33869199957469
            ],
            [
              36.63800250066783,
              37.288770499568855
            ],
            [
              36.67633350005385,
              37.24838849925845
            ],
            [
              36.70550799907946,
              37.20734949920319
            ],
            [
              36.62457600043448,
              37.15151449844815
            ],
            [
              36.605588500525705,
              37.10236049946481
            ],
            [
              36.572139000898716,
              37.06039299837139
            ],
            [
              36.53416399877452,
              37.02499099911757
            ],
            [
              36.492994999424376,
              36.99322699837518
            ],
            [
              36.47214449935682,
              36.94682349959671
            ],
            [
              36.41402253103169,
              36.92652060627458
            ],
            [
              36.36321904564299,
              36.9267194305927
            ],
            [
              36.311796499185895,
              36.94411349928354
            ],
            [
              36.273215000121574,
              36.9786269982217
            ],
            [
              36.226215500439864,
              36.99896999846698
            ],
            [
              36.14915650048911,
              36.9976209966408
            ],
            [
              36.097534476131514,
              37.000190993291284
            ],
            [
              36.04973449971503,
              37.02824799843064
            ]
          ]
        ]
      }
    },
    {
      "type": "Feature",
      "properties": {},
      "geometry": {
        "type": "Polygon",
        "coordinates": [
          [
            [
              26.688635159920565,
              37.79596586511808
            ],
            [
              26.73710008050455,
              37.81205240003156
            ],
            [
              26.796323630873527,
              37.80917229180724
            ],
            [
              26.850200231828413,
              37.80508685115523
            ],
            [
              26.893212343555543,
              37.778785191214155
            ],
            [
              26.941322104630856,
              37.764362217377005
            ],
            [
              26.986468656697266,
              37.78820919921109
            ],
            [
              27.027286916992413,
              37.758985666746
            ],
            [
              27.0303499470789,
              37.706856605114844
            ],
            [
              26.979919639991344,
              37.70598861801904
            ],
            [
              26.932373812043114,
              37.689338425137784
            ],
            [
              26.886732169658774,
              37.66760070431958
            ],
            [
              26.84623068681116,
              37.63690919002372
            ],
            [
              26.796110185426798,
              37.6419269310519
            ],
            [
              26.764635989436012,
              37.68116567611002
            ],
            [
              26.71928216326632,
              37.7102407910663
            ],
            [
              26.668460328215698,
              37.70661295751925
            ],
            [
              26.620826552053583,
              37.68675958573385
            ],
            [
              26.57804891198277,
              37.712852860061744
            ],
            [
              26.59507042922556,
              37.760447732573994
            ],
            [
              26.643971649559102,
              37.7732823455859
            ],
            [
              26.688635159920565,
              37.79596586511808
            ]
          ]
        ]
      }
    },
    {
      "type": "Feature",
      "properties": {},
      "geometry": {
        "type": "Polygon",
        "coordinates": [
          [
            [
              42.34158454186902,
              40.92107552662667
            ],
            [
              42.37581550098943,
              40.9627474992455
            ],
            [
              42.38117299960756,
              41.01741749882376
            ],
            [
              42.38206599902532,
              41.07218649847324
            ],
            [
              42.42820300100828,
              41.135785998970526
            ],
            [
              42.47344699981733,
              41.17458049919735
            ],
            [
              42.5142260014536,
              41.20861249905622
            ],
            [
              42.554012999399596,
              41.23976749842923
            ],
            [
              42.60104300071006,
              41.26953349791956
            ],
            [
              42.60144000026706,
              41.32231799981283
            ],
            [
              42.5542114987987,
              41.36557749903377
            ],
            [
              42.54546099904191,
              41.416145498087225
            ],
            [
              42.517193609696946,
              41.4583633845956
            ],
            [
              42.54947240259001,
              41.49791833424779
            ],
            [
              42.57698366555974,
              41.53974705346704
            ],
            [
              42.601130765026134,
              41.58476721332215
            ],
            [
              42.66035139050109,
              41.59299739997236
            ],
            [
              42.71277889843832,
              41.59556772201045
            ],
            [
              42.767637533619514,
              41.58524564732838
            ],
            [
              42.819584538328556,
              41.587653068718154
            ],
            [
              42.813293015411034,
              41.536245485909085
            ],
            [
              42.8246592090706,
              41.48497642030525
            ],
            [
              42.8776324722674,
              41.50291337658257
            ],
            [
              42.925737093890305,
              41.4727054002565
            ],
            [
              42.97065411132533,
              41.44178021433543
            ],
            [
              43.00468257931278,
              41.40379827696478
            ],
            [
              43.04676876904404,
              41.37537855030211
            ],
            [
              43.09753484268744,
              41.35591924035652
            ],
            [
              43.13579524833909,
              41.31929524569877
            ],
            [
              43.15269797348632,
              41.2637903859269
            ],
            [
              43.1995368256679,
              41.24396203620536
            ],
            [
              43.230714469568944,
              41.19199522015907
            ],
            [
              43.28074837700104,
              41.18623713677135
            ],
            [
              43.33145660243723,
              41.20122483319346
            ],
            [
              43.382019489759955,
              41.20111395012432
            ],
            [
              43.42853455955122,
              41.18271182520719
            ],
            [
              43.467693519670355,
              41.13841524021457
            ],
            [
              43.4480080414563,
              41.09165640593716
            ],
            [
              43.42443100043483,
              41.044611998708376
            ],
            [
              43.37778349970727,
              41.08317149943825
            ],
            [
              43.32568400026566,
              41.09294049883259
            ],
            [
              43.28260249938029,
              41.05004649858212
            ],
            [
              43.229142000346314,
              41.01785649889636
            ],
            [
              43.17202050005277,
              41.00570649921014
            ],
            [
              43.116950000571634,
              41.00460200017051
            ],
            [
              43.0717415013361,
              40.97241149956428
            ],
            [
              43.01637399955714,
              40.95343399913718
            ],
            [
              42.97814450042923,
              40.916002498806236
            ],
            [
              42.943984498989316,
              40.875983499552454
            ],
            [
              42.94692200011047,
              40.82020649824592
            ],
            [
              42.893879499315545,
              40.824464498875436
            ],
            [
              42.86008500051449,
              40.78481549976481
            ],
            [
              42.84988449992018,
              40.73248249825561
            ],
            [
              42.79719649997138,
              40.71190399903764
            ],
            [
              42.74796799911927,
              40.684673499474876
            ],
            [
              42.697941499532895,
              40.66578049930499
            ],
            [
              42.65199499906758,
              40.644048999529545
            ],
            [
              42.57081160719161,
              40.6598879008605
            ],
            [
              42.56105079644295,
              40.7111936353203
            ],
            [
              42.542503499715366,
              40.76272149883497
            ],
            [
              42.502410504028596,
              40.79539314115338
            ],
            [
              42.449931999869335,
              40.81233099939707
            ],
            [
              42.39708499982161,
              40.82552349873025
            ],
            [
              42.36099199982616,
              40.86078099843673
            ],
            [
              42.34158454186902,
              40.92107552662667
            ]
          ]
        ]
      }
    },
    {
      "type": "Feature",
      "properties": {},
      "geometry": {
        "type": "Polygon",
        "coordinates": [
          [
            [
              26.17115624354643,
              39.373136731505056
            ],
            [
              26.221196059034508,
              39.38197048753678
            ],
            [
              26.278742662458217,
              39.375977923110206
            ],
            [
              26.341190896011515,
              39.38489263455181
            ],
            [
              26.36684047544135,
              39.34177243738529
            ],
            [
              26.408680143438314,
              39.31342542653968
            ],
            [
              26.385474225454637,
              39.26755382646771
            ],
            [
              26.433348137276198,
              39.24646568268544
            ],
            [
              26.477439855261466,
              39.22189723986286
            ],
            [
              26.502748743062444,
              39.17788600382776
            ],
            [
              26.533500941995655,
              39.138177537173775
            ],
            [
              26.558354167019395,
              39.0944436444543
            ],
            [
              26.493925330812438,
              39.05783563895063
            ],
            [
              26.532365195164093,
              39.018672959905814
            ],
            [
              26.50837669334169,
              38.974523933655
            ],
            [
              26.458451444810944,
              38.96955498892052
            ],
            [
              26.40790917965127,
              38.96283666389276
            ],
            [
              26.35637973484444,
              38.97722227374571
            ],
            [
              26.30437913166134,
              38.991475705760415
            ],
            [
              26.257154212919936,
              39.01033182751168
            ],
            [
              26.197579803335614,
              39.01916748535135
            ],
            [
              26.14754113719429,
              39.02441198445898
            ],
            [
              26.115930961381714,
              39.06378365043627
            ],
            [
              26.093099834035883,
              39.10857882925144
            ],
            [
              26.041520080458195,
              39.09444103510667
            ],
            [
              25.978229255651893,
              39.10675257735954
            ],
            [
              25.933697002394695,
              39.13227397064266
            ],
            [
              25.886425287188754,
              39.1505768160884
            ],
            [
              25.843053610567104,
              39.175682856150004
            ],
            [
              25.847339205229744,
              39.225518725160626
            ],
            [
              25.872520271995715,
              39.26890298613603
            ],
            [
              25.918351514740838,
              39.28953489154226
            ],
            [
              25.968331313266834,
              39.285308634919325
            ],
            [
              26.01860687144904,
              39.28884358530757
            ],
            [
              26.068327205565613,
              39.295216311713986
            ],
            [
              26.120118395179166,
              39.305821332933014
            ],
            [
              26.16708825807632,
              39.32309722268431
            ],
            [
              26.17115624354643,
              39.373136731505056
            ]
          ],
          [
            [
              26.1305284424111,
              39.14329516708099
            ],
            [
              26.093099834035883,
              39.10857882925144
            ],
            [
              26.156384713539964,
              39.09480077191004
            ],
            [
              26.19627557910248,
              39.12710600668594
            ],
            [
              26.24743161861912,
              39.14524687118143
            ],
            [
              26.290411035254863,
              39.17094592935608
            ],
            [
              26.25355842436733,
              39.20526858998197
            ],
            [
              26.203499386711837,
              39.20656761998655
            ],
            [
              26.15809127293341,
              39.18538421853091
            ],
            [
              26.1305284424111,
              39.14329516708099
            ]
          ],
          [
            [
              26.493925330812438,
              39.05783563895063
            ],
            [
              26.484268901227317,
              39.119317882400914
            ],
            [
              26.450292209279404,
              39.08246255263095
            ],
            [
              26.493925330812438,
              39.05783563895063
            ]
          ]
        ]
      }
    },
    {
      "type": "Feature",
      "properties": {},
      "geometry": {
        "type": "Polygon",
        "coordinates": [
          [
            [
              35.0605745002397,
              38.99922549900222
            ],
            [
              35.05571449988321,
              38.94723249922513
            ],
            [
              35.013723499296376,
              38.91190549908241
            ],
            [
              34.98995799939957,
              38.867345498652604
            ],
            [
              34.981688000831014,
              38.81788749916661
            ],
            [
              35.01483415027544,
              38.7752841038999
            ],
            [
              35.06480232786346,
              38.76016388641247
            ],
            [
              35.09691705773779,
              38.710964182041636
            ],
            [
              35.08688313069551,
              38.65938768144795
            ],
            [
              35.09805596883856,
              38.604721344608095
            ],
            [
              35.108327500138174,
              38.54367399960908
            ],
            [
              35.06276449962045,
              38.52303299919606
            ],
            [
              35.023622499581265,
              38.49015999920695
            ],
            [
              34.99044399958617,
              38.44520799799558
            ],
            [
              34.93891749916816,
              38.43901599863597
            ],
            [
              34.89748199943704,
              38.403619999171205
            ],
            [
              34.9052020009529,
              38.353254998272455
            ],
            [
              34.84987500138306,
              38.35269749882674
            ],
            [
              34.80067999998006,
              38.33625249932388
            ],
            [
              34.74416850035557,
              38.3382034989438
            ],
            [
              34.69079249980095,
              38.33464999882456
            ],
            [
              34.64344400111307,
              38.31397749980125
            ],
            [
              34.58314649894617,
              38.31379199863785
            ],
            [
              34.52925949954523,
              38.32642749858913
            ],
            [
              34.47835449964961,
              38.369213499517
            ],
            [
              34.42609050081393,
              38.400225499479546
            ],
            [
              34.39483699877076,
              38.45056999917357
            ],
            [
              34.416343999782164,
              38.496644999338606
            ],
            [
              34.44687249961166,
              38.53732299889506
            ],
            [
              34.40410050032896,
              38.565354998169006
            ],
            [
              34.35875000060042,
              38.59258099936723
            ],
            [
              34.307680999782775,
              38.604341498975025
            ],
            [
              34.25798099988684,
              38.63132599904174
            ],
            [
              34.25677300003419,
              38.68964449923697
            ],
            [
              34.27054699972512,
              38.748446498928146
            ],
            [
              34.275541499443754,
              38.799676998700654
            ],
            [
              34.23246750068115,
              38.829877999535164
            ],
            [
              34.27691050046032,
              38.90023099973628
            ],
            [
              34.32387150054749,
              38.872924499618
            ],
            [
              34.373490999229354,
              38.863097499507575
            ],
            [
              34.401200499788594,
              38.90675599915082
            ],
            [
              34.42415750091116,
              38.95371699943501
            ],
            [
              34.463465999927955,
              38.98633999927842
            ],
            [
              34.505755500524515,
              39.01574099972893
            ],
            [
              34.54739999958272,
              39.04981399985398
            ],
            [
              34.59363650177492,
              39.0714819994357
            ],
            [
              34.5585429992331,
              39.11261699910729
            ],
            [
              34.605101499595925,
              39.14757599941357
            ],
            [
              34.61753650038105,
              39.19685249790694
            ],
            [
              34.650582500446426,
              39.23587949960672
            ],
            [
              34.69173349957029,
              39.26896599857509
            ],
            [
              34.654196998882874,
              39.30505249912053
            ],
            [
              34.603347000568135,
              39.31424449915337
            ],
            [
              34.591854998719285,
              39.368266999804
            ],
            [
              34.62094599953785,
              39.412018499064935
            ],
            [
              34.66884850062895,
              39.38926399888544
            ],
            [
              34.714520499791604,
              39.36292399862466
            ],
            [
              34.760031999388005,
              39.3414169988572
            ],
            [
              34.851295999809295,
              39.308712998878406
            ],
            [
              34.90325100099967,
              39.30178599943893
            ],
            [
              34.927738499709335,
              39.25635499914131
            ],
            [
              34.96970549889985,
              39.22155699843527
            ],
            [
              34.94199599874016,
              39.17322649879919
            ],
            [
              34.97808249912742,
              39.13552899901463
            ],
            [
              35.01175099921648,
              39.09780199843433
            ],
            [
              35.041144500460724,
              39.05513799881164
            ],
            [
              35.0605745002397,
              38.99922549900222
            ]
          ]
        ]
      }
    },
    {
      "type": "Feature",
      "properties": {},
      "geometry": {
        "type": "Polygon",
        "coordinates": [
          [
            [
              35.387576000107536,
              41.28480649960346
            ],
            [
              35.3590345003953,
              41.242902499002625
            ],
            [
              35.302478000545136,
              41.23731999932253
            ],
            [
              35.25161650113586,
              41.25026299892431
            ],
            [
              35.20184900026034,
              41.26393549874952
            ],
            [
              35.17596300054252,
              41.314431999452275
            ],
            [
              35.12509250043383,
              41.33851599864811
            ],
            [
              35.06981050069447,
              41.34446599899992
            ],
            [
              35.02019950016893,
              41.35508349854746
            ],
            [
              34.97677649886463,
              41.32906699890193
            ],
            [
              34.9369415003801,
              41.298063499181545
            ],
            [
              34.91225949984226,
              41.25396099997159
            ],
            [
              34.868364000626606,
              41.22390849846806
            ],
            [
              34.81629199978244,
              41.21910299915231
            ],
            [
              34.76414849892333,
              41.235814998386374
            ],
            [
              34.71580599918313,
              41.249872998722395
            ],
            [
              34.68532100003028,
              41.29251050000991
            ],
            [
              34.631888499694135,
              41.29082749957266
            ],
            [
              34.5798879999281,
              41.29226199996763
            ],
            [
              34.528696000571216,
              41.30630299856384
            ],
            [
              34.484413999188185,
              41.33025549867997
            ],
            [
              34.45208500053863,
              41.41714849961352
            ],
            [
              34.44727100116477,
              41.46781149895573
            ],
            [
              34.45261999971553,
              41.518703999583714
            ],
            [
              34.50496400014799,
              41.541780999422706
            ],
            [
              34.55632450096663,
              41.55209699849877
            ],
            [
              34.5702510000578,
              41.600754498249465
            ],
            [
              34.604637999124535,
              41.63920999890007
            ],
            [
              34.5963849999831,
              41.68993049891074
            ],
            [
              34.54686800082806,
              41.70196599918812
            ],
            [
              34.497934000112934,
              41.71536999848805
            ],
            [
              34.44403600140598,
              41.71954749857348
            ],
            [
              34.39390799976316,
              41.72586449871551
            ],
            [
              34.34174200029897,
              41.73340399881509
            ],
            [
              34.28702899978141,
              41.74196249928069
            ],
            [
              34.28442149985954,
              41.80962799881241
            ],
            [
              34.29513850015287,
              41.858571499239346
            ],
            [
              34.25708399913038,
              41.89788699882891
            ],
            [
              34.26982413120587,
              41.94664731129545
            ],
            [
              34.32292250733982,
              41.94221552636556
            ],
            [
              34.376783837915035,
              41.950129704945525
            ],
            [
              34.43303228021852,
              41.96563725193731
            ],
            [
              34.484733726078396,
              41.971427054344794
            ],
            [
              34.54659077299675,
              41.94937323786986
            ],
            [
              34.59915804988157,
              41.94802779721381
            ],
            [
              34.65283963692361,
              41.94189655874252
            ],
            [
              34.7043894342431,
              41.94347528570569
            ],
            [
              34.75461839538911,
              41.952261978908645
            ],
            [
              34.81895743750318,
              41.96331070930468
            ],
            [
              34.867783358743736,
              41.994318785160544
            ],
            [
              34.90906325348737,
              42.02628674494835
            ],
            [
              34.94427011578949,
              42.06775285486721
            ],
            [
              34.987521012762436,
              42.094431908250776
            ],
            [
              35.035100666682546,
              42.07357751794515
            ],
            [
              35.06877545872907,
              42.029894617638256
            ],
            [
              35.10669157812887,
              41.9815827147054
            ],
            [
              35.09070175532895,
              41.92071655612247
            ],
            [
              35.12585614053212,
              41.8780274864488
            ],
            [
              35.164951060592365,
              41.827975496355215
            ],
            [
              35.19537279672917,
              41.788045463883336
            ],
            [
              35.23413729428334,
              41.75139235762238
            ],
            [
              35.274648967456216,
              41.71712137879522
            ],
            [
              35.33082420094451,
              41.70070862736936
            ],
            [
              35.4128179575707,
              41.68263422584943
            ],
            [
              35.34713200030792,
              41.611573498689005
            ],
            [
              35.324991499129204,
              41.56520149925775
            ],
            [
              35.35399749980347,
              41.52370649866832
            ],
            [
              35.37570199993171,
              41.477892499464815
            ],
            [
              35.42368249944638,
              41.45889649966553
            ],
            [
              35.444610000665705,
              41.413368498399414
            ],
            [
              35.44674350136458,
              41.36243449924515
            ],
            [
              35.400795000570874,
              41.34249749932695
            ],
            [
              35.352728499698145,
              41.32450099928489
            ],
            [
              35.387576000107536,
              41.28480649960346
            ]
          ]
        ]
      }
    },
    {
      "type": "Feature",
      "properties": {},
      "geometry": {
        "type": "Polygon",
        "coordinates": [
          [
            [
              31.70323600083935,
              40.97006549856088
            ],
            [
              31.653673961274865,
              40.95595442494768
            ],
            [
              31.60690750003523,
              40.92361249855415
            ],
            [
              31.568923499966235,
              40.887424998949015
            ],
            [
              31.51733700091006,
              40.87228249976962
            ],
            [
              31.4786685003558,
              40.83789149913375
            ],
            [
              31.432385998604964,
              40.81299699890016
            ],
            [
              31.405096000099892,
              40.76688549959298
            ],
            [
              31.39303350088965,
              40.716068999568506
            ],
            [
              31.361722499649677,
              40.663627498999276
            ],
            [
              31.317150998061386,
              40.63898899917128
            ],
            [
              31.26436699894102,
              40.63368499869574
            ],
            [
              31.213710000340257,
              40.626045999036
            ],
            [
              31.169407000778808,
              40.64942599898362
            ],
            [
              31.119959500814957,
              40.6580664989886
            ],
            [
              31.064790500011572,
              40.663617498997176
            ],
            [
              31.015246999844567,
              40.65267699868082
            ],
            [
              30.96383149954336,
              40.637791498502736
            ],
            [
              30.93618999956706,
              40.69254649928764
            ],
            [
              30.895195498554727,
              40.72712385815175
            ],
            [
              30.861768251674462,
              40.76951824136165
            ],
            [
              30.870786589095975,
              40.820381702985024
            ],
            [
              30.877400000693502,
              40.87024599868486
            ],
            [
              30.82703353746603,
              40.85199310685347
            ],
            [
              30.826923098031674,
              40.91845603952742
            ],
            [
              30.878339500231835,
              40.92745349794083
            ],
            [
              30.91995900045025,
              40.955584999044724
            ],
            [
              30.96063614704001,
              40.985901085171626
            ],
            [
              30.990492613196412,
              41.02790597337043
            ],
            [
              31.014925400447517,
              41.07367495949081
            ],
            [
              31.069891284002907,
              41.07802704365591
            ],
            [
              31.123484847514998,
              41.09042228384459
            ],
            [
              31.189142030138928,
              41.094449879407804
            ],
            [
              31.279305602780994,
              41.111516325302176
            ],
            [
              31.328704047246543,
              41.13024297515717
            ],
            [
              31.357290499517124,
              41.0849224985817
            ],
            [
              31.40212500035434,
              41.06250549943495
            ],
            [
              31.454881500468723,
              41.04725149829541
            ],
            [
              31.4987045001544,
              41.021715999122335
            ],
            [
              31.558624500345434,
              41.0350314987734
            ],
            [
              31.62326349900397,
              41.03629599983827
            ],
            [
              31.679559500088207,
              41.03275649917362
            ],
            [
              31.70323600083935,
              40.97006549856088
            ]
          ]
        ]
      }
    },
    {
      "type": "Feature",
      "properties": {},
      "geometry": {
        "type": "Polygon",
        "coordinates": [
          [
            [
              33.969912499041456,
              39.03240849915987
            ],
            [
              33.99734600021859,
              38.984509998977835
            ],
            [
              34.043363500268185,
              38.951213498781634
            ],
            [
              34.06736799966527,
              38.89944399888272
            ],
            [
              34.10641650013587,
              38.86791749905761
            ],
            [
              34.14298999942227,
              38.83373599989282
            ],
            [
              34.18389149978648,
              38.80245849839446
            ],
            [
              34.23246750068115,
              38.829877999535164
            ],
            [
              34.275541499443754,
              38.799676998700654
            ],
            [
              34.27054699972512,
              38.748446498928146
            ],
            [
              34.25677300003419,
              38.68964449923697
            ],
            [
              34.25798099988684,
              38.63132599904174
            ],
            [
              34.307680999782775,
              38.604341498975025
            ],
            [
              34.35875000060042,
              38.59258099936723
            ],
            [
              34.40410050032896,
              38.565354998169006
            ],
            [
              34.44687249961166,
              38.53732299889506
            ],
            [
              34.416343999782164,
              38.496644999338606
            ],
            [
              34.39483699877076,
              38.45056999917357
            ],
            [
              34.42609050081393,
              38.400225499479546
            ],
            [
              34.47835449964961,
              38.369213499517
            ],
            [
              34.42771049948492,
              38.334510499617515
            ],
            [
              34.434957500506314,
              38.283782498858876
            ],
            [
              34.401324500546316,
              38.243924498959295
            ],
            [
              34.360538000880744,
              38.21149949863708
            ],
            [
              34.31250399940155,
              38.19542649871127
            ],
            [
              34.28565350097652,
              38.15315299897451
            ],
            [
              34.24951199989325,
              38.11608249899968
            ],
            [
              34.19822649983652,
              38.12778899979556
            ],
            [
              34.14656949962316,
              38.11617549971884
            ],
            [
              34.108291500067956,
              38.078082998335155
            ],
            [
              34.06850599919164,
              38.03843499947137
            ],
            [
              34.02324499920313,
              38.06912399846535
            ],
            [
              33.99116699971913,
              38.11414549937801
            ],
            [
              33.93939200050628,
              38.128777499387375
            ],
            [
              33.89190849940756,
              38.108001998932174
            ],
            [
              33.839711000158864,
              38.07296949904742
            ],
            [
              33.79342145185893,
              38.05084597895173
            ],
            [
              33.74418049993017,
              38.0746579990729
            ],
            [
              33.70436450028505,
              38.11194149922759
            ],
            [
              33.64564299856078,
              38.101916999134815
            ],
            [
              33.60005849954401,
              38.07711999950793
            ],
            [
              33.5705129998326,
              38.02636499915092
            ],
            [
              33.527144500370525,
              37.9853179988851
            ],
            [
              33.4663650001714,
              37.97065049987228
            ],
            [
              33.413288499952884,
              38.008742999918695
            ],
            [
              33.36200600072257,
              38.041348998304294
            ],
            [
              33.32159200051753,
              38.07078899885998
            ],
            [
              33.28529349977289,
              38.10687649877564
            ],
            [
              33.29352399888666,
              38.157525998980304
            ],
            [
              33.26953451453058,
              38.204585954659315
            ],
            [
              33.2507885000176,
              38.25333799881168
            ],
            [
              33.192752499185076,
              38.25280999891271
            ],
            [
              33.18589400075298,
              38.307469498945046
            ],
            [
              33.22398649946136,
              38.345561999077276
            ],
            [
              33.232691499946164,
              38.40725599918876
            ],
            [
              33.267357846837584,
              38.465157590256126
            ],
            [
              33.30655550088228,
              38.52529699858103
            ],
            [
              33.33310771176912,
              38.570804906558834
            ],
            [
              33.37009049932345,
              38.631012999401925
            ],
            [
              33.409709500613346,
              38.69688599921798
            ],
            [
              33.45416050001691,
              38.66873149865992
            ],
            [
              33.520727329199886,
              38.64833635741851
            ],
            [
              33.577545499994386,
              38.65336199909824
            ],
            [
              33.64158650004673,
              38.67257399928432
            ],
            [
              33.6895355004085,
              38.69405449812488
            ],
            [
              33.733961374100886,
              38.723353597536644
            ],
            [
              33.767479077904405,
              38.76417209694832
            ],
            [
              33.78032964489846,
              38.814697533614684
            ],
            [
              33.79046071303181,
              38.867048096769146
            ],
            [
              33.780766998828504,
              38.916584999285945
            ],
            [
              33.73719250010674,
              38.951013998338475
            ],
            [
              33.77677249923689,
              38.99196149923455
            ],
            [
              33.83003600114334,
              38.996939499310784
            ],
            [
              33.87500900012205,
              39.04182349844062
            ],
            [
              33.969912499041456,
              39.03240849915987
            ]
          ]
        ]
      }
    },
    {
      "type": "Feature",
      "properties": {},
      "geometry": {
        "type": "Polygon",
        "coordinates": [
          [
            [
              33.85022499939136,
              37.47767449954697
            ],
            [
              33.87449450084064,
              37.43314499865303
            ],
            [
              33.92524950140554,
              37.41668399826462
            ],
            [
              33.98085849992306,
              37.399695499084196
            ],
            [
              34.033723999437306,
              37.37669199962379
            ],
            [
              34.083845501136935,
              37.353477999230684
            ],
            [
              34.12457600012973,
              37.320871998850194
            ],
            [
              34.16910550091184,
              37.29639149891778
            ],
            [
              34.215125499306254,
              37.27225399923514
            ],
            [
              34.25406199986495,
              37.24020249886985
            ],
            [
              34.22639399958521,
              37.19697799874679
            ],
            [
              34.17446849882334,
              37.183246499111064
            ],
            [
              34.11775950000399,
              37.19043549868267
            ],
            [
              34.06823900146943,
              37.18348849867666
            ],
            [
              34.018892000757056,
              37.16846474845996
            ],
            [
              33.98996900082402,
              37.124038999418055
            ],
            [
              33.945947499979454,
              37.097060497892215
            ],
            [
              33.896271500623705,
              37.07541299898437
            ],
            [
              33.86347699994983,
              37.03591499943932
            ],
            [
              33.816709000135674,
              37.0128134984707
            ],
            [
              33.7617829979422,
              37.01071349908455
            ],
            [
              33.709845499197655,
              37.02581799907027
            ],
            [
              33.6599270009429,
              37.036803499159575
            ],
            [
              33.60815100083247,
              37.01580199906189
            ],
            [
              33.57357999919283,
              36.97751549919413
            ],
            [
              33.523257501020936,
              36.976626999175394
            ],
            [
              33.46478737287051,
              36.976464911218045
            ],
            [
              33.40548949991577,
              36.96168349961752
            ],
            [
              33.35387500117996,
              36.9590989997496
            ],
            [
              33.30880299981773,
              36.933332000097195
            ],
            [
              33.25759249985061,
              36.92501249902732
            ],
            [
              33.20727050001331,
              36.917661998501
            ],
            [
              33.17019499997217,
              36.88050599891963
            ],
            [
              33.13110050026811,
              36.84423849892462
            ],
            [
              33.087725000706335,
              36.869681999126335
            ],
            [
              33.037241499064336,
              36.86919749913538
            ],
            [
              32.98546550010061,
              36.856677498720046
            ],
            [
              32.94482600071826,
              36.82584199824962
            ],
            [
              32.96445400043688,
              36.77362199815629
            ],
            [
              32.97929650003122,
              36.72546049899104
            ],
            [
              33.02601199997391,
              36.699013999185304
            ],
            [
              33.068840500513716,
              36.67309499892549
            ],
            [
              33.0981770000757,
              36.63102099869949
            ],
            [
              33.10773946408445,
              36.576331037767126
            ],
            [
              33.05989750026568,
              36.56157849860594
            ],
            [
              33.03981500095247,
              36.51363149923856
            ],
            [
              33.049823000592546,
              36.459589499490725
            ],
            [
              33.00201500082438,
              36.43698424918419
            ],
            [
              32.95070399977038,
              36.44603799883623
            ],
            [
              32.90295284560211,
              36.46251843457996
            ],
            [
              32.853300499756436,
              36.478051999288844
            ],
            [
              32.80053247936611,
              36.48247083586282
            ],
            [
              32.74714550002604,
              36.48610049948618
            ],
            [
              32.694621500870895,
              36.495035499936876
            ],
            [
              32.63741800070719,
              36.50939549866606
            ],
            [
              32.581793000983524,
              36.483831499019914
            ],
            [
              32.53198650029494,
              36.49542249820351
            ],
            [
              32.48873349866983,
              36.525214499500024
            ],
            [
              32.44497650248075,
              36.55549474904108
            ],
            [
              32.407791499666324,
              36.58917149900293
            ],
            [
              32.42038750068447,
              36.64512049887402
            ],
            [
              32.42309750025272,
              36.69540099887043
            ],
            [
              32.459787999158124,
              36.74577249945448
            ],
            [
              32.515819001475855,
              36.74751349888165
            ],
            [
              32.569555000036246,
              36.74790949860238
            ],
            [
              32.623132498756505,
              36.75503199894
            ],
            [
              32.66479949933122,
              36.78674049879129
            ],
            [
              32.70415850106867,
              36.81997899954508
            ],
            [
              32.750587000329325,
              36.84234949833488
            ],
            [
              32.795854999804845,
              36.86450849825293
            ],
            [
              32.82128499935315,
              36.91209799912978
            ],
            [
              32.82255149881503,
              36.965068498155745
            ],
            [
              32.80130249858909,
              37.01173499891401
            ],
            [
              32.795842000157506,
              37.06301749928756
            ],
            [
              32.79315099935865,
              37.1164364997611
            ],
            [
              32.775661001183686,
              37.169222999485285
            ],
            [
              32.79014349869158,
              37.21947649971395
            ],
            [
              32.813618596771164,
              37.27002116180009
            ],
            [
              32.78347912747654,
              37.31302657947712
            ],
            [
              32.83177099999798,
              37.33438749920748
            ],
            [
              32.88463649838083,
              37.343171998754535
            ],
            [
              32.90188900012634,
              37.391367999247386
            ],
            [
              32.94755249950589,
              37.415980498726036
            ],
            [
              32.9826905002689,
              37.455708998081136
            ],
            [
              33.01585450042265,
              37.49747699918598
            ],
            [
              33.06820158834007,
              37.49120047147393
            ],
            [
              33.13065999855703,
              37.501416498926694
            ],
            [
              33.161893999410744,
              37.5429209988708
            ],
            [
              33.22225100047388,
              37.54418699825185
            ],
            [
              33.26713199986144,
              37.51632999991864
            ],
            [
              33.29935099980171,
              37.475387999169584
            ],
            [
              33.3684309999097,
              37.468494499775794
            ],
            [
              33.4401844992588,
              37.4810159983642
            ],
            [
              33.49350699844779,
              37.49550749966811
            ],
            [
              33.528258000068234,
              37.53602699860006
            ],
            [
              33.53951349913051,
              37.596665498952575
            ],
            [
              33.589576426139,
              37.61284700589399
            ],
            [
              33.64150699987332,
              37.60303199900465
            ],
            [
              33.69711599952344,
              37.585726499672255
            ],
            [
              33.743544500341386,
              37.55533699858583
            ],
            [
              33.79134499966258,
              37.53001199885575
            ],
            [
              33.85022499939136,
              37.47767449954697
            ]
          ]
        ]
      }
    },
    {
      "type": "Feature",
      "properties": {},
      "geometry": {
        "type": "Polygon",
        "coordinates": [
          [
            [
              25.915419065233856,
              38.589077767214626
            ],
            [
              25.966535670217777,
              38.594536782394215
            ],
            [
              26.02830970223983,
              38.596492477531406
            ],
            [
              26.075151193196934,
              38.57786307988879
            ],
            [
              26.110736475059042,
              38.542402092892004
            ],
            [
              26.153218273787825,
              38.498161192165426
            ],
            [
              26.148813084067644,
              38.44831553060915
            ],
            [
              26.134831965310124,
              38.39984698968269
            ],
            [
              26.143266730151762,
              38.34744339972716
            ],
            [
              26.13784920233548,
              38.29728997450871
            ],
            [
              26.10295383374393,
              38.25986267700688
            ],
            [
              26.090400837580454,
              38.20845080120207
            ],
            [
              26.04028531940571,
              38.19965371419651
            ],
            [
              26.019757890315525,
              38.15379477206287
            ],
            [
              25.97148697775966,
              38.16812175154086
            ],
            [
              25.928088730741372,
              38.19315778382707
            ],
            [
              25.888431557886005,
              38.22436609277
            ],
            [
              25.878075446637204,
              38.273334775685264
            ],
            [
              25.925986403507693,
              38.288779139125644
            ],
            [
              25.97212617858546,
              38.30814749221662
            ],
            [
              25.996026436384643,
              38.352217978779585
            ],
            [
              25.97023711819767,
              38.40130050909421
            ],
            [
              25.952147748367377,
              38.448086447726666
            ],
            [
              25.908366253545818,
              38.472330186903605
            ],
            [
              25.860048177027537,
              38.495603851413286
            ],
            [
              25.830944160225602,
              38.5408021536421
            ],
            [
              25.861068162482276,
              38.580843000965686
            ],
            [
              25.915419065233856,
              38.589077767214626
            ]
          ]
        ]
      }
    },
    {
      "type": "Feature",
      "properties": {},
      "geometry": {
        "type": "Polygon",
        "coordinates": [
          [
            [
              26.02462923599666,
              37.517095120573295
            ],
            [
              25.99494360626817,
              37.55738530784877
            ],
            [
              26.04774928180084,
              37.6134382761492
            ],
            [
              26.095983027496175,
              37.631329372046295
            ],
            [
              26.150667349505383,
              37.63813801119629
            ],
            [
              26.199516696042974,
              37.62736866712638
            ],
            [
              26.2466885851531,
              37.65216736713115
            ],
            [
              26.29284769924679,
              37.678541303203104
            ],
            [
              26.307545557021175,
              37.62283996139027
            ],
            [
              26.263978284553694,
              37.596261468211516
            ],
            [
              26.213241641825537,
              37.5678369751792
            ],
            [
              26.162179863060164,
              37.558883515284144
            ],
            [
              26.11194875562684,
              37.55479351961876
            ],
            [
              26.074827080962773,
              37.52102141093713
            ],
            [
              26.02462923599666,
              37.517095120573295
            ]
          ]
        ]
      }
    },
    {
      "type": "Feature",
      "properties": {},
      "geometry": {
        "type": "Polygon",
        "coordinates": [
          [
            [
              36.760089000791886,
              36.88051299857313
            ],
            [
              36.79304099970189,
              36.92297099903592
            ],
            [
              36.84156750011186,
              36.904488998567444
            ],
            [
              36.89145799989027,
              36.91711349874752
            ],
            [
              36.92099800090569,
              36.95811599838518
            ],
            [
              36.94180250016792,
              37.00364699919757
            ],
            [
              36.98932900007727,
              37.02074849939798
            ],
            [
              37.06634499928641,
              36.979033498716326
            ],
            [
              37.07795649978911,
              36.9280174991248
            ],
            [
              37.1257364996127,
              36.909648498000024
            ],
            [
              37.174848499651226,
              36.88651999963306
            ],
            [
              37.22700600078741,
              36.87804899896286
            ],
            [
              37.27754599900423,
              36.86434349936989
            ],
            [
              37.312095501639554,
              36.82636699903525
            ],
            [
              37.30752699952708,
              36.77516099923714
            ],
            [
              37.34597900022411,
              36.742514998538475
            ],
            [
              37.39556700034181,
              36.75212799879042
            ],
            [
              37.3976610012186,
              36.80466649872516
            ],
            [
              37.44829599914487,
              36.80942549968384
            ],
            [
              37.49407699826437,
              36.78325149932375
            ],
            [
              37.51815700170473,
              36.739183498484145
            ],
            [
              37.542192827711155,
              36.693841173897006
            ],
            [
              37.48924840693795,
              36.668032080876806
            ],
            [
              37.45285753395888,
              36.63290361272912
            ],
            [
              37.39374823566033,
              36.64843735490389
            ],
            [
              37.34391969395604,
              36.65767247406551
            ],
            [
              37.29390023473703,
              36.666413307640305
            ],
            [
              37.23873291295654,
              36.670761875205024
            ],
            [
              37.18804319626444,
              36.664343802696266
            ],
            [
              37.137501151180444,
              36.67321708079924
            ],
            [
              37.09580023863495,
              36.64402525797028
            ],
            [
              37.045336659640355,
              36.659386339576464
            ],
            [
              37.042851915750404,
              36.71110973768375
            ],
            [
              37.000240883948834,
              36.739824051616566
            ],
            [
              36.95812772059024,
              36.76930012691984
            ],
            [
              36.904914126270484,
              36.77841266276751
            ],
            [
              36.832406865136385,
              36.79200307176253
            ],
            [
              36.78094272079237,
              36.800974126383586
            ],
            [
              36.760089000791886,
              36.88051299857313
            ]
          ]
        ]
      }
    },
    {
      "type": "Feature",
      "properties": {},
      "geometry": {
        "type": "Polygon",
        "coordinates": [
          [
            [
              27.72189007451619,
              36.75931813647017
            ],
            [
              27.688240555633158,
              36.71967381981174
            ],
            [
              27.67325258072026,
              36.67193884963261
            ],
            [
              27.622820583968785,
              36.67404358261641
            ],
            [
              27.573526243637026,
              36.68449214174941
            ],
            [
              27.520809116510552,
              36.677626927122034
            ],
            [
              27.473503858207224,
              36.65404850676209
            ],
            [
              27.422704587188665,
              36.670451935536185
            ],
            [
              27.42430130791433,
              36.724472404912646
            ],
            [
              27.461482491115795,
              36.761028778537906
            ],
            [
              27.511104828142354,
              36.75105253066035
            ],
            [
              27.560551446334355,
              36.7633946653679
            ],
            [
              27.612305373899662,
              36.765842565389164
            ],
            [
              27.643785923730313,
              36.80513354141933
            ],
            [
              27.72189007451619,
              36.75931813647017
            ]
          ]
        ]
      }
    }
  ]
}